信号日期,信号产生日期,信号适用开始日期,信号适用结束日期,供给取数日期,银行需求取数日期,利差取数日期,非银情绪取数日期,未来一周地方债发行量,未来一周地方债发行量_1年内滚动分位数,未来一周地方债发行量/（国债发行量+地方债发行量）,未来一周地方债发行量/（国债发行量+地方债发行量）_1年内滚动分位数,地方债发行10年以上绝对发行量,地方债发行10年以上绝对发行量_1年内滚动分位数,过去一周是否有地方债“发飞”,银行过去一周净买入金额,银行过去一周净买入金额_3M滚动分位数,银行过去一周净买入金额_1Y滚动分位数,10年好地区一般债-10年国债活跃券利差,10年好地区一般债-10年国债活跃券利差_1年内滚动分位数,上述利差周度变化情况,10年好地区一般债-1年国股行NCD利差,10年好地区一般债-1年国股行NCD利差_1年内滚动分位数,基煜纯债基金周度净申购情况
2022-01-05,2022-01-04,2022-01-05,2022-01-05,2022-01-04,,,2022-01-04,0.0,7.671232876712329,,,0.0,23.56164383561644,未知,,,,,,,,,0.34414
2022-01-06,2022-01-05,2022-01-06,2022-01-06,2022-01-05,2022-01-05,2022-01-05,2022-01-05,0.0,7.9452054794520555,0.0,4.0,0.0,23.56164383561644,未知,,,,35.55000000000001,,,55.500000000000014,,0.7869809999999999
2022-01-07,2022-01-06,2022-01-07,2022-01-07,2022-01-06,2022-01-06,2022-01-06,2022-01-06,382.0099999999995,18.356164383561644,0.213174033627044,17.71428571428571,223.0600000000005,46.849315068493155,未知,,,,34.24,0.0,,55.29000000000002,0.0,0.961442
2022-01-10,2022-01-09,2022-01-10,2022-01-10,2022-01-09,2022-01-07,2022-01-07,2022-01-07,566.0099999999995,27.945205479452056,0.22859762278827597,20.857142857142858,278.2600000000004,52.32876712328767,未知,,,,34.69000000000002,50.0,,58.00000000000001,100.0,0.877903
2022-01-11,2022-01-10,2022-01-11,2022-01-11,2022-01-10,2022-01-10,2022-01-10,2022-01-10,566.0099999999995,28.21917808219178,0.22859762278827597,21.142857142857142,278.2600000000004,52.32876712328767,未知,,,,35.19000000000001,66.66666666666666,,56.25,66.66666666666666,0.924225
2022-01-12,2022-01-11,2022-01-12,2022-01-12,2022-01-11,2022-01-11,2022-01-11,2022-01-11,566.0099999999995,28.493150684931507,0.22859762278827597,21.428571428571427,278.2600000000004,52.32876712328767,未知,-3.4699999999999998,,,35.44999999999998,75.0,,54.51999999999999,0.0,0.894497
2022-01-13,2022-01-12,2022-01-13,2022-01-13,2022-01-12,2022-01-12,2022-01-12,2022-01-12,2064.289,72.6027397260274,0.5411988970945827,50.857142857142854,483.4800000000005,64.65753424657534,未知,0.3000000000000004,100.0,100.0,33.92999999999997,0.0,-1.62000000000004,53.49999999999997,0.0,0.529906
2022-01-14,2022-01-13,2022-01-14,2022-01-14,2022-01-13,2022-01-13,2022-01-13,2022-01-13,1898.063999999999,66.57534246575342,0.520293503622743,48.857142857142854,297.3550000000005,54.52054794520548,未知,9.24,100.0,100.0,35.44999999999998,83.33333333333334,1.2099999999999795,52.529999999999966,0.0,0.3621209999999999
2022-01-17,2022-01-16,2022-01-17,2022-01-17,2022-01-16,2022-01-14,2022-01-14,2022-01-14,1960.223999999999,70.95890410958904,0.5429646470689903,50.857142857142854,438.4650000000005,63.287671232876704,未知,-26.74,0.0,0.0,33.15000000000001,0.0,-1.5400000000000063,51.500000000000014,0.0,0.25939599999999996
2022-01-18,2022-01-17,2022-01-18,2022-01-18,2022-01-17,2022-01-17,2022-01-17,2022-01-17,3881.229,98.35616438356163,0.7016937827018188,75.42857142857143,1520.4548,94.52054794520548,未知,-39.949999999999996,0.0,0.0,31.400000000000006,0.0,-3.7900000000000063,54.0,37.5,0.22952699999999993
2022-01-19,2022-01-18,2022-01-19,2022-01-19,2022-01-18,2022-01-18,2022-01-18,2022-01-18,4953.148999999999,99.72602739726028,0.7501192234190078,76.28571428571429,2119.2048,98.63013698630137,未知,-37.33,20.0,20.0,32.840000000000025,11.11111111111111,-2.609999999999957,54.99000000000001,55.55555555555556,0.28331499999999993
2022-01-20,2022-01-19,2022-01-20,2022-01-20,2022-01-19,2022-01-19,2022-01-19,2022-01-19,3471.869999999999,95.8904109589041,0.6983026507129105,74.85714285714286,1930.984800000001,97.80821917808218,未知,-43.08,0.0,0.0,29.410000000000025,0.0,-4.519999999999946,59.54999999999999,100.0,0.4419179999999999
2022-01-21,2022-01-20,2022-01-21,2022-01-21,2022-01-20,2022-01-20,2022-01-20,2022-01-20,4140.8172,98.35616438356163,0.7340810831451866,75.71428571428571,2352.2194,99.45205479452055,未知,-38.36,28.57142857142857,28.57142857142857,30.83999999999998,9.090909090909092,-4.610000000000003,57.54999999999999,81.81818181818183,0.4384219999999999
2022-01-24,2022-01-23,2022-01-24,2022-01-24,2022-01-23,2022-01-21,2022-01-21,2022-01-21,4462.3372,99.45205479452055,0.8022414031281668,84.85714285714285,2580.809400000001,99.72602739726028,未知,-12.690000000000001,62.5,62.5,29.999999999999982,8.333333333333332,-3.1500000000000306,54.999999999999986,50.0,0.5286599999999999
2022-01-25,2022-01-24,2022-01-25,2022-01-25,2022-01-24,2022-01-24,2022-01-24,2022-01-24,2541.3322,79.17808219178082,0.6979127584129783,74.57142857142857,1498.8196,91.23287671232877,未知,7.089999999999998,88.88888888888889,88.88888888888889,32.33999999999999,30.76923076923077,0.9399999999999835,58.84999999999998,92.3076923076923,0.583618
2022-01-26,2022-01-25,2022-01-26,2022-01-26,2022-01-25,2022-01-25,2022-01-25,2022-01-25,1469.4122,54.52054794520548,0.5718865194148292,53.142857142857146,900.0696000000005,77.53424657534246,未知,13.659999999999998,100.0,100.0,29.459999999999997,7.142857142857142,-3.3800000000000274,56.750000000000036,71.42857142857143,0.5059149999999999
2022-01-27,2022-01-26,2022-01-27,2022-01-27,2022-01-26,2022-01-26,2022-01-26,2022-01-26,1452.4122,53.97260273972603,1.0,100.0,883.0696000000005,76.43835616438356,未知,23.93,100.0,100.0,31.38000000000001,26.666666666666668,1.9699999999999847,58.84,86.66666666666667,0.42016699999999996
2022-01-28,2022-01-27,2022-01-28,2022-01-28,2022-01-27,2022-01-27,2022-01-27,2022-01-27,567.6799999999995,28.767123287671232,1.0,100.0,424.9000000000005,58.35616438356165,未知,9.959999999999999,83.33333333333334,83.33333333333334,29.25,0.0,-1.5899999999999785,58.349999999999994,81.25,0.43383299999999997
2022-01-29,2022-01-28,2022-01-29,2022-01-29,2022-01-28,2022-01-28,2022-01-28,2022-01-28,0.0,8.21917808219178,,,0.0,17.534246575342465,未知,20.119999999999997,92.3076923076923,92.3076923076923,31.299999999999972,29.411764705882355,1.29999999999999,59.51,94.11764705882352,0.34727199999999997
2022-01-30,2022-01-29,2022-01-30,2022-01-30,2022-01-29,2022-01-29,2022-01-29,2022-01-28,0.0,8.493150684931507,,,0.0,17.534246575342465,未知,11.619999999999997,78.57142857142857,78.57142857142857,31.28000000000002,27.77777777777778,-1.0599999999999703,60.40999999999998,100.0,0.34727199999999997
2022-02-07,2022-02-06,2022-02-07,2022-02-07,2022-02-06,2022-01-29,2022-01-30,2022-01-28,738.2146999999995,33.97260273972603,0.2695970845529385,22.76657060518732,450.7801000000005,60.54794520547945,未知,11.619999999999997,78.57142857142857,78.57142857142857,31.28000000000002,31.57894736842105,1.8200000000000216,60.25,94.73684210526315,0.34727199999999997
2022-02-08,2022-02-07,2022-02-08,2022-02-08,2022-02-07,2022-02-07,2022-02-07,2022-02-07,738.2146999999995,33.97260273972603,0.2695970845529385,22.988505747126435,450.7801000000005,60.54794520547945,未知,8.889999999999999,60.0,60.0,29.04,0.0,-2.3400000000000105,56.099999999999994,45.0,0.20690399999999998
2022-02-09,2022-02-08,2022-02-09,2022-02-09,2022-02-08,2022-02-07,2022-02-08,2022-02-08,401.4584999999996,19.726027397260275,0.16717278270684227,9.455587392550143,231.0960000000005,39.726027397260275,未知,8.889999999999999,60.0,60.0,29.389999999999983,9.523809523809524,0.1399999999999828,56.659999999999975,52.38095238095239,0.22294599999999998
2022-02-10,2022-02-09,2022-02-10,2022-02-10,2022-02-09,2022-02-09,2022-02-09,2022-02-09,401.4584999999996,19.726027397260275,0.16717278270684227,9.714285714285714,231.0960000000005,39.726027397260275,未知,7.549999999999998,56.25,56.25,27.719999999999967,0.0,-3.5800000000000054,56.999999999999986,59.09090909090909,0.26732799999999995
2022-02-11,2022-02-10,2022-02-11,2022-02-11,2022-02-10,2022-02-10,2022-02-10,2022-02-10,0.0,7.9452054794520555,0.0,4.273504273504273,0.0,15.068493150684931,未知,12.61,82.35294117647058,82.35294117647058,29.139999999999986,8.695652173913043,-2.1400000000000325,58.919999999999995,82.6086956521739,0.821866
2022-02-14,2022-02-13,2022-02-14,2022-02-14,2022-02-13,2022-02-11,2022-02-11,2022-02-11,537.3734999999996,24.10958904109589,0.21178336575202636,18.413597733711047,331.5270000000004,53.15068493150685,未知,15.030000000000001,88.88888888888889,88.88888888888889,30.57000000000003,33.33333333333333,-0.7099999999999902,63.98000000000002,100.0,0.8884639999999999
2022-02-15,2022-02-14,2022-02-15,2022-02-15,2022-02-14,2022-02-14,2022-02-14,2022-02-14,1061.5773,42.465753424657535,0.34674195552730264,28.04532577903683,571.9050000000004,63.83561643835617,未知,21.34,94.73684210526315,94.73684210526315,28.549999999999986,4.0,-0.49000000000001265,63.22999999999999,96.0,0.9495109999999999
2022-02-16,2022-02-15,2022-02-16,2022-02-16,2022-02-15,2022-02-15,2022-02-15,2022-02-15,2051.8723,70.13698630136986,0.5064010284825607,46.742209631728045,1172.2445,84.38356164383562,未知,20.73,90.0,90.0,29.959999999999987,30.76923076923077,0.5700000000000038,62.639999999999986,92.3076923076923,0.8450380000000001
2022-02-17,2022-02-16,2022-02-17,2022-02-17,2022-02-16,2022-02-16,2022-02-16,2022-02-16,2219.9823,73.6986301369863,0.6491209910647779,65.15580736543909,1196.884500000001,84.65753424657534,未知,23.580000000000002,95.23809523809523,95.23809523809523,31.50999999999997,62.96296296296296,3.7900000000000027,63.93,96.29629629629629,0.801533
2022-02-18,2022-02-17,2022-02-18,2022-02-18,2022-02-17,2022-02-17,2022-02-17,2022-02-17,2737.642199999999,85.2054794520548,0.6952491010991293,74.5042492917847,1556.0546,93.15068493150685,未知,14.57,72.72727272727273,72.72727272727273,30.569999999999986,35.714285714285715,1.4299999999999997,62.06,85.71428571428571,0.254981
2022-02-21,2022-02-20,2022-02-21,2022-02-21,2022-02-20,2022-02-18,2022-02-18,2022-02-18,2558.1437,79.45205479452055,0.7617731486594808,78.18696883852692,1350.7526,88.21917808219179,未知,2.369999999999999,34.78260869565217,34.78260869565217,28.29999999999999,3.4482758620689653,-2.2700000000000387,60.04999999999998,75.86206896551724,0.311585
2022-02-22,2022-02-21,2022-02-22,2022-02-22,2022-02-21,2022-02-21,2022-02-21,2022-02-21,3271.1599,93.15068493150685,0.803495804721401,85.26912181303116,1767.8146,94.24657534246576,未知,-7.640000000000001,25.0,25.0,27.51999999999999,0.0,-1.0299999999999976,59.52000000000002,70.0,0.21347999999999998
2022-02-23,2022-02-22,2022-02-23,2022-02-23,2022-02-22,2022-02-22,2022-02-22,2022-02-22,2280.8649,73.6986301369863,0.7403326578844787,75.07082152974505,1167.4751,82.46575342465754,未知,-1.9800000000000004,32.0,32.0,30.699999999999996,45.16129032258064,0.7400000000000091,60.699999999999974,83.87096774193549,0.26531299999999997
2022-02-24,2022-02-23,2022-02-24,2022-02-24,2022-02-23,2022-02-23,2022-02-23,2022-02-23,2112.754899999999,69.31506849315069,0.9135230456111014,91.78470254957507,1142.8351,81.91780821917808,未知,2.129999999999999,38.46153846153847,38.46153846153847,33.309999999999995,78.125,1.8000000000000256,60.309999999999995,78.125,0.183154
2022-02-25,2022-02-24,2022-02-25,2022-02-25,2022-02-24,2022-02-24,2022-02-24,2022-02-24,1595.095,54.794520547945204,0.8885852837872081,90.08498583569406,783.6650000000004,71.78082191780823,未知,1.0699999999999994,37.03703703703704,37.03703703703704,33.44999999999998,78.78787878787878,2.8799999999999955,59.20000000000001,60.60606060606061,0.149219
2022-02-28,2022-02-27,2022-02-28,2022-02-28,2022-02-27,2022-02-25,2022-02-25,2022-02-25,1237.22,43.83561643835616,0.6734196231262444,67.98866855524079,657.4400000000004,65.75342465753424,未知,-6.820000000000001,25.0,25.0,34.920000000000016,88.23529411764706,6.620000000000026,59.42000000000003,61.76470588235294,-0.027697000000000013
2022-03-01,2022-02-28,2022-03-01,2022-03-01,2022-02-28,2022-02-28,2022-02-28,2022-02-28,0.0,4.657534246575342,0.0,1.41643059490085,0.0,10.41095890410959,未知,1.3899999999999988,41.37931034482759,41.37931034482759,35.49000000000002,97.14285714285714,7.970000000000034,59.99000000000003,71.42857142857143,0.04031199999999999
2022-03-02,2022-03-01,2022-03-02,2022-03-02,2022-03-01,2022-03-01,2022-03-01,2022-03-01,419.2268999999995,15.068493150684931,0.4113185199487955,31.444759206798867,180.1300000000005,28.21917808219178,未知,5.649999999999999,50.0,50.0,32.91999999999997,66.66666666666666,2.2199999999999775,59.66999999999998,69.44444444444444,0.06011899999999999
2022-03-03,2022-03-02,2022-03-03,2022-03-03,2022-03-02,2022-03-02,2022-03-02,2022-03-02,705.3157999999994,27.123287671232877,0.2550579575757673,17.847025495750707,274.1300000000005,40.273972602739725,未知,-2.210000000000001,29.03225806451613,29.03225806451613,34.14999999999999,78.37837837837837,0.8399999999999963,61.39999999999999,86.48648648648648,0.08144499999999999
2022-03-04,2022-03-03,2022-03-04,2022-03-04,2022-03-03,2022-03-03,2022-03-03,2022-03-03,1040.2799,38.35616438356164,0.3355438649265182,23.229461756373937,561.8241000000005,59.726027397260275,未知,11.229999999999999,68.75,68.75,33.00000000000001,65.78947368421053,-0.4499999999999744,59.00000000000003,52.63157894736842,-0.01992300000000001
2022-03-07,2022-03-06,2022-03-07,2022-03-07,2022-03-06,2022-03-04,2022-03-04,2022-03-04,1350.634799999999,48.49315068493151,0.3960068665223256,29.745042492917843,787.7490000000005,72.6027397260274,未知,17.78,84.84848484848484,84.84848484848484,32.920000000000016,64.1025641025641,-2.0,56.67,30.76923076923077,-0.05794700000000001
2022-03-08,2022-03-07,2022-03-08,2022-03-08,2022-03-07,2022-03-07,2022-03-07,2022-03-07,2096.835599999999,68.76712328767123,0.5044307261032884,43.626062322946176,989.8290000000004,78.08219178082192,未知,3.9000000000000004,47.05882352941176,47.05882352941176,34.23999999999996,80.0,-1.250000000000064,56.49999999999999,27.500000000000004,-0.14364000000000002
2022-03-09,2022-03-08,2022-03-09,2022-03-09,2022-03-08,2022-03-08,2022-03-08,2022-03-08,2239.023699999999,72.87671232876713,0.5208214367369034,45.04249291784703,1166.7729,82.1917808219178,未知,-8.61,17.142857142857142,17.142857142857142,32.630000000000024,56.09756097560976,-0.2899999999999494,56.39000000000003,26.82926829268293,-0.239796
2022-03-10,2022-03-09,2022-03-10,2022-03-10,2022-03-09,2022-03-09,2022-03-09,2022-03-09,2225.2469,72.87671232876713,0.5168685912066969,44.47592067988669,1230.2168,83.28767123287672,未知,-8.45,19.444444444444446,19.444444444444446,32.12000000000002,52.38095238095239,-2.0299999999999727,56.38000000000001,26.190476190476193,-0.26905300000000004
2022-03-11,2022-03-10,2022-03-11,2022-03-11,2022-03-10,2022-03-10,2022-03-10,2022-03-10,2380.857199999999,76.71232876712328,0.5337219043909316,47.02549575070821,1112.243,81.0958904109589,未知,-16.58,13.513513513513514,13.513513513513514,32.18000000000001,53.48837209302325,-0.8200000000000003,56.20000000000003,23.25581395348837,-0.277843
2022-03-14,2022-03-13,2022-03-14,2022-03-14,2022-03-13,2022-03-11,2022-03-11,2022-03-11,2070.5023,68.4931506849315,0.5241111491062792,45.892351274787536,886.3181000000005,72.87671232876713,未知,-12.549999999999999,18.421052631578945,18.421052631578945,36.92999999999999,100.0,4.009999999999977,54.95000000000001,11.363636363636363,-0.38269000000000003
2022-03-15,2022-03-14,2022-03-15,2022-03-15,2022-03-14,2022-03-11,2022-03-14,2022-03-14,1558.1788,52.87671232876713,0.453198885409915,35.41076487252124,739.1341000000004,66.57534246575342,未知,-12.549999999999999,18.421052631578945,18.421052631578945,34.54000000000001,82.22222222222221,0.300000000000054,54.31000000000004,8.88888888888889,-0.279751
2022-03-16,2022-03-15,2022-03-16,2022-03-16,2022-03-15,2022-03-15,2022-03-15,2022-03-15,1679.8838,57.26027397260274,0.47189287470562913,36.26062322946176,896.6902000000005,73.6986301369863,未知,-13.17,15.384615384615385,15.384615384615385,31.72999999999999,47.82608695652174,-0.9000000000000341,50.99999999999998,0.0,-0.7279439999999999
2022-03-17,2022-03-16,2022-03-17,2022-03-17,2022-03-16,2022-03-16,2022-03-16,2022-03-16,1407.5717,50.41095890410959,0.4307699506639744,33.42776203966006,739.2463000000005,66.3013698630137,未知,-17.57,12.5,12.5,34.18000000000001,76.59574468085107,2.059999999999988,52.70000000000002,6.382978723404255,-0.997628
2022-03-18,2022-03-17,2022-03-18,2022-03-18,2022-03-17,2022-03-17,2022-03-17,2022-03-17,954.8361999999995,33.6986301369863,0.339215546538729,23.229461756373937,605.6160000000004,57.534246575342465,未知,-25.51,12.195121951219512,12.195121951219512,38.09,100.0,5.909999999999997,55.85,27.083333333333332,-0.9181300000000001
2022-03-21,2022-03-20,2022-03-21,2022-03-21,2022-03-20,2022-03-18,2022-03-18,2022-03-18,1731.096199999999,57.534246575342465,0.4958603546931759,41.359773371104815,1080.576,79.72602739726027,未知,-22.37,14.285714285714285,14.285714285714285,36.140000000000015,95.91836734693877,-0.7899999999999778,56.410000000000025,38.775510204081634,-0.780485
2022-03-22,2022-03-21,2022-03-22,2022-03-22,2022-03-21,2022-03-21,2022-03-21,2022-03-21,1758.784699999999,58.35616438356165,0.49982731253776297,43.05949008498583,1147.573100000001,81.64383561643835,未知,-19.87,16.27906976744186,16.27906976744186,33.23999999999998,64.0,-1.3000000000000327,56.009999999999984,28.000000000000004,-0.7577440000000001
2022-03-23,2022-03-22,2022-03-23,2022-03-23,2022-03-22,2022-03-22,2022-03-22,2022-03-22,1302.4241,44.38356164383562,0.42529187907057,32.86118980169972,724.2931000000005,64.38356164383562,未知,-13.540000000000001,22.727272727272727,22.727272727272727,31.19999999999998,31.372549019607842,-0.5300000000000082,53.22,7.8431372549019605,-0.3591630000000001
2022-03-24,2022-03-23,2022-03-24,2022-03-24,2022-03-23,2022-03-23,2022-03-23,2022-03-23,1302.424099999999,44.109589041095894,0.8127836444796346,84.70254957507082,724.2931000000005,64.38356164383562,未知,1.4899999999999993,53.333333333333336,53.333333333333336,30.790000000000006,28.846153846153843,-3.3900000000000006,52.810000000000024,7.6923076923076925,-0.4175180000000001
2022-03-25,2022-03-24,2022-03-25,2022-03-25,2022-03-24,2022-03-24,2022-03-24,2022-03-24,1810.6952,58.63013698630137,0.8578667350927782,87.81869688385268,1089.193100000001,79.45205479452055,未知,-2.0600000000000005,43.47826086956522,43.47826086956522,33.88999999999997,69.81132075471697,-4.200000000000031,53.410000000000004,11.320754716981133,-0.5167360000000001
2022-03-28,2022-03-27,2022-03-28,2022-03-28,2022-03-27,2022-03-25,2022-03-25,2022-03-25,1034.435199999999,36.43835616438356,1.0,100.0,614.2331000000005,56.71232876712329,未知,-10.05,29.78723404255319,29.78723404255319,34.220000000000006,75.92592592592592,-1.9200000000000088,53.94000000000001,14.814814814814813,-0.4974780000000001
2022-03-29,2022-03-28,2022-03-29,2022-03-29,2022-03-28,2022-03-28,2022-03-28,2022-03-28,772.8693999999996,29.315068493150687,1.0,100.0,492.3400000000005,51.23287671232877,未知,-12.590000000000002,27.083333333333332,27.083333333333332,35.360000000000014,87.27272727272727,2.120000000000033,53.88999999999999,14.545454545454545,-0.5652020000000002
2022-03-30,2022-03-29,2022-03-30,2022-03-30,2022-03-29,2022-03-29,2022-03-29,2022-03-29,546.1099999999996,21.643835616438356,1.0,100.0,400.9900000000005,44.93150684931507,未知,-9.11,32.6530612244898,32.6530612244898,36.75999999999999,96.42857142857143,5.560000000000009,54.789999999999985,23.214285714285715,-0.5270840000000001
2022-03-31,2022-03-30,2022-03-31,2022-03-31,2022-03-30,2022-03-30,2022-03-30,2022-03-30,609.6999999999996,25.205479452054796,1.0,100.0,400.9900000000005,44.93150684931507,未知,-9.06,34.0,34.0,36.469999999999956,94.73684210526315,5.67999999999995,54.49999999999999,21.052631578947366,-0.1840550000000001
2022-04-01,2022-03-31,2022-04-01,2022-04-01,2022-03-31,2022-03-31,2022-03-31,2022-03-31,266.5541999999996,10.684931506849315,1.0,100.0,2.900000000000512,5.7534246575342465,未知,0.7999999999999994,52.94117647058824,52.94117647058824,34.16000000000001,68.96551724137932,0.27000000000003865,57.43999999999998,56.896551724137936,-0.09306700000000011
2022-04-02,2022-04-01,2022-04-02,2022-04-02,2022-04-01,2022-04-01,2022-04-01,2022-04-01,346.5441999999996,13.424657534246576,0.277937050996427,20.113314447592067,2.900000000000512,6.027397260273973,未知,8.82,71.15384615384616,71.15384615384616,34.56999999999999,77.96610169491525,0.3499999999999872,58.00000000000001,61.016949152542374,-0.07315600000000011
2022-04-06,2022-04-05,2022-04-06,2022-04-06,2022-04-05,2022-04-02,2022-04-02,2022-04-01,563.0487999999996,23.56164383561644,0.2867798121250789,22.096317280453256,52.98000000000051,10.95890410958904,未知,10.15,77.35849056603774,77.35849056603774,33.530000000000015,61.66666666666667,-1.8299999999999983,59.16999999999999,70.0,-0.07315600000000011
2022-04-07,2022-04-06,2022-04-07,2022-04-07,2022-04-06,2022-04-06,2022-04-06,2022-04-06,499.4587999999995,19.45205479452055,0.2629064279107427,19.263456090651555,52.98000000000051,11.232876712328768,未知,8.86,70.37037037037037,70.37037037037037,35.959999999999994,91.80327868852459,-0.7999999999999972,62.999999999999986,95.08196721311475,-0.013593000000000115
2022-04-08,2022-04-07,2022-04-08,2022-04-08,2022-04-07,2022-04-07,2022-04-07,2022-04-07,588.0045999999995,26.84931506849315,0.19865660535140192,11.3314447592068,108.8428000000005,15.616438356164384,未知,-4.37,40.0,40.0,35.06,80.64516129032258,-1.409999999999954,60.999999999999986,88.70967741935483,0.1513489999999999
2022-04-11,2022-04-10,2022-04-11,2022-04-11,2022-04-10,2022-04-08,2022-04-08,2022-04-08,508.0145999999995,20.82191780821918,0.2442830512922919,18.69688385269122,108.8428000000005,16.164383561643834,未知,-2.1500000000000004,44.642857142857146,44.642857142857146,33.11999999999999,52.38095238095239,-1.0400000000000205,61.40999999999997,90.47619047619048,0.12491499999999987
2022-04-12,2022-04-11,2022-04-12,2022-04-12,2022-04-11,2022-04-11,2022-04-11,2022-04-11,508.0145999999995,21.095890410958905,0.2442830512922919,18.980169971671387,108.8428000000005,16.43835616438356,未知,4.2,63.1578947368421,63.1578947368421,31.000000000000007,26.5625,-3.569999999999986,59.79999999999998,76.5625,-0.0034510000000001206
2022-04-13,2022-04-12,2022-04-13,2022-04-13,2022-04-12,2022-04-12,2022-04-12,2022-04-12,794.3630999999996,33.15068493150685,0.33574619147695034,26.345609065155806,58.76280000000051,13.424657534246576,未知,11.280000000000001,81.03448275862068,81.03448275862068,30.52999999999999,18.461538461538463,-3.000000000000025,57.58000000000001,53.84615384615385,-0.05905900000000011
2022-04-14,2022-04-13,2022-04-14,2022-04-14,2022-04-13,2022-04-13,2022-04-13,2022-04-13,794.3630999999996,33.42465753424658,0.20389389724969398,12.464589235127479,58.76280000000051,13.698630136986301,未知,16.87,89.83050847457628,89.83050847457628,31.02999999999998,28.78787878787879,-4.930000000000014,57.83999999999998,54.54545454545454,-0.04509500000000011
2022-04-15,2022-04-14,2022-04-15,2022-04-15,2022-04-14,2022-04-14,2022-04-14,2022-04-14,502.8530999999996,20.0,0.19099170401873136,9.34844192634561,0.0,5.7534246575342465,未知,23.069999999999997,96.66666666666667,96.66666666666667,30.319999999999993,17.91044776119403,-4.740000000000009,59.87999999999998,77.61194029850746,-0.09299000000000013
2022-04-18,2022-04-17,2022-04-18,2022-04-18,2022-04-17,2022-04-15,2022-04-15,2022-04-15,1044.2761,40.54794520547945,0.25913355003643895,21.246458923512748,21.40000000000051,8.767123287671232,未知,24.129999999999995,100.0,100.0,30.35000000000001,19.11764705882353,-2.769999999999982,60.13000000000002,80.88235294117648,-0.06383300000000011
2022-04-19,2022-04-18,2022-04-19,2022-04-19,2022-04-18,2022-04-18,2022-04-18,2022-04-18,1160.1928,42.73972602739726,0.2798482355413419,24.645892351274785,21.40000000000051,9.04109589041096,未知,13.889999999999999,82.25806451612904,82.25806451612904,27.400000000000002,0.0,-3.600000000000005,59.47,68.11594202898551,-0.14597100000000013
2022-04-20,2022-04-19,2022-04-20,2022-04-20,2022-04-19,2022-04-19,2022-04-19,2022-04-19,694.4034999999996,29.315068493150687,0.18869642379416196,9.34844192634561,57.48380000000051,14.520547945205479,未知,10.479999999999999,73.01587301587301,73.01587301587301,27.749999999999986,4.285714285714286,-2.7800000000000047,62.829999999999984,94.28571428571428,-0.18872400000000011
2022-04-21,2022-04-20,2022-04-21,2022-04-21,2022-04-20,2022-04-20,2022-04-20,2022-04-20,1360.762499999999,50.41095890410959,0.30115609015234684,26.912181303116146,490.9288000000005,52.87671232876713,未知,4.509999999999998,57.14285714285714,57.8125,27.949999999999964,5.633802816901409,-3.080000000000016,65.74999999999997,100.0,-0.19821600000000014
2022-04-22,2022-04-21,2022-04-22,2022-04-22,2022-04-21,2022-04-21,2022-04-21,2022-04-21,1387.662499999999,51.23287671232877,0.305291932161626,27.19546742209632,517.8288000000005,54.52054794520548,未知,4.919999999999998,57.14285714285714,58.46153846153847,29.39000000000003,15.277777777777779,-0.9299999999999642,67.98000000000002,100.0,-0.21153200000000014
2022-04-24,2022-04-23,2022-04-24,2022-04-24,2022-04-23,2022-04-22,2022-04-22,2022-04-22,943.2294999999996,36.43835616438356,0.3565640877629796,30.31161473087819,584.7388000000005,55.61643835616439,未知,1.049999999999999,44.44444444444444,45.45454545454545,27.269999999999996,0.0,-3.0800000000000125,70.35999999999999,100.0,-0.25982300000000014
2022-04-25,2022-04-24,2022-04-25,2022-04-25,2022-04-24,2022-04-24,2022-04-24,2022-04-22,943.2294999999996,36.71232876712329,0.3565640877629796,30.59490084985836,584.7388000000005,55.61643835616439,未知,-1.930000000000001,41.269841269841265,41.7910447761194,28.069999999999993,8.108108108108109,0.669999999999991,71.41999999999999,100.0,-0.25982300000000014
2022-04-26,2022-04-25,2022-04-26,2022-04-26,2022-04-25,2022-04-25,2022-04-25,2022-04-25,827.3127999999996,34.52054794520548,0.327077019614987,28.611898016997166,584.7388000000005,55.61643835616439,未知,-21.93,7.936507936507936,10.294117647058822,29.87000000000002,21.333333333333336,2.120000000000033,71.47000000000001,100.0,0.012132999999999894
2022-04-27,2022-04-26,2022-04-27,2022-04-27,2022-04-26,2022-04-26,2022-04-26,2022-04-26,790.2489999999996,33.6986301369863,0.3170699609083636,28.328611898016998,548.6550000000004,53.97260273972603,未知,-28.07,3.1746031746031744,5.797101449275362,27.13000000000001,0.0,-0.8199999999999541,70.73,97.36842105263158,0.0790189999999999
2022-04-28,2022-04-27,2022-04-28,2022-04-28,2022-04-27,2022-04-27,2022-04-27,2022-04-27,123.8899999999996,7.397260273972603,1.0,100.0,115.2100000000005,18.904109589041095,未知,-39.02,0.0,2.857142857142857,25.680000000000014,0.0,-3.710000000000015,71.79000000000002,100.0,0.1296759999999999
2022-04-29,2022-04-28,2022-04-29,2022-04-29,2022-04-28,2022-04-28,2022-04-28,2022-04-28,96.98999999999955,6.301369863013699,1.0,100.0,88.31000000000046,16.986301369863014,未知,-43.150000000000006,0.0,0.0,25.74000000000001,1.282051282051282,-1.529999999999987,70.10000000000001,93.58974358974359,0.1210009999999999
2022-05-05,2022-05-04,2022-05-05,2022-05-05,2022-05-04,2022-04-29,2022-04-29,2022-04-29,471.6127999999995,18.904109589041095,0.14987951488661055,7.042253521126761,68.62000000000046,16.43835616438356,未知,-41.28,1.5873015873015872,2.7777777777777777,26.50999999999999,2.5316455696202533,-1.5600000000000023,71.36999999999998,96.20253164556962,0.1311709999999999
2022-05-06,2022-05-05,2022-05-06,2022-05-06,2022-05-05,2022-05-05,2022-05-05,2022-05-05,3003.3748,89.31506849315069,0.5289145056081891,51.83098591549295,1362.5141,87.94520547945206,未知,-23.940000000000005,7.936507936507936,13.698630136986301,25.8,2.5,-4.070000000000018,69.61999999999998,91.25,0.026306999999999886
2022-05-07,2022-05-06,2022-05-07,2022-05-07,2022-05-06,2022-05-06,2022-05-06,2022-05-06,3028.1034,89.58904109589041,0.5787434410520047,57.183098591549296,1437.721500000001,88.4931506849315,未知,-17.860000000000003,14.285714285714285,18.91891891891892,25.619999999999976,0.0,-1.5100000000000335,69.85000000000001,91.35802469135803,0.04730799999999989
2022-05-09,2022-05-08,2022-05-09,2022-05-09,2022-05-08,2022-05-07,2022-05-07,2022-05-06,3028.1034,89.58904109589041,0.5787434410520047,57.74647887323944,1437.721500000001,88.4931506849315,未知,-6.1300000000000034,36.507936507936506,38.666666666666664,25.930000000000007,4.878048780487805,0.2499999999999929,71.55999999999997,98.78048780487805,0.04730799999999989
2022-05-10,2022-05-09,2022-05-10,2022-05-10,2022-05-09,2022-05-09,2022-05-09,2022-05-09,3649.44,94.79452054794521,0.6234586250371568,61.97183098591549,1452.7315,88.76712328767124,未知,-14.140000000000002,19.047619047619047,22.36842105263158,26.259999999999994,6.024096385542169,0.5199999999999854,70.79999999999997,93.97590361445783,0.006813999999999884
2022-05-11,2022-05-10,2022-05-11,2022-05-11,2022-05-10,2022-05-10,2022-05-10,2022-05-10,4030.775,96.98630136986301,0.646488502175264,66.19718309859155,1600.4351,93.15068493150685,未知,-27.560000000000002,6.349206349206349,10.38961038961039,25.349999999999984,0.0,-1.1600000000000072,70.73999999999998,92.85714285714286,0.019729999999999887
2022-05-12,2022-05-11,2022-05-12,2022-05-12,2022-05-11,2022-05-11,2022-05-11,2022-05-11,4591.376,99.45205479452055,0.7188879021277713,73.23943661971832,1806.9551,94.52054794520548,未知,-29.790000000000003,4.761904761904762,8.974358974358974,24.300000000000033,0.0,-1.499999999999968,72.70000000000003,100.0,0.010630999999999884
2022-05-13,2022-05-12,2022-05-13,2022-05-13,2022-05-12,2022-05-12,2022-05-12,2022-05-12,2364.5064,76.16438356164383,0.5684037506228504,56.901408450704224,513.0610000000004,51.23287671232877,未知,-26.150000000000002,9.523809523809524,13.924050632911392,26.619999999999997,10.465116279069768,1.0000000000000213,73.66999999999999,100.0,0.042431999999999886
2022-05-16,2022-05-15,2022-05-16,2022-05-16,2022-05-15,2022-05-13,2022-05-13,2022-05-13,3198.700499999999,90.41095890410958,0.6857394325623382,70.4225352112676,970.1458000000005,72.87671232876713,未知,-28.92,6.349206349206349,10.0,23.850000000000016,0.0,-2.079999999999991,75.25000000000004,100.0,0.10097999999999988
2022-05-17,2022-05-16,2022-05-17,2022-05-17,2022-05-16,2022-05-16,2022-05-16,2022-05-16,2901.5375,83.56164383561644,0.6643569598878057,68.16901408450704,1102.5818,78.63013698630137,未知,-18.92,20.634920634920633,22.22222222222222,24.07999999999997,1.1363636363636365,-2.1800000000000246,76.24,100.0,0.13179199999999988
2022-05-18,2022-05-17,2022-05-18,2022-05-18,2022-05-17,2022-05-17,2022-05-17,2022-05-17,3004.6811,86.84931506849315,0.5996552245162836,59.71830985915493,1143.556,79.17808219178082,未知,-15.650000000000004,26.984126984126984,26.82926829268293,23.280000000000012,0.0,-2.069999999999972,76.06000000000002,98.87640449438202,0.025259999999999894
2022-05-19,2022-05-18,2022-05-19,2022-05-19,2022-05-18,2022-05-18,2022-05-18,2022-05-18,3054.17,88.4931506849315,0.7643890608849297,77.46478873239437,1169.0207,80.27397260273973,未知,-19.790000000000003,20.634920634920633,21.686746987951807,27.269999999999996,16.666666666666664,2.9699999999999633,78.28,100.0,0.1041079999999999
2022-05-20,2022-05-19,2022-05-20,2022-05-20,2022-05-19,2022-05-19,2022-05-19,2022-05-19,3606.5976,93.97260273972603,0.7930078063365729,81.12676056338029,1621.400700000001,93.15068493150685,未知,-18.020000000000003,23.809523809523807,23.809523809523807,28.980000000000004,26.373626373626376,2.3600000000000065,81.22000000000003,100.0,0.10016399999999989
2022-05-23,2022-05-22,2022-05-23,2022-05-23,2022-05-22,2022-05-20,2022-05-20,2022-05-20,4094.7287,96.98630136986301,0.8461531689957118,85.91549295774648,1931.7656,96.7123287671233,未知,-24.050000000000004,14.285714285714285,16.470588235294116,26.839999999999975,14.130434782608695,2.9899999999999594,77.84,97.82608695652173,0.07370999999999989
2022-05-24,2022-05-23,2022-05-24,2022-05-24,2022-05-23,2022-05-23,2022-05-23,2022-05-23,4378.549,97.53424657534246,0.8546763850980146,87.04225352112675,2009.5096,96.98630136986301,未知,-45.09,0.0,0.0,28.259999999999998,24.731182795698924,4.180000000000028,78.01,97.84946236559139,0.12396499999999991
2022-05-25,2022-05-24,2022-05-25,2022-05-25,2022-05-24,2022-05-24,2022-05-24,2022-05-24,4569.6442,99.17808219178083,0.9571851471337443,92.95774647887323,2335.536900000001,98.35616438356163,未知,-32.43,6.349206349206349,9.195402298850574,28.160000000000007,24.46808510638298,4.8799999999999955,73.66000000000001,91.48936170212765,0.20992499999999992
2022-05-26,2022-05-25,2022-05-26,2022-05-26,2022-05-25,2022-05-25,2022-05-25,2022-05-25,4086.2543,95.61643835616438,0.9523615780464993,92.67605633802816,2151.2522,97.26027397260275,未知,-35.11,6.349206349206349,9.090909090909092,28.270000000000017,26.31578947368421,1.0000000000000213,71.02,84.21052631578947,0.2121289999999999
2022-05-27,2022-05-26,2022-05-27,2022-05-27,2022-05-26,2022-05-26,2022-05-26,2022-05-26,3228.934299999999,89.58904109589041,0.940466036179465,92.3943661971831,1698.8722,91.5068493150685,未知,-39.5,4.761904761904762,5.617977528089887,32.96000000000001,66.66666666666666,3.980000000000004,76.96000000000001,95.83333333333334,0.2429219999999999
2022-05-30,2022-05-29,2022-05-30,2022-05-30,2022-05-29,2022-05-27,2022-05-27,2022-05-27,1730.098,59.726027397260275,1.0,100.0,856.2151000000006,65.75342465753424,未知,-28.490000000000002,14.285714285714285,14.444444444444443,31.979999999999986,58.76288659793815,5.140000000000011,72.71999999999998,89.69072164948454,0.2243089999999999
2022-05-31,2022-05-30,2022-05-31,2022-05-31,2022-05-30,2022-05-30,2022-05-30,2022-05-30,1012.3893,40.0,1.0,100.0,631.0251000000005,56.16438356164384,未知,-3.670000000000004,61.904761904761905,50.54945054945055,29.67999999999997,36.734693877551024,1.4199999999999733,72.81,89.79591836734694,-0.12921700000000014
2022-06-01,2022-05-31,2022-06-01,2022-06-01,2022-05-31,2022-05-31,2022-05-31,2022-05-31,208.9546999999995,9.315068493150685,1.0,100.0,63.13200000000046,15.890410958904111,未知,0.17999999999999616,68.25396825396825,57.608695652173914,30.489999999999995,42.42424242424242,2.3299999999999876,74.75,91.91919191919192,-0.12904300000000013
2022-06-02,2022-06-01,2022-06-02,2022-06-02,2022-06-01,2022-06-01,2022-06-01,2022-06-01,356.6212999999996,15.068493150684931,0.2587172006120329,22.253521126760564,85.40200000000046,16.986301369863014,未知,10.109999999999996,85.71428571428571,79.56989247311827,29.499999999999993,36.0,1.2299999999999756,74.50999999999999,91.0,-0.1762060000000001
2022-06-06,2022-06-05,2022-06-06,2022-06-06,2022-06-05,2022-06-02,2022-06-02,2022-06-02,2654.306599999999,79.45205479452055,0.6508035563801707,66.47887323943662,780.9907000000005,63.013698630136986,未知,10.559999999999997,88.88888888888889,81.91489361702128,30.089999999999996,40.5940594059406,-2.8700000000000117,73.1,88.11881188118812,-0.20015300000000014
2022-06-07,2022-06-06,2022-06-07,2022-06-07,2022-06-06,2022-06-06,2022-06-06,2022-06-06,3546.4998,92.05479452054794,0.7134809871237846,70.98591549295776,1273.0821,81.0958904109589,未知,7.149999999999997,79.36507936507937,71.57894736842105,30.03,40.19607843137255,-1.949999999999985,67.79000000000002,70.58823529411765,-0.27353100000000014
2022-06-08,2022-06-07,2022-06-08,2022-06-08,2022-06-07,2022-06-07,2022-06-07,2022-06-07,4161.4523,96.7123287671233,0.621274343458218,59.71830985915493,1808.7076,92.87671232876711,未知,-8.260000000000003,57.14285714285714,43.75,32.609999999999985,64.07766990291263,2.930000000000014,67.36999999999998,69.90291262135922,-0.12170900000000011
2022-06-09,2022-06-08,2022-06-09,2022-06-09,2022-06-08,2022-06-08,2022-06-08,2022-06-08,6465.0789,100.0,0.8101522530059193,80.28169014084507,3094.6982,100.0,未知,-14.910000000000004,41.269841269841265,31.958762886597935,31.39000000000003,56.730769230769226,0.9000000000000341,71.0,78.84615384615384,-0.1279960000000001
2022-06-10,2022-06-09,2022-06-10,2022-06-10,2022-06-09,2022-06-09,2022-06-09,2022-06-09,6258.698699999999,99.72602739726028,0.8051120761858185,80.0,3387.7234,100.0,未知,-18.070000000000004,33.33333333333333,26.53061224489796,32.24,62.857142857142854,2.740000000000009,70.00000000000001,73.33333333333333,-0.14027400000000012
2022-06-13,2022-06-12,2022-06-13,2022-06-13,2022-06-12,2022-06-10,2022-06-10,2022-06-10,6167.358799999999,99.45205479452055,0.8029830850328232,79.43661971830987,3739.856400000001,100.0,未知,-21.810000000000002,28.57142857142857,23.232323232323232,32.689999999999976,66.0377358490566,2.59999999999998,70.44999999999999,75.47169811320755,-0.21304000000000012
2022-06-14,2022-06-13,2022-06-14,2022-06-14,2022-06-13,2022-06-13,2022-06-13,2022-06-13,6927.465899999999,100.0,0.8207250449280308,81.12676056338029,3616.395,99.17808219178083,未知,-29.11,12.698412698412698,12.0,31.840000000000003,58.87850467289719,1.8100000000000023,70.36000000000003,74.76635514018692,-0.1637690000000001
2022-06-15,2022-06-14,2022-06-15,2022-06-15,2022-06-14,2022-06-14,2022-06-14,2022-06-14,6826.163699999999,99.72602739726028,0.9445671649676325,90.98591549295774,3450.2675,98.9041095890411,未知,-15.990000000000004,42.857142857142854,32.67326732673268,31.46,56.481481481481474,-1.1499999999999844,70.48,75.92592592592592,-0.2099810000000001
2022-06-16,2022-06-15,2022-06-16,2022-06-16,2022-06-15,2022-06-15,2022-06-15,2022-06-15,4428.7341,96.16438356164385,0.7343363443483818,69.85915492957746,2094.3069,94.79452054794521,未知,-14.360000000000003,47.61904761904761,35.294117647058826,31.44,55.96330275229357,0.04999999999997229,72.71000000000001,86.23853211009175,-0.30999700000000013
2022-06-17,2022-06-16,2022-06-17,2022-06-17,2022-06-16,2022-06-16,2022-06-16,2022-06-16,4531.3766,96.98630136986301,0.7387820998273663,69.85915492957746,1852.6985,90.68493150684932,未知,-18.520000000000003,36.507936507936506,27.184466019417474,31.659999999999975,58.18181818181818,-0.5800000000000267,72.94,88.18181818181819,-0.4213960000000001
2022-06-20,2022-06-19,2022-06-20,2022-06-20,2022-06-19,2022-06-17,2022-06-17,2022-06-17,5178.158699999999,97.80821917808218,0.7111528099831146,68.73239436619718,2506.705900000001,96.98630136986301,未知,-14.760000000000005,47.61904761904761,35.57692307692308,31.590000000000007,57.65765765765766,-1.0999999999999694,77.61,96.3963963963964,-0.20792500000000014
2022-06-21,2022-06-20,2022-06-21,2022-06-21,2022-06-20,2022-06-20,2022-06-20,2022-06-20,5071.950599999999,96.98630136986301,0.7068772326534859,68.16901408450704,3267.1729,98.35616438356163,未知,-4.5800000000000045,61.904761904761905,51.42857142857142,31.30000000000002,51.78571428571429,-0.5399999999999849,76.33000000000001,94.64285714285714,-0.28352300000000014
2022-06-22,2022-06-21,2022-06-22,2022-06-22,2022-06-21,2022-06-21,2022-06-21,2022-06-21,5719.3492,98.08219178082192,0.7311362388107445,70.14084507042253,3662.345100000001,99.17808219178083,未知,-2.3300000000000045,65.07936507936508,54.71698113207547,30.14000000000001,38.05309734513274,-1.3199999999999896,74.67000000000002,90.2654867256637,-0.11063600000000011
2022-06-23,2022-06-22,2022-06-23,2022-06-23,2022-06-22,2022-06-22,2022-06-22,2022-06-22,6403.746999999999,99.17808219178083,0.8765835490086916,87.04225352112675,4335.4228,100.0,未知,-9.670000000000005,52.38095238095239,42.99065420560748,32.33999999999999,65.78947368421053,0.8999999999999879,79.06999999999998,99.12280701754386,-0.0857940000000001
2022-06-24,2022-06-23,2022-06-24,2022-06-24,2022-06-23,2022-06-23,2022-06-23,2022-06-23,6589.0317,99.45205479452055,0.879636319591043,87.32394366197182,4516.2721,100.0,未知,-3.330000000000004,63.49206349206349,54.629629629629626,32.28,64.34782608695652,0.6200000000000259,81.30999999999999,100.0,0.06023899999999989
2022-06-27,2022-06-26,2022-06-27,2022-06-27,2022-06-26,2022-06-24,2022-06-24,2022-06-24,5269.4936,96.98630136986301,0.9133372814556894,88.45070422535211,3382.8967,97.53424657534246,未知,-4.900000000000004,58.730158730158735,50.45871559633027,30.16000000000001,37.93103448275862,-1.4299999999999962,80.94000000000001,98.27586206896551,-0.09586300000000011
2022-06-28,2022-06-27,2022-06-28,2022-06-28,2022-06-27,2022-06-27,2022-06-27,2022-06-27,3723.4014,87.67123287671232,0.8816120106414697,87.04225352112675,2253.7997,93.42465753424658,未知,-6.450000000000004,57.14285714285714,49.09090909090909,26.6,10.256410256410255,-4.700000000000017,77.38999999999999,93.16239316239316,0.002273999999999894
2022-06-29,2022-06-28,2022-06-29,2022-06-29,2022-06-28,2022-06-28,2022-06-28,2022-06-28,2480.0978,71.5068493150685,0.8322202714286754,82.25352112676056,1473.6975,81.64383561643835,未知,-24.130000000000003,22.22222222222222,18.01801801801802,26.739999999999988,11.864406779661017,-3.4000000000000234,78.88000000000002,96.61016949152543,0.026087999999999893
2022-06-30,2022-06-29,2022-06-30,2022-06-30,2022-06-29,2022-06-29,2022-06-29,2022-06-29,2240.1138,68.4931506849315,0.46224952455718216,42.53521126760563,800.6198000000004,60.0,未知,-23.400000000000002,26.984126984126984,20.535714285714285,27.829999999999977,19.327731092436977,-4.510000000000012,80.26999999999998,97.47899159663865,0.06504899999999988
2022-07-01,2022-06-30,2022-07-01,2022-07-01,2022-06-30,2022-06-30,2022-06-30,2022-06-30,1392.1973,50.136986301369866,0.3482062528530044,32.11267605633803,220.0895000000004,26.301369863013697,未知,-30.620000000000005,11.11111111111111,9.734513274336283,27.510000000000012,16.666666666666664,-4.769999999999989,81.56000000000003,100.0,0.03829699999999989
2022-07-04,2022-07-03,2022-07-04,2022-07-04,2022-07-03,2022-07-01,2022-07-01,2022-07-01,1725.2153,55.342465753424655,0.3424394721468987,31.549295774647888,270.3895000000005,32.32876712328767,未知,-25.400000000000002,23.809523809523807,18.421052631578945,27.170000000000005,14.049586776859504,-2.9900000000000055,81.21999999999998,97.52066115702479,0.04534599999999989
2022-07-05,2022-07-04,2022-07-05,2022-07-05,2022-07-04,2022-07-04,2022-07-04,2022-07-04,1725.2153,55.342465753424655,0.3424394721468987,31.83098591549296,270.3895000000005,32.602739726027394,未知,-18.620000000000005,38.095238095238095,27.82608695652174,25.99999999999998,8.19672131147541,-0.6000000000000227,78.45,93.44262295081968,-0.013486000000000109
2022-07-06,2022-07-05,2022-07-06,2022-07-06,2022-07-05,2022-07-05,2022-07-05,2022-07-05,1908.312,60.0,0.36549915037256414,34.36619718309859,270.3895000000005,32.87671232876712,未知,4.529999999999996,80.95238095238095,73.27586206896551,26.659999999999997,12.195121951219512,-0.07999999999999119,76.49,87.8048780487805,0.0019749999999998935
2022-07-07,2022-07-06,2022-07-07,2022-07-07,2022-07-06,2022-07-06,2022-07-06,2022-07-06,1324.1068,46.849315068493155,0.5231748557473547,50.42253521126761,270.3895000000005,33.15068493150685,未知,10.409999999999995,88.88888888888889,83.76068376068376,25.180000000000025,3.225806451612903,-2.6499999999999524,77.74000000000001,90.32258064516128,0.005281999999999898
2022-07-08,2022-07-07,2022-07-08,2022-07-08,2022-07-07,2022-07-07,2022-07-07,2022-07-07,616.2988999999995,29.589041095890412,0.20683955145774796,15.774647887323944,50.30000000000045,11.232876712328768,未知,16.529999999999998,95.23809523809523,92.37288135593221,25.180000000000025,4.0,-2.3299999999999876,78.24,92.0,0.04132599999999989
2022-07-11,2022-07-10,2022-07-11,2022-07-11,2022-07-10,2022-07-08,2022-07-08,2022-07-08,569.4465999999995,28.21917808219178,0.19410217637746877,12.676056338028168,60.00000000000045,15.342465753424658,未知,7.969999999999996,84.12698412698413,76.47058823529412,24.900000000000013,3.1746031746031744,-2.2699999999999925,80.24,95.23809523809523,0.05663299999999989
2022-07-12,2022-07-11,2022-07-12,2022-07-12,2022-07-11,2022-07-11,2022-07-11,2022-07-11,1056.826599999999,41.369863013698634,0.30891186546560384,29.295774647887324,183.5000000000005,23.013698630136986,未知,0.379999999999996,73.01587301587301,62.5,25.660000000000018,7.086614173228346,-0.3399999999999608,79.32000000000001,94.48818897637796,0.1151259999999999
2022-07-13,2022-07-12,2022-07-13,2022-07-13,2022-07-12,2022-07-12,2022-07-12,2022-07-12,913.7298999999996,35.89041095890411,0.27874361365648287,26.197183098591548,223.5000000000005,27.397260273972602,未知,-8.520000000000003,57.14285714285714,45.45454545454545,26.750000000000007,16.40625,0.09000000000001052,80.42000000000003,96.09375,0.029975999999999888
2022-07-14,2022-07-13,2022-07-14,2022-07-14,2022-07-13,2022-07-12,2022-07-13,2022-07-13,1066.774699999999,41.64383561643836,0.20786016890656492,16.619718309859156,223.5000000000005,27.397260273972602,未知,-8.520000000000003,57.14285714285714,45.45454545454545,26.41,12.4031007751938,1.2299999999999756,81.58000000000003,100.0,0.1436429999999999
2022-07-15,2022-07-14,2022-07-15,2022-07-15,2022-07-14,2022-07-14,2022-07-14,2022-07-14,1287.2471,46.02739726027397,0.3067688213313589,29.014084507042252,223.5000000000005,27.397260273972602,未知,-7.520000000000003,60.317460317460316,48.36065573770492,26.499999999999968,13.076923076923078,1.3199999999999434,80.07,93.07692307692308,0.1257099999999999
2022-07-18,2022-07-17,2022-07-18,2022-07-18,2022-07-17,2022-07-15,2022-07-15,2022-07-15,941.6693999999995,35.89041095890411,0.23289225070556235,21.971830985915496,163.5000000000005,20.82191780821918,未知,-17.790000000000003,46.03174603174603,30.081300813008134,26.270000000000017,12.213740458015266,1.3700000000000045,85.34000000000002,100.0,0.1404689999999999
2022-07-19,2022-07-18,2022-07-19,2022-07-19,2022-07-18,2022-07-18,2022-07-18,2022-07-18,454.2893999999995,18.63013698630137,0.12775330545136024,6.478873239436619,40.00000000000045,10.684931506849315,未知,-15.860000000000005,49.2063492063492,33.064516129032256,26.180000000000003,11.363636363636363,0.5199999999999854,90.55,100.0,0.1077789999999999
2022-07-20,2022-07-19,2022-07-20,2022-07-20,2022-07-19,2022-07-19,2022-07-19,2022-07-19,511.3552999999995,22.465753424657535,0.1415298846934336,7.042253521126761,0.0,6.575342465753424,未知,-18.260000000000005,41.269841269841265,27.200000000000003,25.810000000000024,9.774436090225564,-0.9399999999999835,88.39999999999999,99.24812030075188,0.1669529999999999
2022-07-21,2022-07-20,2022-07-21,2022-07-21,2022-07-20,2022-07-20,2022-07-20,2022-07-20,571.4596999999994,27.945205479452056,0.289778093431958,29.577464788732392,148.9600000000004,20.82191780821918,未知,-25.450000000000003,23.809523809523807,16.666666666666664,26.719999999999988,18.65671641791045,0.30999999999998806,87.81999999999996,98.50746268656717,0.1637129999999999
2022-07-22,2022-07-21,2022-07-22,2022-07-22,2022-07-21,2022-07-21,2022-07-21,2022-07-21,553.0940999999996,25.205479452054796,0.28310168925626544,28.450704225352112,237.3025000000004,29.589041095890412,未知,-40.60000000000001,4.761904761904762,3.149606299212598,26.929999999999986,21.48148148148148,0.4300000000000175,88.77999999999999,99.25925925925925,0.11667199999999989
2022-07-25,2022-07-24,2022-07-25,2022-07-25,2022-07-24,2022-07-22,2022-07-22,2022-07-22,767.3440999999996,33.6986301369863,0.37905813542272726,38.309859154929576,237.3025000000004,30.41095890410959,未知,-44.580000000000005,1.5873015873015872,0.78125,24.39,2.941176470588235,-1.8800000000000168,87.59000000000002,97.05882352941177,0.09084999999999989
2022-07-26,2022-07-25,2022-07-26,2022-07-26,2022-07-25,2022-07-25,2022-07-25,2022-07-25,767.3440999999996,33.97260273972603,0.37905813542272726,38.59154929577465,237.3025000000004,30.684931506849317,未知,-54.410000000000004,0.0,0.0,24.27999999999999,2.18978102189781,-1.9000000000000128,86.68,96.35036496350365,0.12103499999999989
2022-07-27,2022-07-26,2022-07-27,2022-07-27,2022-07-26,2022-07-26,2022-07-26,2022-07-26,959.6531999999995,39.726027397260275,0.43292888576345584,44.225352112676056,237.3025000000004,30.958904109589042,未知,-47.25000000000001,1.5873015873015872,0.7692307692307693,24.719999999999985,4.3478260869565215,-1.090000000000039,89.71999999999997,99.27536231884058,0.2009029999999999
2022-07-28,2022-07-27,2022-07-28,2022-07-28,2022-07-27,2022-07-27,2022-07-27,2022-07-27,705.7317999999996,30.958904109589042,0.19498952817754903,13.521126760563378,88.34250000000046,18.904109589041095,未知,-44.03000000000001,6.349206349206349,3.0534351145038165,24.570000000000025,4.316546762589928,-2.149999999999963,90.58000000000001,100.0,0.1341669999999999
2022-07-29,2022-07-28,2022-07-29,2022-07-29,2022-07-28,2022-07-28,2022-07-28,2022-07-28,1024.5616,41.0958904109589,0.2601624067432884,25.352112676056336,45.99120000000045,11.232876712328768,未知,-24.770000000000003,34.92063492063492,21.21212121212121,23.219999999999974,0.0,-3.7100000000000115,89.21999999999998,97.85714285714285,0.1834579999999999
2022-08-01,2022-07-31,2022-08-01,2022-08-01,2022-07-31,2022-07-29,2022-07-29,2022-07-29,1251.3116,49.31506849315068,0.3002250815492342,31.26760563380282,47.72420000000045,12.054794520547945,未知,-13.710000000000004,68.25396825396825,41.35338345864661,24.960000000000004,7.092198581560284,0.5700000000000038,96.05999999999999,100.0,0.2343319999999999
2022-08-02,2022-08-01,2022-08-02,2022-08-02,2022-08-01,2022-08-01,2022-08-01,2022-08-01,1330.7026,50.95890410958904,0.3133053434902423,33.52112676056338,47.72420000000045,12.32876712328767,未知,-6.430000000000003,76.19047619047619,54.47761194029851,25.159999999999982,7.746478873239436,0.8799999999999919,102.08,100.0,0.22700799999999988
2022-08-03,2022-08-02,2022-08-03,2022-08-03,2022-08-02,2022-08-02,2022-08-02,2022-08-02,1153.153,46.02739726027397,0.2833471711919616,29.295774647887324,47.72420000000045,12.602739726027398,未知,-12.970000000000002,66.66666666666666,42.96296296296296,25.120000000000033,7.6923076923076925,0.4000000000000483,104.26000000000002,100.0,0.1462409999999999
2022-08-04,2022-08-03,2022-08-04,2022-08-04,2022-08-03,2022-08-03,2022-08-03,2022-08-03,1153.153,46.3013698630137,0.2555093966457595,23.943661971830984,47.72420000000045,12.876712328767123,未知,-2.3300000000000027,85.71428571428571,61.029411764705884,25.55999999999998,11.11111111111111,0.9899999999999558,103.73999999999998,99.30555555555556,0.1177689999999999
2022-08-05,2022-08-04,2022-08-05,2022-08-05,2022-08-04,2022-08-04,2022-08-04,2022-08-04,684.1997999999996,30.41095890410959,0.16918051378173735,9.014084507042254,1.733000000000455,6.8493150684931505,未知,-14.200000000000003,60.317460317460316,39.416058394160586,24.470000000000034,4.827586206896552,1.2500000000000604,106.39000000000003,100.0,0.10036599999999989
2022-08-08,2022-08-07,2022-08-08,2022-08-08,2022-08-07,2022-08-05,2022-08-05,2022-08-05,243.1997999999996,10.95890410958904,0.06759305545264331,2.8169014084507045,0.0,7.397260273972603,未知,-10.480000000000002,65.07936507936508,45.65217391304348,24.05999999999997,2.054794520547945,-0.9000000000000341,105.45,99.31506849315068,0.10873499999999989
2022-08-09,2022-08-08,2022-08-09,2022-08-09,2022-08-08,2022-08-08,2022-08-08,2022-08-08,258.0187999999995,12.054794520547945,0.07141758673310696,3.0985915492957745,0.0,7.671232876712329,未知,1.139999999999997,88.88888888888889,69.7841726618705,23.470000000000013,1.3605442176870748,-1.6899999999999693,103.56,97.27891156462584,0.13947999999999988
2022-08-10,2022-08-09,2022-08-10,2022-08-10,2022-08-09,2022-08-09,2022-08-09,2022-08-09,409.1026999999995,16.986301369863014,0.10869109342279208,5.633802816901409,7.310000000000454,9.58904109589041,未知,14.019999999999996,98.4126984126984,91.42857142857143,24.55999999999996,6.756756756756757,-0.5600000000000733,99.55999999999999,95.94594594594594,0.1577739999999999
2022-08-11,2022-08-10,2022-08-11,2022-08-11,2022-08-10,2022-08-10,2022-08-10,2022-08-10,526.0168999999995,23.835616438356162,0.29537955305792474,30.985915492957744,7.310000000000454,9.863013698630137,未知,5.649999999999997,88.88888888888889,75.88652482269504,25.249999999999993,12.751677852348994,-0.30999999999998806,99.91000000000001,95.9731543624161,0.06168499999999989
2022-08-12,2022-08-11,2022-08-12,2022-08-12,2022-08-11,2022-08-11,2022-08-11,2022-08-11,704.8284999999995,31.506849315068493,0.3596745505589447,38.309859154929576,119.1400000000005,24.65753424657534,未知,11.449999999999998,96.82539682539682,88.02816901408451,25.47999999999999,14.000000000000002,1.0099999999999554,96.64999999999999,94.66666666666667,0.012684999999999887
2022-08-15,2022-08-14,2022-08-15,2022-08-15,2022-08-14,2022-08-12,2022-08-12,2022-08-12,1205.726,47.671232876712324,0.6308652142656069,62.53521126760564,217.5000000000005,30.684931506849317,未知,10.319999999999999,92.06349206349206,83.91608391608392,25.019999999999996,9.933774834437086,0.9600000000000257,96.49000000000001,94.03973509933775,-0.008884000000000107
2022-08-16,2022-08-15,2022-08-16,2022-08-16,2022-08-15,2022-08-15,2022-08-15,2022-08-15,1483.6461,55.89041095890411,0.6777282247173904,67.88732394366197,233.5000000000005,33.42465753424658,未知,-5.990000000000003,68.25396825396825,54.166666666666664,30.36000000000003,53.94736842105263,6.890000000000018,105.68000000000002,99.3421052631579,-0.0714460000000001
2022-08-17,2022-08-16,2022-08-17,2022-08-17,2022-08-16,2022-08-16,2022-08-16,2022-08-16,1290.0087,51.50684931506849,0.6464560640602564,64.50704225352113,226.1900000000005,32.87671232876712,未知,-34.75,12.698412698412698,10.344827586206897,28.56000000000001,41.17647058823529,4.00000000000005,102.51999999999998,96.07843137254902,0.05091399999999989
2022-08-18,2022-08-17,2022-08-18,2022-08-18,2022-08-17,2022-08-16,2022-08-17,2022-08-17,1173.0945,47.12328767123288,0.3275981741433598,35.2112676056338,226.1900000000005,33.15068493150685,未知,-34.75,12.698412698412698,10.344827586206897,30.589999999999982,57.14285714285714,5.339999999999989,99.83,94.15584415584416,0.3190989999999999
2022-08-19,2022-08-18,2022-08-19,2022-08-19,2022-08-18,2022-08-18,2022-08-18,2022-08-18,1623.7205,58.082191780821915,0.4027563545813544,44.225352112676056,127.5600000000005,24.93150684931507,未知,-46.79,3.1746031746031744,1.36986301369863,32.49999999999997,74.83870967741936,7.019999999999982,99.49999999999999,92.90322580645162,0.5555859999999999
2022-08-22,2022-08-21,2022-08-22,2022-08-22,2022-08-21,2022-08-19,2022-08-19,2022-08-19,1122.823,46.849315068493155,0.2973874775103339,31.83098591549296,29.20000000000045,13.424657534246576,未知,-49.11,1.5873015873015872,0.6802721088435374,31.26000000000002,60.89743589743589,6.240000000000023,99.01000000000002,92.3076923076923,0.5818239999999999
2022-08-23,2022-08-22,2022-08-23,2022-08-23,2022-08-22,2022-08-22,2022-08-22,2022-08-22,751.6928999999996,33.6986301369863,0.22079438027319698,20.56338028169014,13.20000000000045,10.684931506849315,未知,-50.81,1.5873015873015872,0.6756756756756757,30.95000000000003,58.59872611464968,0.5899999999999999,97.20000000000002,91.71974522292994,0.646801
2022-08-24,2022-08-23,2022-08-24,2022-08-24,2022-08-23,2022-08-23,2022-08-23,2022-08-23,767.7809999999996,35.61643835616438,0.22445923660337214,20.845070422535212,33.20000000000046,13.972602739726028,未知,-40.7,12.698412698412698,7.38255033557047,30.149999999999988,50.63291139240506,1.5899999999999785,96.89999999999999,91.13924050632912,0.5411489999999999
2022-08-25,2022-08-24,2022-08-25,2022-08-25,2022-08-24,2022-08-24,2022-08-24,2022-08-24,767.7809999999996,35.89041095890411,0.3108952490321229,35.2112676056338,33.20000000000046,14.246575342465754,未知,-28.79,23.809523809523807,16.666666666666664,29.610000000000003,45.911949685534594,-0.9799999999999791,94.10999999999999,88.67924528301887,0.39967399999999986
2022-08-26,2022-08-25,2022-08-26,2022-08-26,2022-08-25,2022-08-25,2022-08-25,2022-08-25,362.7844999999995,15.616438356164384,0.17571792290409968,11.267605633802818,241.4252000000004,37.80821917808219,未知,-15.84,46.03174603174603,37.086092715231786,28.330000000000013,38.75,-4.169999999999959,93.72999999999998,88.125,0.1724149999999999
2022-08-29,2022-08-28,2022-08-29,2022-08-29,2022-08-28,2022-08-26,2022-08-26,2022-08-26,431.0006999999995,18.63013698630137,0.24141630594778746,24.507042253521128,241.4252000000004,38.63013698630137,未知,-10.46,57.14285714285714,46.71052631578947,27.920000000000034,34.78260869565217,-3.3399999999999856,93.22000000000001,87.5776397515528,0.11409099999999989
2022-08-30,2022-08-29,2022-08-30,2022-08-30,2022-08-29,2022-08-29,2022-08-29,2022-08-29,581.2713999999995,30.684931506849317,0.30030997564853407,34.08450704225352,241.4252000000004,38.9041095890411,未知,-5.02,68.25396825396825,56.86274509803921,29.749999999999986,47.53086419753087,-1.2000000000000455,95.0,88.88888888888889,0.0683489999999999
2022-08-31,2022-08-30,2022-08-31,2022-08-31,2022-08-30,2022-08-30,2022-08-30,2022-08-30,518.1182999999995,23.835616438356162,0.27671076489692453,28.450704225352112,221.4252000000004,33.6986301369863,未知,-7.949999999999999,60.317460317460316,51.94805194805194,30.45,54.601226993865026,0.30000000000001137,97.75,92.02453987730061,-0.01882800000000011
2022-09-01,2022-08-31,2022-09-01,2022-09-01,2022-08-31,2022-08-31,2022-08-31,2022-08-31,614.8749999999995,31.232876712328768,0.17916068735931912,11.830985915492958,221.4252000000004,33.97260273972603,未知,-2.48,74.60317460317461,61.29032258064516,30.459999999999976,54.87804878048781,0.849999999999973,98.70999999999998,92.07317073170732,-0.01035700000000011
2022-09-02,2022-09-01,2022-09-02,2022-09-02,2022-09-01,2022-09-01,2022-09-01,2022-09-01,442.0733999999996,20.0,0.13563973000025079,7.323943661971831,0.0,7.9452054794520555,未知,1.73,82.53968253968253,71.7948717948718,30.440000000000023,53.939393939393945,2.11000000000001,96.69000000000001,89.6969696969697,-0.029807000000000104
2022-09-05,2022-09-04,2022-09-05,2022-09-05,2022-09-04,2022-09-02,2022-09-02,2022-09-02,569.4271999999995,29.315068493150687,0.15650366729888104,9.295774647887324,0.0,8.767123287671232,未知,1.65,82.53968253968253,71.3375796178344,28.47000000000004,38.55421686746988,0.5500000000000078,96.23000000000002,87.95180722891565,0.0038589999999998972
2022-09-06,2022-09-05,2022-09-06,2022-09-06,2022-09-05,2022-09-05,2022-09-05,2022-09-05,418.1564999999995,17.534246575342465,0.11991331619329368,7.042253521126761,0.0,9.04109589041096,未知,-7.53,61.904761904761905,51.89873417721519,28.500000000000014,38.92215568862276,-1.2499999999999716,96.8,89.82035928143712,-0.0811180000000001
2022-09-07,2022-09-06,2022-09-07,2022-09-07,2022-09-06,2022-09-06,2022-09-06,2022-09-06,568.7965999999996,29.041095890410958,0.15635745000146498,9.014084507042254,0.0,9.315068493150685,未知,-5.76,69.84126984126983,55.9748427672956,28.000000000000025,34.523809523809526,-2.4499999999999744,96.40000000000002,87.5,0.015498999999999916
2022-09-08,2022-09-07,2022-09-08,2022-09-08,2022-09-07,2022-09-07,2022-09-07,2022-09-07,472.0398999999995,21.91780821917808,0.15590503662484326,9.014084507042254,0.0,9.58904109589041,未知,-4.65,73.01587301587301,57.49999999999999,27.329999999999988,29.585798816568047,-3.1299999999999883,95.98,85.79881656804734,-0.021586000000000084
2022-09-09,2022-09-08,2022-09-09,2022-09-09,2022-09-08,2022-09-08,2022-09-08,2022-09-08,537.7930999999995,26.301369863013697,0.17384654906778335,13.239436619718308,20.24000000000045,12.876712328767123,未知,-8.09,57.14285714285714,49.68944099378882,27.349999999999987,30.0,-3.0900000000000354,95.40999999999997,85.29411764705883,0.053532999999999914
2022-09-13,2022-09-12,2022-09-13,2022-09-13,2022-09-12,2022-09-08,2022-09-09,2022-09-09,925.0508999999995,42.465753424657535,0.2958789149703259,35.49295774647888,129.5600000000005,29.863013698630137,未知,-8.09,57.14285714285714,49.68944099378882,26.690000000000012,23.976608187134502,-1.7800000000000296,96.19,86.54970760233918,0.07286799999999992
2022-09-14,2022-09-13,2022-09-14,2022-09-14,2022-09-13,2022-09-13,2022-09-13,2022-09-13,1259.003899999999,55.06849315068493,0.363831487994797,44.225352112676056,154.9600000000005,30.41095890410959,未知,-1.5700000000000012,80.95238095238095,66.0493827160494,26.16999999999998,18.6046511627907,-2.330000000000034,95.44,84.88372093023256,0.030110999999999916
2022-09-15,2022-09-14,2022-09-15,2022-09-15,2022-09-14,2022-09-14,2022-09-14,2022-09-14,1259.003899999999,55.342465753424655,0.482265386947441,52.394366197183096,154.9600000000005,30.684931506849317,未知,14.49,98.4126984126984,92.63803680981594,26.22,19.653179190751445,-1.780000000000026,96.97,90.7514450867052,-0.0753070000000001
2022-09-16,2022-09-15,2022-09-16,2022-09-16,2022-09-15,2022-09-15,2022-09-15,2022-09-15,1116.8278,49.31506849315068,0.45244499352988937,50.42253521126761,134.7200000000005,30.136986301369863,未知,12.76,95.23809523809523,90.2439024390244,26.049999999999997,18.39080459770115,-1.2799999999999905,97.2,90.80459770114942,-0.053014000000000096
2022-09-19,2022-09-18,2022-09-19,2022-09-19,2022-09-18,2022-09-16,2022-09-16,2022-09-16,858.0005999999995,42.465753424657535,0.2513697738781047,27.605633802816904,25.40000000000045,15.890410958904111,未知,10.69,92.06349206349206,86.66666666666667,26.35000000000001,21.714285714285715,-0.9999999999999787,96.15,85.14285714285714,-0.10687200000000009
2022-09-20,2022-09-19,2022-09-20,2022-09-20,2022-09-19,2022-09-19,2022-09-19,2022-09-19,874.1715999999994,42.73972602739726,0.25489979272608615,27.887323943661972,25.40000000000045,16.164383561643834,未知,11.290000000000001,92.06349206349206,87.95180722891565,26.65000000000002,25.0,-0.03999999999999204,95.15,82.38636363636364,-0.1956390000000001
2022-09-21,2022-09-20,2022-09-21,2022-09-21,2022-09-20,2022-09-20,2022-09-20,2022-09-20,434.3715999999995,19.17808219178082,0.14529074029401734,8.732394366197182,59.29000000000045,24.10958904109589,未知,-0.54,74.60317460317461,64.67065868263472,26.969999999999985,29.37853107344633,0.8000000000000043,94.86999999999999,81.35593220338984,0.018278999999999906
2022-09-22,2022-09-21,2022-09-22,2022-09-22,2022-09-21,2022-09-21,2022-09-21,2022-09-21,447.2615999999995,21.095890410958905,0.16079514471295522,10.704225352112676,64.18000000000046,26.575342465753426,未知,-19.619999999999997,26.984126984126984,26.190476190476193,27.880000000000038,36.51685393258427,1.6600000000000392,94.89000000000001,81.46067415730337,0.1189569999999999
2022-09-23,2022-09-22,2022-09-23,2022-09-23,2022-09-22,2022-09-22,2022-09-22,2022-09-22,531.6213999999995,25.753424657534246,0.18549755063066253,15.211267605633802,64.18000000000046,26.84931506849315,未知,-28.369999999999997,19.047619047619047,15.976331360946746,27.869999999999973,36.312849162011176,1.8199999999999754,95.37999999999998,82.68156424581005,0.2811199999999999
2022-09-26,2022-09-25,2022-09-26,2022-09-26,2022-09-25,2022-09-23,2022-09-23,2022-09-23,454.7416999999996,22.19178082191781,0.4192165747845768,51.83098591549295,64.18000000000046,27.671232876712327,未知,-21.669999999999998,28.57142857142857,25.294117647058822,24.770000000000003,7.222222222222221,-1.5800000000000054,94.54000000000002,80.0,0.3330589999999999
2022-09-27,2022-09-26,2022-09-27,2022-09-27,2022-09-26,2022-09-26,2022-09-26,2022-09-26,297.5528999999996,13.698630136986301,0.3207934555538548,41.971830985915496,64.18000000000046,27.945205479452056,未知,-18.86,31.746031746031743,28.07017543859649,23.350000000000026,1.1049723756906076,-3.2999999999999936,95.89000000000001,83.97790055248619,0.17548099999999994
2022-09-28,2022-09-27,2022-09-28,2022-09-28,2022-09-27,2022-09-27,2022-09-27,2022-09-27,230.5528999999996,10.41095890410959,0.26791252461063025,32.3943661971831,4.890000000000455,11.506849315068493,未知,-7.77,53.96825396825397,50.0,24.590000000000025,7.142857142857142,-2.37999999999996,94.10000000000002,78.57142857142857,0.3493509999999999
2022-09-29,2022-09-28,2022-09-29,2022-09-29,2022-09-28,2022-09-28,2022-09-28,2022-09-28,217.6628999999996,10.136986301369863,1.0,100.0,0.0,9.863013698630137,未知,7.620000000000002,84.12698412698413,79.1907514450867,22.540000000000006,0.0,-5.340000000000032,96.05000000000001,84.69945355191257,0.2846229999999999
2022-09-30,2022-09-29,2022-09-30,2022-09-30,2022-09-29,2022-09-29,2022-09-29,2022-09-29,106.1030999999996,6.8493150684931505,1.0,100.0,0.0,10.136986301369863,未知,16.930000000000003,100.0,95.40229885057471,22.67999999999999,0.5434782608695652,-5.1899999999999835,96.69000000000003,89.13043478260869,0.34115199999999996
2022-10-08,2022-10-07,2022-10-08,2022-10-08,2022-10-07,2022-09-30,2022-09-30,2022-09-30,1202.149799999999,54.52054794520548,0.22605937459910935,22.946175637393768,405.6699000000004,56.986301369863014,未知,23.57,100.0,98.28571428571429,22.020000000000017,0.0,-2.749999999999986,99.03000000000002,93.51351351351352,0.30365999999999993
2022-10-09,2022-10-08,2022-10-09,2022-10-09,2022-10-08,2022-10-08,2022-10-08,2022-09-30,1202.149799999999,54.52054794520548,0.22605937459910935,23.229461756373937,405.6699000000004,56.986301369863014,未知,21.930000000000003,98.4126984126984,97.1590909090909,22.150000000000027,0.5376344086021506,-1.1999999999999993,101.41000000000003,95.6989247311828,0.30365999999999993
2022-10-10,2022-10-09,2022-10-10,2022-10-10,2022-10-09,2022-10-09,2022-10-09,2022-09-30,1202.149799999999,54.52054794520548,0.22605937459910935,23.512747875354105,405.6699000000004,56.986301369863014,未知,15.21,93.65079365079364,92.65536723163842,22.65999999999999,1.6042780748663104,-1.9300000000000352,100.67999999999999,95.18716577540107,0.30365999999999993
2022-10-11,2022-10-10,2022-10-11,2022-10-11,2022-10-10,2022-10-10,2022-10-10,2022-10-10,1460.3152,62.465753424657535,0.2821311653026057,35.12747875354108,454.6725000000005,59.45205479452055,未知,7.160000000000002,76.19047619047619,76.40449438202246,21.939999999999984,0.0,-0.6000000000000227,98.46,90.95744680851064,0.46619199999999994
2022-10-12,2022-10-11,2022-10-12,2022-10-12,2022-10-11,2022-10-11,2022-10-11,2022-10-11,1527.47,63.013698630136986,0.29132566748741684,36.827195467422094,463.9108000000004,59.45205479452055,未知,7.950000000000002,77.77777777777779,77.6536312849162,21.97,0.5291005291005291,-0.7099999999999902,97.22999999999999,89.94708994708994,0.14639599999999997
2022-10-13,2022-10-12,2022-10-13,2022-10-13,2022-10-12,2022-10-12,2022-10-12,2022-10-12,1571.9276,63.287671232876704,0.2841965894983149,35.977337110481585,502.2763000000004,60.273972602739725,未知,-9.2,41.269841269841265,43.333333333333336,22.070000000000036,1.5789473684210527,0.050000000000018474,96.09,82.63157894736842,0.10194899999999996
2022-10-14,2022-10-13,2022-10-14,2022-10-14,2022-10-13,2022-10-13,2022-10-13,2022-10-13,2063.0106,72.87671232876713,0.3425669969097393,44.47592067988669,859.8363000000004,70.68493150684931,未知,-13.309999999999999,36.507936507936506,38.12154696132597,22.589999999999975,3.1413612565445024,0.439999999999948,95.35999999999999,78.53403141361257,-0.08456700000000006
2022-10-17,2022-10-16,2022-10-17,2022-10-17,2022-10-16,2022-10-14,2022-10-14,2022-10-14,1842.996799999999,68.21917808219177,0.4111082122565866,51.27478753541076,780.7263000000004,67.67123287671232,未知,-20.509999999999998,23.809523809523807,24.175824175824175,23.34999999999998,5.729166666666666,0.6899999999999906,93.12,73.4375,0.008309999999999942
2022-10-18,2022-10-17,2022-10-18,2022-10-18,2022-10-17,2022-10-17,2022-10-17,2022-10-17,1229.3303,55.06849315068493,0.25980565713984155,30.59490084985836,535.9838000000004,61.369863013698634,未知,-14.48,34.92063492063492,35.51912568306011,23.139999999999983,4.66321243523316,1.1999999999999993,93.16,73.57512953367875,0.027241999999999947
2022-10-19,2022-10-18,2022-10-19,2022-10-19,2022-10-18,2022-10-18,2022-10-18,2022-10-18,1622.684199999999,63.561643835616444,0.3166161055461291,42.20963172804532,1091.674500000001,75.61643835616438,未知,-10.799999999999999,42.857142857142854,41.84782608695652,22.75999999999998,4.639175257731959,0.7899999999999814,92.28,72.68041237113401,0.09250899999999994
2022-10-20,2022-10-19,2022-10-20,2022-10-20,2022-10-19,2022-10-19,2022-10-19,2022-10-19,2080.7867,75.06849315068493,0.578963383476071,67.13881019830028,1406.514500000001,82.46575342465754,未知,-1.7099999999999982,68.25396825396825,63.24324324324324,22.440000000000015,2.564102564102564,0.3699999999999797,92.96000000000002,72.82051282051282,0.22324199999999994
2022-10-21,2022-10-20,2022-10-21,2022-10-21,2022-10-20,2022-10-20,2022-10-20,2022-10-20,1934.608999999999,71.5068493150685,0.5611125790320747,65.72237960339945,1254.9655,79.72602739726027,未知,1.9400000000000017,76.19047619047619,70.43010752688173,21.68000000000001,0.0,-0.9099999999999646,92.43,72.44897959183673,0.19034199999999996
2022-10-24,2022-10-23,2022-10-24,2022-10-24,2022-10-23,2022-10-21,2022-10-21,2022-10-21,2825.485099999999,84.38356164383562,0.650795742780672,71.95467422096317,1833.658800000001,88.76712328767124,未知,12.410000000000002,88.88888888888889,88.23529411764706,20.070000000000032,0.0,-3.279999999999948,89.85000000000002,70.55837563451777,0.12800099999999995
2022-10-25,2022-10-24,2022-10-25,2022-10-25,2022-10-24,2022-10-24,2022-10-24,2022-10-24,3642.170799999999,89.58904109589041,0.8478306191145224,88.38526912181302,2382.721200000001,94.24657534246576,未知,-2.969999999999999,60.317460317460316,57.97872340425532,21.099999999999987,0.5050505050505051,-2.0399999999999956,88.87999999999998,69.1919191919192,0.13053699999999996
2022-10-26,2022-10-25,2022-10-26,2022-10-26,2022-10-25,2022-10-25,2022-10-25,2022-10-25,2883.460999999999,84.93150684931507,0.8151907702250472,86.68555240793201,1690.792200000001,86.3013698630137,未知,-3.6999999999999993,58.730158730158735,56.08465608465608,21.07000000000001,0.5025125628140703,-1.6899999999999693,88.85000000000001,68.84422110552764,-0.23798500000000009
2022-10-27,2022-10-26,2022-10-27,2022-10-27,2022-10-26,2022-10-26,2022-10-26,2022-10-26,2535.792799999999,79.72602739726027,0.5584717484465902,65.72237960339945,1337.586700000001,81.64383561643835,未知,-12.169999999999998,36.507936507936506,40.526315789473685,22.98,7.5,0.5399999999999849,90.23000000000003,71.0,-0.3044690000000001
2022-10-28,2022-10-27,2022-10-28,2022-10-28,2022-10-27,2022-10-27,2022-10-27,2022-10-27,2208.3728,76.16438356164383,0.5241590850486832,62.03966005665722,1131.575700000001,76.43835616438356,未知,-17.32,25.396825396825395,30.36649214659686,23.159999999999982,8.45771144278607,1.479999999999972,90.68999999999998,72.13930348258707,-0.26134000000000013
2022-10-31,2022-10-30,2022-10-31,2022-10-31,2022-10-30,2022-10-28,2022-10-28,2022-10-28,1405.5355,61.09589041095891,0.389708219752176,49.858356940509914,583.6659000000005,62.465753424657535,未知,-27.18,15.873015873015872,15.625,25.22000000000002,20.792079207920793,5.149999999999988,90.75000000000001,72.27722772277228,-0.2424760000000001
2022-11-01,2022-10-31,2022-11-01,2022-11-01,2022-10-31,2022-10-31,2022-10-31,2022-10-31,897.6813999999996,44.38356164383562,0.28968852078433127,36.54390934844193,34.60350000000046,17.80821917808219,未知,-18.119999999999997,23.809523809523807,27.979274611398964,26.750000000000007,35.960591133004925,5.65000000000002,89.08,68.4729064039409,-0.1912580000000001
2022-11-02,2022-11-01,2022-11-02,2022-11-02,2022-11-01,2022-11-01,2022-11-01,2022-11-01,989.0763999999997,47.12328767123288,0.31003815337609514,41.07648725212464,34.60350000000046,18.08219178082192,未知,-14.659999999999998,26.984126984126984,35.051546391752574,25.57999999999998,23.03921568627451,4.50999999999997,87.86999999999998,66.17647058823529,0.22628199999999993
2022-11-03,2022-11-02,2022-11-03,2022-11-03,2022-11-02,2022-11-02,2022-11-02,2022-11-02,761.2904999999995,38.082191780821915,0.22771376623617445,22.946175637393768,34.60350000000046,18.356164383561644,未知,-9.799999999999999,41.269841269841265,44.1025641025641,24.290000000000013,13.170731707317074,1.310000000000013,88.33000000000001,66.34146341463415,0.23070299999999994
2022-11-04,2022-11-03,2022-11-04,2022-11-04,2022-11-03,2022-11-03,2022-11-03,2022-11-03,765.8236999999996,38.082191780821915,0.228759529945676,24.362606232294617,34.60350000000046,18.63013698630137,未知,-22.03,12.698412698412698,21.428571428571427,25.419999999999998,22.330097087378643,2.2600000000000158,87.67999999999998,65.0485436893204,0.17074899999999993
2022-11-07,2022-11-06,2022-11-07,2022-11-07,2022-11-06,2022-11-04,2022-11-04,2022-11-04,932.2868999999996,44.657534246575345,0.2381814981803754,25.21246458923513,203.5800000000005,38.082191780821915,未知,2.0299999999999976,74.60317460317461,71.57360406091371,24.03999999999997,11.594202898550725,-1.1800000000000495,85.77,63.76811594202898,0.22532299999999994
2022-11-08,2022-11-07,2022-11-08,2022-11-08,2022-11-07,2022-11-07,2022-11-07,2022-11-07,676.5559999999996,33.6986301369863,0.1565864072492694,8.498583569405099,203.5800000000005,38.35616438356164,未知,4.499999999999997,74.60317460317461,73.73737373737373,23.580000000000023,11.057692307692307,-3.169999999999984,83.11000000000001,62.980769230769226,0.23065299999999994
2022-11-09,2022-11-08,2022-11-09,2022-11-09,2022-11-08,2022-11-08,2022-11-08,2022-11-08,597.5444999999995,32.602739726027394,0.14087566744454874,6.232294617563739,233.8919000000005,43.56164383561644,未知,-10.600000000000001,34.92063492063492,42.211055276381906,25.360000000000007,22.966507177033492,-0.219999999999974,78.39,55.980861244019145,0.49370499999999995
2022-11-10,2022-11-09,2022-11-10,2022-11-10,2022-11-09,2022-11-09,2022-11-09,2022-11-09,604.0514999999996,32.602739726027394,0.24006006553796358,25.21246458923513,261.3989000000005,46.849315068493155,未知,-16.53,23.809523809523807,31.5,23.89000000000001,11.904761904761903,-0.40000000000000213,77.42,52.85714285714286,0.407921
2022-11-11,2022-11-10,2022-11-11,2022-11-11,2022-11-10,2022-11-10,2022-11-10,2022-11-10,599.8382999999995,32.32876712328767,0.23878549144732356,24.929178470254957,277.6789000000005,49.04109589041096,未知,4.589999999999997,74.60317460317461,75.12437810945273,24.020000000000017,12.322274881516588,-1.3999999999999808,72.29999999999998,44.07582938388626,0.39590699999999995
2022-11-14,2022-11-13,2022-11-14,2022-11-14,2022-11-13,2022-11-11,2022-11-11,2022-11-11,514.0512999999996,23.835616438356162,0.25369572865912493,28.04532577903683,223.1386000000005,41.917808219178085,未知,-3.950000000000003,53.96825396825397,56.930693069306926,21.890000000000008,1.8867924528301887,-2.149999999999963,65.43,33.490566037735846,-0.11519700000000005
2022-11-15,2022-11-14,2022-11-15,2022-11-15,2022-11-14,2022-11-14,2022-11-14,2022-11-14,460.9505999999996,20.54794520547945,0.3516155376106461,46.45892351274787,223.1386000000005,42.19178082191781,未知,9.319999999999997,80.95238095238095,82.26600985221675,17.870000000000008,0.0,-5.710000000000015,53.410000000000004,3.286384976525822,-1.162673
2022-11-16,2022-11-15,2022-11-16,2022-11-16,2022-11-15,2022-11-15,2022-11-15,2022-11-15,470.4116999999995,20.82191780821918,0.3562613842334168,46.742209631728045,192.8267000000005,37.26027397260274,未知,24.939999999999998,100.0,100.0,20.120000000000005,0.9345794392523363,-5.240000000000002,54.669999999999995,7.009345794392523,-1.683866
2022-11-17,2022-11-16,2022-11-17,2022-11-17,2022-11-16,2022-11-16,2022-11-16,2022-11-16,459.2546999999996,20.54794520547945,0.35077567412971605,46.45892351274787,165.3197000000005,36.16438356164384,未知,32.269999999999996,100.0,100.0,19.26999999999999,0.46511627906976744,-4.620000000000022,37.559999999999995,0.0,-2.3862900000000002
2022-11-18,2022-11-17,2022-11-18,2022-11-18,2022-11-17,2022-11-17,2022-11-17,2022-11-17,426.5346999999996,17.534246575342465,0.21912514582966297,19.54674220963173,149.0397000000005,34.794520547945204,未知,30.74,98.4126984126984,99.51456310679612,21.560000000000024,2.7777777777777777,-2.4599999999999937,50.82000000000004,0.4629629629629629,-2.774763
2022-11-21,2022-11-20,2022-11-21,2022-11-21,2022-11-20,2022-11-18,2022-11-18,2022-11-18,185.3754999999996,9.04109589041096,0.08800268505377797,3.9660056657223794,20.03000000000046,13.424657534246576,未知,21.81,92.06349206349206,95.65217391304348,18.52999999999998,0.4608294930875576,-3.360000000000028,49.029999999999994,0.4608294930875576,-2.38453
2022-11-22,2022-11-21,2022-11-22,2022-11-22,2022-11-21,2022-11-21,2022-11-21,2022-11-21,347.5917999999996,15.616438356164384,0.15321243722924346,8.21529745042493,20.03000000000046,13.698630136986301,未知,8.389999999999999,77.77777777777779,78.36538461538461,18.359999999999978,0.45871559633027525,0.48999999999997,48.15999999999998,0.45871559633027525,-1.4673720000000001
2022-11-23,2022-11-22,2022-11-23,2022-11-23,2022-11-22,2022-11-22,2022-11-22,2022-11-22,271.0593999999996,13.424657534246576,0.12364949373663221,6.232294617563739,39.17000000000046,20.0,未知,3.899999999999998,68.25396825396825,70.33492822966507,18.409999999999993,0.91324200913242,-1.7100000000000115,47.16999999999998,0.45662100456621,-1.3673600000000001
2022-11-24,2022-11-23,2022-11-24,2022-11-24,2022-11-23,2022-11-23,2022-11-23,2022-11-23,268.4093999999996,13.424657534246576,0.09549525112770443,4.53257790368272,45.47000000000045,20.54794520547945,未知,2.009999999999998,65.07936507936508,68.57142857142857,18.89000000000003,1.8181818181818181,-0.3799999999999599,49.63999999999999,1.8181818181818181,-0.607838
2022-11-25,2022-11-24,2022-11-25,2022-11-25,2022-11-24,2022-11-24,2022-11-24,2022-11-24,506.0250999999996,24.65753424657534,0.21276531959402825,20.96317280453258,45.47000000000045,20.82191780821918,未知,-7.700000000000003,41.269841269841265,47.867298578199055,17.520000000000024,0.0,-4.039999999999999,56.02,13.574660633484163,0.037159000000000025
2022-11-28,2022-11-27,2022-11-28,2022-11-28,2022-11-27,2022-11-25,2022-11-25,2022-11-25,485.9950999999996,24.65753424657534,0.2686695873077434,35.12747875354108,25.44000000000046,18.08219178082192,未知,-1.6400000000000023,55.55555555555556,61.79245283018868,14.529999999999976,0.0,-4.0000000000000036,54.19999999999998,8.108108108108109,-0.03658599999999998
2022-11-29,2022-11-28,2022-11-29,2022-11-29,2022-11-28,2022-11-28,2022-11-28,2022-11-28,359.0787999999996,16.986301369863014,0.21348592503068367,21.529745042492916,25.44000000000046,18.356164383561644,未知,5.649999999999998,71.42857142857143,74.64788732394366,12.43000000000003,0.0,-5.929999999999948,54.43000000000002,8.968609865470851,-0.11233799999999997
2022-11-30,2022-11-29,2022-11-30,2022-11-30,2022-11-29,2022-11-29,2022-11-29,2022-11-29,286.6156999999996,13.972602739726028,0.17807574042303492,14.164305949008499,6.300000000000455,11.506849315068493,未知,8.559999999999997,77.77777777777779,78.97196261682244,12.72000000000002,0.4464285714285714,-5.689999999999973,50.72000000000001,2.232142857142857,0.09837300000000003
2022-12-01,2022-11-30,2022-12-01,2022-12-01,2022-11-30,2022-11-30,2022-11-30,2022-11-30,272.9156999999996,13.972602739726028,0.12541991310081052,6.79886685552408,0.0,9.58904109589041,未知,4.989999999999998,68.25396825396825,73.48837209302326,13.670000000000027,0.8888888888888888,-5.220000000000002,55.12999999999999,12.88888888888889,0.07135700000000003
2022-12-02,2022-12-01,2022-12-02,2022-12-02,2022-12-01,2022-12-01,2022-12-01,2022-12-01,375.5999999999996,18.08219178082192,0.16483082459296938,11.89801699716714,0.0,9.863013698630137,未知,-4.260000000000002,41.269841269841265,53.70370370370371,16.420000000000012,1.7699115044247788,-1.100000000000012,53.41999999999998,6.637168141592921,-0.19265899999999997
2022-12-05,2022-12-04,2022-12-05,2022-12-05,2022-12-04,2022-12-02,2022-12-02,2022-12-02,375.5999999999996,18.63013698630137,0.14848784344732138,8.78186968838527,0.0,10.684931506849315,未知,-16.090000000000003,15.873015873015872,29.493087557603687,14.860000000000007,1.762114537444934,0.33000000000003027,51.62,3.9647577092511015,-0.201976
2022-12-06,2022-12-05,2022-12-06,2022-12-06,2022-12-05,2022-12-05,2022-12-05,2022-12-05,508.4234999999996,28.21917808219178,0.05003024160764018,0.84985835694051,0.0,10.95890410958904,未知,-22.65,3.1746031746031744,18.807339449541285,13.439999999999985,0.8771929824561403,1.0099999999999554,52.459999999999994,4.385964912280701,-0.17665299999999998
2022-12-07,2022-12-06,2022-12-07,2022-12-07,2022-12-06,2022-12-06,2022-12-06,2022-12-06,508.4234999999996,28.493150684931507,0.05003024160764018,1.13314447592068,0.0,11.232876712328768,未知,-30.87,0.0,9.58904109589041,12.060000000000004,0.0,-0.6600000000000161,50.58000000000003,2.1834061135371177,-0.41673299999999996
2022-12-08,2022-12-07,2022-12-08,2022-12-08,2022-12-07,2022-12-07,2022-12-07,2022-12-07,508.4234999999995,28.21917808219178,0.04811507450654395,0.84985835694051,0.0,11.506849315068493,未知,-36.43000000000001,0.0,8.181818181818182,16.75,3.4782608695652173,3.0799999999999734,44.770000000000024,0.43478260869565216,-0.840732
2022-12-09,2022-12-08,2022-12-09,2022-12-09,2022-12-08,2022-12-08,2022-12-08,2022-12-08,168.1234999999996,8.21917808219178,0.016439946576175143,0.84985835694051,0.0,11.78082191780822,未知,-18.630000000000003,15.873015873015872,24.8868778280543,13.39999999999999,1.2987012987012987,-3.0200000000000227,42.40999999999997,0.4329004329004329,-0.902161
2022-12-12,2022-12-11,2022-12-12,2022-12-12,2022-12-11,2022-12-09,2022-12-09,2022-12-09,168.1234999999996,9.04109589041096,0.016856136342570237,1.69971671388102,0.0,12.602739726027398,未知,-25.230000000000004,6.349206349206349,17.117117117117118,14.579999999999993,3.0172413793103448,-0.28000000000001357,41.10999999999998,0.43103448275862066,-0.932368
2022-12-13,2022-12-12,2022-12-13,2022-12-13,2022-12-12,2022-12-12,2022-12-12,2022-12-12,7.15799999999956,4.10958904109589,0.0030946046316173473,0.84985835694051,0.0,12.876712328767123,未知,-30.14,3.1746031746031744,10.762331838565023,15.70999999999998,3.862660944206009,2.2699999999999942,37.73,0.4291845493562232,-0.996556
2022-12-14,2022-12-13,2022-12-14,2022-12-14,2022-12-13,2022-12-13,2022-12-13,2022-12-13,72.15799999999956,5.7534246575342465,0.030343246464131467,2.26628895184136,0.0,13.150684931506849,未知,-21.68,12.698412698412698,22.321428571428573,16.36000000000002,4.273504273504273,4.300000000000017,30.38000000000003,0.0,-0.9222319999999999
2022-12-15,2022-12-14,2022-12-15,2022-12-15,2022-12-14,2022-12-14,2022-12-14,2022-12-14,126.0350999999995,7.9452054794520555,0.08838148514016202,6.79886685552408,0.0,13.424657534246576,未知,-8.780000000000005,41.269841269841265,45.33333333333333,19.340000000000003,8.51063829787234,2.5900000000000034,38.89,1.276595744680851,-0.560044
2022-12-16,2022-12-15,2022-12-16,2022-12-16,2022-12-15,2022-12-15,2022-12-15,2022-12-15,126.0350999999995,8.21917808219178,0.08838148514016202,7.0821529745042495,0.0,13.698630136986301,未知,-9.040000000000003,41.269841269841265,45.13274336283185,17.810000000000016,5.932203389830509,4.410000000000027,37.1,0.423728813559322,-0.35081599999999996
2022-12-19,2022-12-18,2022-12-19,2022-12-19,2022-12-18,2022-12-16,2022-12-16,2022-12-16,126.0350999999995,8.21917808219178,0.05661864900513001,3.9660056657223794,0.0,14.520547945205479,未知,11.099999999999994,82.53968253968253,85.90308370044053,17.43999999999999,5.485232067510549,2.8599999999999977,33.999999999999986,0.42194092827004215,-0.23291099999999995
2022-12-20,2022-12-19,2022-12-20,2022-12-20,2022-12-19,2022-12-19,2022-12-19,2022-12-19,126.1070999999995,8.21917808219178,0.05664916121960146,4.2492917847025495,2.470000000000454,15.068493150684931,未知,19.919999999999995,90.47619047619048,94.2982456140351,18.930000000000025,8.823529411764707,3.220000000000045,36.25000000000003,0.8403361344537815,-0.0006939999999999447
2022-12-21,2022-12-20,2022-12-21,2022-12-21,2022-12-20,2022-12-20,2022-12-20,2022-12-20,61.10709999999954,5.205479452054795,0.02827583140141436,2.26628895184136,2.470000000000454,15.342465753424658,未知,14.259999999999996,85.71428571428571,90.39301310043668,18.44999999999999,7.949790794979079,2.089999999999968,34.77000000000001,0.8368200836820083,-0.03616599999999995
2022-12-22,2022-12-21,2022-12-22,2022-12-22,2022-12-21,2022-12-21,2022-12-21,2022-12-21,7.229999999999545,4.383561643835616,0.004796879043012375,1.13314447592068,2.470000000000454,15.616438356164384,未知,15.259999999999996,87.3015873015873,92.17391304347827,20.69000000000001,11.25,1.350000000000005,37.25000000000001,2.083333333333333,0.0028280000000000458
2022-12-23,2022-12-22,2022-12-23,2022-12-23,2022-12-22,2022-12-22,2022-12-22,2022-12-22,7.229999999999545,4.657534246575342,0.004796879043012375,1.41643059490085,2.470000000000454,15.890410958904111,未知,15.219999999999995,85.71428571428571,91.77489177489177,21.450000000000014,12.448132780082988,3.639999999999997,39.480000000000004,3.7344398340248963,0.07445400000000005
2022-12-26,2022-12-25,2022-12-26,2022-12-26,2022-12-25,2022-12-23,2022-12-23,2022-12-23,7.229999999999545,5.47945205479452,1.0,100.0,2.470000000000454,16.71232876712329,未知,15.979999999999997,87.3015873015873,92.24137931034483,23.990000000000002,23.140495867768596,6.550000000000011,46.99999999999997,5.371900826446281,0.009038000000000046
2022-12-27,2022-12-26,2022-12-27,2022-12-27,2022-12-26,2022-12-26,2022-12-26,2022-12-26,0.0,4.10958904109589,,,0.0,14.794520547945206,未知,10.819999999999995,76.19047619047619,83.69098712446352,22.88000000000001,18.51851851851852,3.949999999999985,47.66000000000004,6.172839506172839,-0.23068199999999994
2022-12-28,2022-12-27,2022-12-28,2022-12-28,2022-12-27,2022-12-27,2022-12-27,2022-12-27,0.0,4.383561643835616,,,0.0,15.068493150684931,未知,3.649999999999995,57.14285714285714,68.80341880341881,20.679999999999986,11.065573770491802,2.229999999999997,43.75,4.918032786885246,0.14397300000000007
2022-12-29,2022-12-28,2022-12-29,2022-12-29,2022-12-28,2022-12-28,2022-12-28,2022-12-28,0.0,4.657534246575342,,,0.0,15.342465753424658,未知,1.889999999999994,50.79365079365079,66.38297872340425,23.030000000000015,19.591836734693878,2.340000000000007,44.560000000000024,5.3061224489795915,0.2241160000000001
2022-12-30,2022-12-29,2022-12-30,2022-12-30,2022-12-29,2022-12-29,2022-12-29,2022-12-29,0.0,4.931506849315069,,,0.0,15.616438356164384,未知,0.5699999999999938,49.2063492063492,62.71186440677966,23.029999999999973,19.51219512195122,1.5799999999999592,51.28999999999997,10.16260162601626,0.0724760000000001
2022-12-31,2022-12-30,2022-12-31,2022-12-31,2022-12-30,2022-12-30,2022-12-30,2022-12-30,212.5999999999996,13.150684931506849,1.0,100.0,85.00000000000045,36.16438356164384,未知,-8.830000000000005,36.507936507936506,43.459915611814345,22.929999999999986,19.02834008097166,-1.0600000000000165,64.46000000000001,42.51012145748988,0.1483240000000001
2023-01-03,2023-01-02,2023-01-03,2023-01-03,2023-01-02,2022-12-30,2022-12-31,2022-12-30,226.5999999999996,13.424657534246576,1.0,100.0,85.00000000000045,36.16438356164384,未知,-8.830000000000005,36.507936507936506,43.459915611814345,22.909999999999986,18.951612903225808,0.029999999999976268,64.44000000000001,42.33870967741936,0.1483240000000001
2023-01-04,2023-01-03,2023-01-04,2023-01-04,2023-01-03,2023-01-03,2023-01-03,2023-01-03,1038.05,55.61643835616439,1.0,100.0,718.3300000000005,71.23287671232876,未知,-8.670000000000005,39.682539682539684,44.11764705882353,22.970000000000024,19.67871485943775,2.2900000000000382,64.25,42.168674698795186,0.3351270000000001
2023-01-05,2023-01-04,2023-01-05,2023-01-05,2023-01-04,2023-01-04,2023-01-04,2023-01-04,1038.05,55.61643835616439,0.3307946017431206,49.29178470254957,718.3300000000005,71.23287671232876,未知,2.119999999999995,60.317460317460316,68.20083682008368,22.840000000000018,18.4,-0.18999999999999773,63.37000000000002,41.199999999999996,0.004009000000000082
2023-01-06,2023-01-05,2023-01-06,2023-01-06,2023-01-05,2023-01-05,2023-01-05,2023-01-05,1050.05,56.71232876712329,0.33334391517594947,49.43502824858757,718.3300000000005,71.23287671232876,未知,-16.770000000000007,19.047619047619047,28.749999999999996,16.959999999999997,5.179282868525896,-6.069999999999975,56.999999999999986,26.693227091633464,-0.02540999999999992
2023-01-09,2023-01-08,2023-01-09,2023-01-09,2023-01-08,2023-01-06,2023-01-06,2023-01-06,989.4499999999996,53.42465753424658,0.17991799179917983,18.361581920903955,633.3300000000005,69.31506849315069,未知,-13.210000000000004,28.57142857142857,36.09958506224066,16.719999999999978,4.780876494023905,-6.210000000000008,50.99999999999998,9.9601593625498,-0.09594199999999993
2023-01-10,2023-01-09,2023-01-10,2023-01-10,2023-01-09,2023-01-09,2023-01-09,2023-01-09,1427.74,68.21917808219177,0.2404517543711917,29.37853107344633,861.6200000000005,76.43835616438356,未知,-9.530000000000006,36.507936507936506,41.735537190082646,15.680000000000005,3.5999999999999996,-7.229999999999981,49.96000000000001,8.4,-0.13808999999999994
2023-01-11,2023-01-10,2023-01-11,2023-01-11,2023-01-10,2023-01-10,2023-01-10,2023-01-10,3087.577499999999,87.67123287671232,0.4063897340961641,58.19209039548022,1743.5877,89.31506849315069,未知,-15.710000000000006,23.809523809523807,31.275720164609055,15.400000000000036,3.5856573705179287,-7.569999999999988,48.09000000000001,7.171314741035857,-0.14022699999999994
2023-01-12,2023-01-11,2023-01-12,2023-01-12,2023-01-11,2023-01-11,2023-01-11,2023-01-11,3087.577499999999,87.67123287671232,0.41625146484819325,59.32203389830508,1743.5877,89.31506849315069,未知,-22.870000000000008,7.936507936507936,18.442622950819672,16.469999999999985,5.577689243027888,-6.370000000000033,47.50000000000001,6.772908366533864,-0.20877999999999994
2023-01-13,2023-01-12,2023-01-13,2023-01-13,2023-01-12,2023-01-12,2023-01-12,2023-01-12,3139.577499999999,87.67123287671232,0.4203152721823957,60.16949152542372,1743.5877,89.31506849315069,未知,-15.960000000000008,25.396825396825395,30.612244897959183,13.969999999999994,2.3904382470119523,-2.9900000000000038,50.24999999999999,9.56175298804781,-0.17862699999999995
2023-01-16,2023-01-15,2023-01-16,2023-01-16,2023-01-15,2023-01-13,2023-01-13,2023-01-13,2987.577499999999,85.2054794520548,0.608768277220278,70.90395480225989,1743.5877,89.31506849315069,未知,-20.460000000000008,14.285714285714285,21.951219512195124,13.560000000000016,1.9920318725099602,-3.159999999999961,47.65999999999999,7.171314741035857,-0.03059799999999993
2023-01-17,2023-01-16,2023-01-17,2023-01-17,2023-01-16,2023-01-16,2023-01-16,2023-01-16,2535.287499999999,80.54794520547945,0.56905137996145,68.36158192090396,1515.297700000001,86.02739726027397,未知,-25.10000000000001,7.936507936507936,16.194331983805668,13.91,2.8000000000000003,-1.770000000000005,46.58000000000002,6.0,-0.0030769999999999288
2023-01-18,2023-01-17,2023-01-18,2023-01-18,2023-01-17,2023-01-17,2023-01-17,2023-01-17,63.99999999999955,5.47945205479452,0.0322580645161288,3.1073446327683616,0.0,13.972602739726028,未知,-15.470000000000008,30.158730158730158,33.064516129032256,15.880000000000027,5.9760956175298805,0.47999999999999154,49.05000000000004,9.56175298804781,-0.03313699999999993
2023-01-19,2023-01-18,2023-01-19,2023-01-19,2023-01-18,2023-01-18,2023-01-18,2023-01-18,63.99999999999955,5.7534246575342465,1.0,100.0,0.0,14.246575342465754,未知,-5.090000000000008,49.2063492063492,53.01204819277109,13.649999999999984,2.3904382470119523,-2.8200000000000003,49.370000000000005,9.9601593625498,0.07985400000000008
2023-01-20,2023-01-19,2023-01-20,2023-01-20,2023-01-19,2023-01-19,2023-01-19,2023-01-19,0.0,3.5616438356164384,,,0.0,14.520547945205479,未知,3.209999999999993,66.66666666666666,70.39999999999999,13.650000000000029,2.788844621513944,-0.31999999999996476,50.10000000000004,11.155378486055776,0.04501900000000009
2023-01-28,2023-01-27,2023-01-28,2023-01-28,2023-01-27,2023-01-20,2023-01-20,2023-01-20,2746.519499999999,84.93150684931507,0.7968965502733988,83.14285714285714,1593.773200000001,88.21917808219179,未知,3.159999999999993,66.66666666666666,70.1195219123506,13.62000000000001,2.3904382470119523,0.05999999999999339,53.43,17.52988047808765,-0.08142599999999992
2023-01-29,2023-01-28,2023-01-29,2023-01-29,2023-01-28,2023-01-28,2023-01-28,2023-01-20,2746.519499999999,84.93150684931507,0.7968965502733988,83.42857142857143,1593.773200000001,88.21917808219179,未知,4.989999999999993,74.60317460317461,74.20634920634922,13.529999999999998,2.0325203252032518,-0.38000000000000256,50.93999999999998,13.414634146341465,-0.08142599999999992
2023-01-30,2023-01-29,2023-01-30,2023-01-30,2023-01-29,2023-01-29,2023-01-29,2023-01-20,2746.519499999999,84.93150684931507,0.7968965502733988,83.47578347578347,1593.773200000001,88.21917808219179,未知,1.7899999999999932,57.14285714285714,66.66666666666666,13.549999999999995,2.4390243902439024,-2.330000000000032,52.74000000000001,16.260162601626014,-0.08142599999999992
2023-01-31,2023-01-30,2023-01-31,2023-01-31,2023-01-30,2023-01-30,2023-01-30,2023-01-30,1914.979499999999,75.89041095890411,0.7323114770115785,80.39772727272727,1021.273200000001,77.8082191780822,未知,-4.060000000000008,50.79365079365079,55.158730158730165,13.669999999999982,4.471544715447155,0.019999999999997797,50.0,11.38211382113821,-0.10523499999999993
2023-02-01,2023-01-31,2023-02-01,2023-02-01,2023-01-31,2023-01-31,2023-01-31,2023-01-31,501.2141999999993,27.945205479452056,0.4172563061608822,59.773371104815865,216.4332000000007,44.93150684931507,未知,-13.070000000000007,33.33333333333333,37.698412698412696,16.290000000000006,8.94308943089431,2.6399999999999775,49.06000000000002,10.16260162601626,-0.09912299999999992
2023-02-02,2023-02-01,2023-02-02,2023-02-02,2023-02-01,2023-02-01,2023-02-01,2023-02-01,362.9413999999993,19.45205479452055,0.15425008034624207,12.994350282485875,160.4632000000007,41.369863013698634,未知,-8.570000000000007,44.44444444444444,46.03174603174603,15.60999999999999,7.6923076923076925,1.9899999999999807,49.62,10.931174089068826,-0.11440999999999991
2023-02-03,2023-02-02,2023-02-03,2023-02-03,2023-02-02,2023-02-02,2023-02-02,2023-02-02,309.8999999999993,16.43835616438356,0.1347449889125611,10.451977401129943,95.70000000000068,36.71232876712329,未知,-15.670000000000007,25.396825396825395,31.349206349206348,15.660000000000007,8.064516129032258,2.1300000000000097,46.36,6.048387096774194,-0.14863799999999994
2023-02-06,2023-02-05,2023-02-06,2023-02-06,2023-02-05,2023-02-03,2023-02-03,2023-02-03,1441.28,68.4931506849315,0.4287890327494287,61.5819209039548,767.6400000000008,70.95890410958904,未知,-30.390000000000008,3.1746031746031744,8.73015873015873,15.660000000000007,8.433734939759036,2.110000000000012,46.589999999999996,6.827309236947792,-0.14688799999999994
2023-02-07,2023-02-06,2023-02-07,2023-02-07,2023-02-06,2023-02-06,2023-02-06,2023-02-06,1441.28,68.4931506849315,0.4287890327494287,61.5819209039548,767.6400000000008,70.95890410958904,未知,-29.53000000000001,6.349206349206349,9.523809523809524,15.64000000000001,8.0,1.9700000000000273,43.31,4.8,-0.1468579999999999
2023-02-08,2023-02-07,2023-02-08,2023-02-08,2023-02-07,2023-02-07,2023-02-07,2023-02-07,1441.28,68.4931506849315,0.27924855849711694,38.70056497175141,767.6400000000008,70.95890410958904,未知,-19.470000000000006,17.46031746031746,22.22222222222222,15.64000000000001,8.366533864541832,-0.6499999999999968,42.28000000000001,4.382470119521913,-0.1442449999999999
2023-02-09,2023-02-08,2023-02-09,2023-02-09,2023-02-08,2023-02-08,2023-02-08,2023-02-08,1449.28,68.4931506849315,0.373595100121672,53.954802259887,789.0900000000008,73.6986301369863,未知,-25.870000000000008,7.936507936507936,13.095238095238097,16.029999999999987,10.756972111553784,0.4199999999999964,42.260000000000005,4.382470119521913,-0.11248899999999991
2023-02-10,2023-02-09,2023-02-10,2023-02-10,2023-02-09,2023-02-09,2023-02-09,2023-02-09,1835.960699999999,74.52054794520548,0.4303744992306186,61.5819209039548,975.1638000000007,77.26027397260275,未知,-31.99000000000001,1.5873015873015872,7.142857142857142,16.979999999999997,13.94422310756972,1.3199999999999896,42.85000000000001,5.577689243027888,-0.06978199999999991
2023-02-13,2023-02-12,2023-02-13,2023-02-13,2023-02-12,2023-02-10,2023-02-10,2023-02-10,921.6906999999993,47.12328767123288,0.3154648436947824,46.04519774011299,499.7638000000007,59.726027397260275,未知,-7.5300000000000065,49.2063492063492,50.0,15.470000000000006,7.569721115537849,-0.19000000000000128,43.99999999999999,6.772908366533864,-0.06748999999999991
2023-02-14,2023-02-13,2023-02-14,2023-02-14,2023-02-13,2023-02-13,2023-02-13,2023-02-13,1583.271099999999,69.58904109589041,0.44185077149200325,62.14689265536724,979.3393000000008,77.26027397260275,未知,-7.840000000000006,46.03174603174603,48.80952380952381,15.810000000000013,10.8,0.17000000000000348,44.74,7.6,-0.06220399999999992
2023-02-15,2023-02-14,2023-02-15,2023-02-15,2023-02-14,2023-02-14,2023-02-14,2023-02-14,1583.271099999999,69.58904109589041,0.8878465534488834,89.26553672316385,979.3393000000008,77.26027397260275,未知,-23.320000000000007,14.285714285714285,17.857142857142858,16.159999999999997,11.952191235059761,0.5199999999999871,42.300000000000004,5.179282868525896,-0.04153399999999992
2023-02-16,2023-02-15,2023-02-16,2023-02-16,2023-02-15,2023-02-15,2023-02-15,2023-02-15,1804.401099999999,73.6986301369863,0.5527510390803382,67.79661016949152,1179.769300000001,81.91780821917808,未知,-25.24000000000001,11.11111111111111,15.079365079365079,16.32000000000002,12.749003984063744,0.2900000000000347,42.50000000000003,5.9760956175298805,-0.04868099999999992
2023-02-17,2023-02-16,2023-02-17,2023-02-17,2023-02-16,2023-02-16,2023-02-16,2023-02-16,1664.818999999999,70.41095890410959,0.5327729382085807,67.2316384180791,1017.016400000001,77.53424657534246,未知,-13.980000000000004,36.507936507936506,36.904761904761905,16.430000000000035,13.94422310756972,-0.5499999999999616,41.5,4.382470119521913,-0.06461499999999992
2023-02-20,2023-02-19,2023-02-20,2023-02-20,2023-02-19,2023-02-17,2023-02-17,2023-02-17,2175.219,79.17808219178082,0.5076097627682504,65.5367231638418,1257.466400000001,83.28767123287672,未知,-21.320000000000007,22.22222222222222,21.825396825396826,16.300000000000026,12.749003984063744,0.8300000000000196,40.000000000000036,3.9840637450199203,-0.07919699999999992
2023-02-21,2023-02-20,2023-02-21,2023-02-21,2023-02-20,2023-02-20,2023-02-20,2023-02-20,1975.282199999999,76.71232876712328,0.48351181223172274,63.559322033898304,971.8926000000006,76.43835616438356,未知,-26.280000000000005,9.523809523809524,13.095238095238097,13.560000000000016,3.2,-2.2499999999999964,35.25999999999998,1.2,0.07960500000000008
2023-02-22,2023-02-21,2023-02-22,2023-02-22,2023-02-21,2023-02-21,2023-02-21,2023-02-21,2235.6122,80.27397260273973,0.514452762259826,66.10169491525424,1151.912600000001,81.36986301369863,未知,-13.720000000000004,41.269841269841265,38.095238095238095,13.359999999999994,1.1952191235059761,-2.8000000000000025,33.76000000000001,0.398406374501992,0.09454600000000007
2023-02-23,2023-02-22,2023-02-23,2023-02-23,2023-02-22,2023-02-22,2023-02-22,2023-02-22,1887.482199999999,75.89041095890411,0.6894956979080993,79.37853107344633,930.0326000000007,75.61643835616438,未知,-9.380000000000004,47.61904761904761,45.63492063492063,13.759999999999994,5.9760956175298805,-2.560000000000027,36.51,2.3904382470119523,0.15763600000000008
2023-02-24,2023-02-23,2023-02-24,2023-02-24,2023-02-23,2023-02-23,2023-02-23,2023-02-23,1647.553599999999,70.41095890410959,0.6596669637040018,76.8361581920904,829.4017000000006,73.15068493150685,未知,-3.470000000000004,66.66666666666666,61.111111111111114,13.559999999999972,3.187250996015936,-2.870000000000063,34.75999999999999,1.1952191235059761,0.1836460000000001
2023-02-27,2023-02-26,2023-02-27,2023-02-27,2023-02-26,2023-02-24,2023-02-24,2023-02-24,1131.143599999999,56.71232876712329,0.6177252291955688,73.44632768361582,484.8117000000007,58.63013698630137,未知,-8.560000000000004,57.14285714285714,49.60317460317461,14.52,7.569721115537849,-1.780000000000026,33.779999999999966,0.796812749003984,0.3406160000000001
2023-02-28,2023-02-27,2023-02-28,2023-02-28,2023-02-27,2023-02-27,2023-02-27,2023-02-27,669.4999999999994,36.986301369863014,0.48886454910551236,63.84180790960452,290.8100000000007,55.342465753424655,未知,-1.090000000000004,71.42857142857143,67.06349206349206,13.890000000000002,6.800000000000001,0.32999999999998586,31.06,0.4,0.2611550000000001
2023-03-01,2023-02-28,2023-03-01,2023-03-01,2023-02-28,2023-02-28,2023-02-28,2023-02-28,649.1642999999993,36.986301369863014,0.48116030049119973,63.2768361581921,110.7900000000007,38.082191780821915,未知,9.689999999999996,88.88888888888889,85.71428571428571,14.829999999999988,9.163346613545817,1.4699999999999935,31.999999999999986,0.796812749003984,0.22343300000000008
2023-03-02,2023-03-01,2023-03-02,2023-03-02,2023-03-01,2023-03-01,2023-03-01,2023-03-01,744.4984999999994,38.9041095890411,0.2722614402604351,35.31073446327684,110.7900000000007,38.082191780821915,未知,-1.890000000000006,68.25396825396825,65.87301587301587,15.870000000000006,13.94422310756972,2.110000000000012,32.140000000000015,1.1952191235059761,0.2916240000000001
2023-03-03,2023-03-02,2023-03-03,2023-03-03,2023-03-02,2023-03-02,2023-03-02,2023-03-02,689.4681999999993,37.534246575342465,0.2573153135387086,31.35593220338983,93.11000000000068,36.16438356164384,未知,-7.380000000000005,61.904761904761905,54.36507936507936,14.200000000000035,7.968127490039841,0.6400000000000627,31.810000000000027,0.796812749003984,0.2641320000000001
2023-03-06,2023-03-05,2023-03-06,2023-03-06,2023-03-05,2023-03-03,2023-03-03,2023-03-03,1529.864299999999,68.76712328767123,0.4434563701534576,61.5819209039548,874.8681000000007,74.79452054794521,未知,-10.310000000000006,46.03174603174603,44.047619047619044,15.090000000000003,10.358565737051793,0.5700000000000038,31.349999999999987,0.796812749003984,0.10739700000000009
2023-03-07,2023-03-06,2023-03-07,2023-03-07,2023-03-06,2023-03-06,2023-03-06,2023-03-06,1603.164299999999,69.86301369863014,0.4550353498983851,62.14689265536724,915.9281000000007,75.89041095890411,未知,-23.600000000000005,17.46031746031746,18.253968253968253,16.23000000000001,16.400000000000002,2.3400000000000087,29.490000000000016,0.0,0.12334200000000009
2023-03-08,2023-03-07,2023-03-08,2023-03-08,2023-03-07,2023-03-07,2023-03-07,2023-03-07,1363.169999999999,63.287671232876704,0.2703002278328906,35.31073446327684,915.9281000000007,75.89041095890411,未知,-28.640000000000004,9.523809523809524,11.11111111111111,17.230000000000032,21.115537848605577,2.4000000000000448,30.99000000000003,0.796812749003984,0.1649710000000001
2023-03-09,2023-03-08,2023-03-09,2023-03-09,2023-03-08,2023-03-08,2023-03-08,2023-03-08,1625.739999999999,70.68493150684931,0.40484194693879566,55.367231638418076,1052.408100000001,78.9041095890411,未知,-21.310000000000006,28.57142857142857,23.41269841269841,16.21999999999999,16.334661354581673,0.34999999999998543,31.25,1.593625498007968,0.008508000000000099
2023-03-10,2023-03-09,2023-03-10,2023-03-10,2023-03-09,2023-03-09,2023-03-09,2023-03-09,1846.366299999999,76.71232876712328,0.43583726459159094,60.73446327683616,1051.698100000001,78.9041095890411,未知,-11.280000000000005,47.61904761904761,43.65079365079365,16.990000000000016,21.51394422310757,2.7899999999999814,31.510000000000016,2.3904382470119523,0.0395940000000001
2023-03-13,2023-03-12,2023-03-13,2023-03-13,2023-03-12,2023-03-10,2023-03-10,2023-03-10,1095.498999999999,55.61643835616439,0.3365072451258621,48.87005649717514,177.5400000000007,43.83561643835616,未知,-9.640000000000006,49.2063492063492,47.22222222222222,18.36000000000002,24.302788844621514,3.2700000000000173,33.13000000000002,3.9840637450199203,0.0709880000000001
2023-03-14,2023-03-13,2023-03-14,2023-03-14,2023-03-13,2023-03-13,2023-03-13,2023-03-13,1778.516799999999,75.61643835616438,0.45157019515569896,62.994350282485875,458.1989000000007,58.9041095890411,未知,-0.20000000000000462,74.60317460317461,69.44444444444444,17.45000000000001,22.8,1.2199999999999989,32.98000000000001,4.0,-0.026558999999999902
2023-03-15,2023-03-14,2023-03-15,2023-03-15,2023-03-14,2023-03-14,2023-03-14,2023-03-14,2080.914599999999,80.0,0.8387691378010348,87.00564971751412,488.1989000000007,60.273972602739725,未知,-0.8900000000000046,73.01587301587301,69.04761904761905,17.469999999999963,23.107569721115535,0.23999999999993094,32.489999999999995,3.9840637450199203,-0.0677449999999999
2023-03-16,2023-03-15,2023-03-16,2023-03-16,2023-03-15,2023-03-15,2023-03-15,2023-03-15,2787.602899999999,85.2054794520548,0.5622884600136084,70.05649717514125,1140.202900000001,81.64383561643835,未知,6.479999999999997,87.3015873015873,82.14285714285714,17.479999999999983,23.50597609561753,1.259999999999991,32.750000000000014,4.382470119521913,-0.04245999999999991
2023-03-17,2023-03-16,2023-03-17,2023-03-17,2023-03-16,2023-03-16,2023-03-16,2023-03-16,2993.986899999999,87.3972602739726,0.579782047859184,71.75141242937853,1274.302900000001,84.38356164383562,未知,-9.820000000000004,42.857142857142854,46.42857142857143,17.710000000000026,24.302788844621514,0.7200000000000095,32.73000000000002,4.382470119521913,-0.008202999999999912
2023-03-20,2023-03-19,2023-03-20,2023-03-20,2023-03-19,2023-03-17,2023-03-17,2023-03-17,3380.372599999999,90.95890410958904,0.507535058924481,66.38418079096046,1655.082400000001,89.04109589041096,未知,-10.310000000000002,41.269841269841265,46.03174603174603,16.500000000000004,19.9203187250996,-1.8600000000000172,35.02000000000001,7.968127490039841,-0.00732699999999991
2023-03-21,2023-03-20,2023-03-21,2023-03-21,2023-03-20,2023-03-20,2023-03-20,2023-03-20,2869.799799999999,84.93150684931507,0.4666493045838661,63.559322033898304,1408.833500000001,84.65753424657534,未知,-14.780000000000005,31.746031746031743,36.507936507936506,17.649999999999988,24.8,0.19999999999997797,38.68999999999998,11.200000000000001,0.05266700000000009
2023-03-22,2023-03-21,2023-03-22,2023-03-22,2023-03-21,2023-03-21,2023-03-21,2023-03-21,2618.401999999999,81.64383561643835,0.44391718299295285,62.42937853107344,1416.543500000001,84.65753424657534,未知,-16.360000000000003,25.396825396825395,32.142857142857146,15.440000000000031,11.155378486055776,-2.029999999999932,34.48000000000002,7.171314741035857,0.03915200000000009
2023-03-23,2023-03-22,2023-03-23,2023-03-23,2023-03-22,2023-03-22,2023-03-22,2023-03-22,1792.103499999999,73.6986301369863,0.5427157265058467,68.64406779661016,716.5560000000007,67.67123287671232,未知,-28.990000000000002,4.761904761904762,10.317460317460316,15.779999999999994,14.741035856573706,-1.6999999999999886,35.04999999999998,8.764940239043826,0.0466830000000001
2023-03-24,2023-03-23,2023-03-24,2023-03-24,2023-03-23,2023-03-23,2023-03-23,2023-03-23,1422.053499999999,65.20547945205479,0.48500257583976525,64.97175141242938,582.4560000000007,63.561643835616444,未知,-28.170000000000005,7.936507936507936,12.698412698412698,14.739999999999975,9.56175298804781,-2.9700000000000504,35.009999999999984,8.366533864541832,0.002087000000000099
2023-03-27,2023-03-26,2023-03-27,2023-03-27,2023-03-26,2023-03-24,2023-03-24,2023-03-24,2485.516699999999,80.54794520547945,1.0,100.0,1269.954000000001,82.46575342465754,未知,-13.300000000000002,41.269841269841265,41.66666666666667,14.670000000000005,9.56175298804781,-1.8299999999999983,35.429999999999986,9.9601593625498,-0.0208259999999999
2023-03-28,2023-03-27,2023-03-28,2023-03-28,2023-03-27,2023-03-27,2023-03-27,2023-03-27,2494.952999999999,80.54794520547945,1.0,100.0,1194.484000000001,80.54794520547945,未知,-8.780000000000005,58.730158730158735,51.587301587301596,15.48999999999996,12.8,-2.1600000000000286,34.74999999999997,7.6,-0.10446299999999989
2023-03-29,2023-03-28,2023-03-29,2023-03-29,2023-03-28,2023-03-28,2023-03-28,2023-03-28,2443.952999999999,79.17808219178082,1.0,100.0,1156.774000000001,79.72602739726027,未知,-24.17,15.873015873015872,17.857142857142858,15.180000000000016,11.553784860557768,-0.2600000000000158,35.99000000000001,10.756972111553784,-0.4166529999999999
2023-03-30,2023-03-29,2023-03-30,2023-03-30,2023-03-29,2023-03-29,2023-03-29,2023-03-29,2205.658999999999,77.53424657534246,1.0,100.0,1068.277500000001,77.8082191780822,未知,-19.1,28.57142857142857,26.190476190476193,15.859999999999985,17.131474103585656,0.07999999999999119,37.68000000000002,13.147410358565736,-0.5036019999999999
2023-03-31,2023-03-30,2023-03-31,2023-03-31,2023-03-30,2023-03-30,2023-03-30,2023-03-30,2005.658999999999,75.61643835616438,1.0,100.0,1068.277500000001,77.8082191780822,未知,-13.320000000000004,44.44444444444444,40.476190476190474,14.999999999999991,11.155378486055776,0.2600000000000158,39.02999999999999,14.741035856573706,-0.5018799999999999
2023-04-03,2023-04-02,2023-04-03,2023-04-03,2023-04-02,2023-03-31,2023-03-31,2023-03-31,877.6912999999993,44.657534246575345,0.6869353340669997,80.22598870056498,185.0600000000007,44.38356164383562,未知,-24.720000000000006,15.873015873015872,17.857142857142858,15.520000000000023,13.94422310756972,0.8500000000000174,41.29999999999998,16.334661354581673,-0.5458199999999999
2023-04-04,2023-04-03,2023-04-04,2023-04-04,2023-04-03,2023-04-03,2023-04-03,2023-04-03,831.6441999999993,42.465753424657535,0.5160222088721562,66.94915254237289,185.0600000000007,44.38356164383562,未知,-28.510000000000005,7.936507936507936,11.904761904761903,14.930000000000021,11.244979919678714,-0.5599999999999383,39.469999999999985,15.261044176706829,-0.4670499999999999
2023-04-06,2023-04-05,2023-04-06,2023-04-06,2023-04-05,2023-04-04,2023-04-04,2023-04-04,1408.158099999999,63.287671232876704,0.4094246830535032,55.367231638418076,258.7473000000007,53.97260273972603,未知,-11.050000000000004,55.55555555555556,44.84126984126984,14.679999999999982,10.0,-0.5000000000000338,39.27,15.2,-0.0514519999999999
2023-04-07,2023-04-06,2023-04-07,2023-04-07,2023-04-06,2023-04-06,2023-04-06,2023-04-06,2618.553699999999,81.64383561643835,0.5631596572523828,69.2090395480226,865.9440000000006,72.6027397260274,未知,-20.970000000000006,28.57142857142857,25.0,13.960000000000017,7.569721115537849,-1.8999999999999684,36.51000000000004,11.952191235059761,0.1349740000000001
2023-04-10,2023-04-09,2023-04-10,2023-04-10,2023-04-09,2023-04-07,2023-04-07,2023-04-07,2419.843699999999,78.63013698630137,0.4381914331047521,59.6045197740113,865.7340000000006,72.32876712328768,未知,-26.930000000000003,11.11111111111111,14.682539682539684,15.410000000000013,13.94422310756972,0.41000000000002146,36.55000000000004,12.350597609561753,0.14002100000000012
2023-04-11,2023-04-10,2023-04-11,2023-04-11,2023-04-10,2023-04-10,2023-04-10,2023-04-10,2268.7925,77.53424657534246,0.45455009899740384,61.5819209039548,912.5170000000005,73.42465753424658,未知,-19.960000000000004,33.33333333333333,26.58730158730159,15.370000000000017,13.600000000000001,-0.15000000000000568,36.67000000000002,12.8,0.2063000000000001
2023-04-12,2023-04-11,2023-04-12,2023-04-12,2023-04-11,2023-04-11,2023-04-11,2023-04-11,2679.6388,82.46575342465754,0.49603294161934525,64.12429378531074,995.6037000000006,76.16438356164383,未知,-23.360000000000003,23.809523809523807,21.428571428571427,16.800000000000015,26.693227091633464,1.869999999999994,35.83000000000003,10.756972111553784,0.4285560000000001
2023-04-13,2023-04-12,2023-04-13,2023-04-13,2023-04-12,2023-04-12,2023-04-12,2023-04-12,2576.050899999999,80.82191780821918,0.4502679522052108,60.451977401129945,995.6037000000006,76.16438356164383,未知,-38.49,0.0,5.555555555555555,17.070000000000007,28.286852589641438,2.3900000000000254,36.39999999999999,11.952191235059761,0.38956900000000017
2023-04-14,2023-04-13,2023-04-14,2023-04-14,2023-04-13,2023-04-13,2023-04-13,2023-04-13,1406.7053,61.09589041095891,0.3090433810954084,41.24293785310734,388.4070000000006,55.342465753424655,未知,-25.680000000000003,17.46031746031746,16.666666666666664,15.20999999999999,13.545816733067728,1.2499999999999734,35.73,10.756972111553784,0.3188140000000001
2023-04-17,2023-04-16,2023-04-17,2023-04-17,2023-04-16,2023-04-14,2023-04-14,2023-04-14,1079.8653,50.41095890410959,0.31267224997164594,41.80790960451977,265.9470000000006,52.054794520547944,未知,-34.620000000000005,1.5873015873015872,7.142857142857142,15.189999999999992,13.545816733067728,-0.22000000000002018,36.49999999999998,12.749003984063744,0.3169360000000001
2023-04-18,2023-04-17,2023-04-18,2023-04-18,2023-04-17,2023-04-17,2023-04-17,2023-04-17,1352.2779,58.9041095890411,0.2519016200707493,27.11864406779661,352.1815000000006,55.06849315068493,未知,-39.36000000000001,0.0,5.158730158730158,14.259999999999984,8.799999999999999,-1.1100000000000332,35.57999999999999,10.8,0.3242920000000001
2023-04-19,2023-04-18,2023-04-19,2023-04-19,2023-04-18,2023-04-18,2023-04-18,2023-04-18,1084.0203,50.136986301369866,0.2125521539590734,20.056497175141246,264.2775000000006,50.95890410958904,未知,-42.83,0.0,3.571428571428571,15.059999999999985,13.147410358565736,-1.7400000000000304,34.91999999999997,8.764940239043826,-0.29322199999999987
2023-04-20,2023-04-19,2023-04-20,2023-04-20,2023-04-19,2023-04-19,2023-04-19,2023-04-19,1304.760299999999,58.082191780821915,0.3577665213410738,48.58757062146893,504.9975000000006,59.45205479452055,未知,-38.690000000000005,3.1746031746031744,6.349206349206349,14.42000000000001,9.163346613545817,-2.649999999999997,35.5,11.155378486055776,-0.2301859999999999
2023-04-21,2023-04-20,2023-04-21,2023-04-21,2023-04-20,2023-04-20,2023-04-20,2023-04-20,1263.7103,57.26027397260274,0.3504552789346977,46.61016949152542,504.9975000000006,59.45205479452055,未知,-40.24,1.5873015873015872,5.158730158730158,14.429999999999987,9.56175298804781,-0.7800000000000029,35.74999999999999,12.350597609561753,-0.23595099999999986
2023-04-23,2023-04-22,2023-04-23,2023-04-23,2023-04-22,2023-04-21,2023-04-21,2023-04-21,2351.0888,76.98630136986301,0.5887600215641802,71.1864406779661,1050.189100000001,76.71232876712328,未知,-24.280000000000005,30.158730158730158,21.825396825396826,15.079999999999982,14.342629482071715,-0.11000000000001009,34.41000000000001,7.171314741035857,-0.23343099999999983
2023-04-24,2023-04-23,2023-04-24,2023-04-24,2023-04-23,2023-04-23,2023-04-23,2023-04-21,2351.0888,76.98630136986301,0.5887600215641802,71.1864406779661,1050.189100000001,76.71232876712328,未知,-25.510000000000005,26.984126984126984,19.047619047619047,15.300000000000002,16.400000000000002,1.0400000000000187,34.50000000000002,8.0,-0.23343099999999983
2023-04-25,2023-04-24,2023-04-25,2023-04-25,2023-04-24,2023-04-24,2023-04-24,2023-04-24,2020.5932,72.87671232876713,1.0,100.0,917.1716000000006,72.6027397260274,未知,-21.500000000000004,39.682539682539684,28.57142857142857,14.999999999999991,13.94422310756972,-0.05999999999999339,33.26000000000002,5.9760956175298805,-0.22114999999999985
2023-04-26,2023-04-25,2023-04-26,2023-04-26,2023-04-25,2023-04-25,2023-04-25,2023-04-25,1561.6785,64.10958904109589,1.0,100.0,848.3016000000006,68.21917808219177,未知,-18.190000000000005,50.79365079365079,35.317460317460316,14.929999999999977,13.147410358565736,0.509999999999966,34.24999999999998,7.569721115537849,0.20691500000000013
2023-04-27,2023-04-26,2023-04-27,2023-04-27,2023-04-26,2023-04-26,2023-04-26,2023-04-26,1184.3385,52.87671232876713,1.0,100.0,607.5816000000005,61.64383561643836,未知,-26.450000000000003,22.22222222222222,17.46031746031746,15.919999999999979,25.099601593625497,1.4899999999999913,34.49999999999997,8.764940239043826,0.1489530000000001
2023-04-28,2023-04-27,2023-04-28,2023-04-28,2023-04-27,2023-04-27,2023-04-27,2023-04-27,1184.3385,52.87671232876713,1.0,100.0,607.5816000000005,61.64383561643836,未知,-36.150000000000006,7.936507936507936,7.936507936507936,15.979999999999972,25.49800796812749,0.8999999999999897,35.5,13.545816733067728,0.1392640000000001
2023-05-04,2023-05-03,2023-05-04,2023-05-04,2023-05-03,2023-04-28,2023-04-28,2023-04-28,0.0,4.383561643835616,0.0,1.4124293785310735,0.0,13.972602739726028,未知,-41.35,1.5873015873015872,3.968253968253968,16.130000000000024,26.294820717131472,0.8300000000000214,35.51000000000002,13.94422310756972,0.13348400000000013
2023-05-05,2023-05-04,2023-05-05,2023-05-05,2023-05-04,2023-05-04,2023-05-04,2023-05-04,450.9642999999996,21.095890410958905,0.17943369505547008,18.07909604519774,298.8414000000006,53.42465753424658,未知,-35.620000000000005,11.11111111111111,8.73015873015873,15.880000000000027,25.2,0.8800000000000363,36.010000000000005,16.400000000000002,0.1678650000000001
2023-05-06,2023-05-05,2023-05-06,2023-05-06,2023-05-05,2023-05-05,2023-05-05,2023-05-05,697.2973999999996,33.42465753424658,0.21717942027174517,21.1864406779661,358.8410000000006,54.52054794520548,未知,-29.67,17.46031746031746,13.095238095238097,16.880000000000006,32.669322709163346,1.9500000000000295,38.51,21.51394422310757,0.14426500000000012
2023-05-08,2023-05-07,2023-05-08,2023-05-08,2023-05-07,2023-05-06,2023-05-06,2023-05-05,697.2973999999996,33.97260273972603,0.21717942027174517,21.75141242937853,358.8410000000006,55.06849315068493,未知,-16.130000000000003,61.904761904761905,40.87301587301587,16.900000000000006,33.067729083665334,0.9800000000000271,39.01000000000003,22.709163346613543,0.14426500000000012
2023-05-09,2023-05-08,2023-05-09,2023-05-09,2023-05-08,2023-05-08,2023-05-08,2023-05-08,697.2973999999996,34.24657534246575,0.21717942027174517,22.033898305084744,358.8410000000006,55.342465753424655,未知,-6.650000000000004,88.88888888888889,64.68253968253968,16.18999999999997,27.6,0.2099999999999973,38.53,22.0,0.1526850000000001
2023-05-10,2023-05-09,2023-05-10,2023-05-10,2023-05-09,2023-05-09,2023-05-09,2023-05-09,1579.8233,65.47945205479452,0.38596069264044297,51.12994350282486,366.1410000000006,55.61643835616439,未知,1.2599999999999962,96.82539682539682,77.77777777777779,17.329999999999977,35.85657370517929,1.199999999999953,40.66000000000001,25.49800796812749,0.1991820000000001
2023-05-11,2023-05-10,2023-05-11,2023-05-11,2023-05-10,2023-05-10,2023-05-10,2023-05-10,1917.800099999999,73.15068493150685,0.3916115455441568,52.259887005649716,465.8549000000006,57.80821917808219,未知,-4.820000000000004,87.3015873015873,67.46031746031747,18.60999999999997,41.832669322709165,2.7299999999999436,44.209999999999994,30.677290836653388,0.1776630000000001
2023-05-12,2023-05-11,2023-05-12,2023-05-12,2023-05-11,2023-05-11,2023-05-11,2023-05-11,2633.305499999999,83.01369863013699,0.4691686567200077,62.42937853107344,810.4279000000006,69.31506849315069,未知,-4.930000000000004,85.71428571428571,66.66666666666666,18.900000000000006,42.62948207171315,2.0199999999999996,47.00000000000002,33.86454183266932,0.1400640000000001
2023-05-15,2023-05-14,2023-05-15,2023-05-15,2023-05-14,2023-05-12,2023-05-12,2023-05-12,2824.0024,86.02739726027397,0.5449109681068356,68.64406779661016,776.7583000000006,67.3972602739726,未知,-14.460000000000004,57.14285714285714,44.84126984126984,19.410000000000018,44.223107569721115,2.510000000000012,46.989999999999995,33.46613545816733,0.14490300000000012
2023-05-16,2023-05-15,2023-05-16,2023-05-16,2023-05-15,2023-05-15,2023-05-15,2023-05-15,3043.8544,89.31506849315069,0.5634310847877732,70.33898305084746,946.0483000000006,75.34246575342466,未知,-28.160000000000004,22.22222222222222,16.26984126984127,18.100000000000005,40.0,1.9100000000000357,45.50000000000001,32.4,0.1380830000000001
2023-05-17,2023-05-16,2023-05-17,2023-05-17,2023-05-16,2023-05-16,2023-05-16,2023-05-16,2615.753099999999,82.1917808219178,0.525858465062825,67.51412429378531,963.7833000000005,75.61643835616438,未知,-39.940000000000005,4.761904761904762,5.158730158730158,19.169999999999998,43.82470119521912,1.8400000000000212,44.45999999999999,31.07569721115538,0.1767520000000001
2023-05-18,2023-05-17,2023-05-18,2023-05-18,2023-05-17,2023-05-17,2023-05-17,2023-05-17,2704.3414,84.38356164383562,0.5737509328110029,71.1864406779661,1051.919400000001,79.17808219178082,未知,-27.880000000000006,25.396825396825395,17.063492063492063,18.75,42.62948207171315,0.140000000000029,45.10000000000001,32.669322709163346,0.2016790000000001
2023-05-19,2023-05-18,2023-05-19,2023-05-19,2023-05-18,2023-05-18,2023-05-18,2023-05-18,2151.9872,75.34246575342466,0.5171694551366286,66.94915254237289,519.0354000000005,60.82191780821918,未知,-42.34,1.5873015873015872,3.571428571428571,18.979999999999997,44.223107569721115,0.07999999999999119,42.32,28.286852589641438,0.1997030000000001
2023-05-22,2023-05-21,2023-05-22,2023-05-22,2023-05-21,2023-05-19,2023-05-19,2023-05-19,3157.3552,91.23287671232877,0.6527567590454423,79.09604519774011,1011.383400000001,78.35616438356165,未知,-35.190000000000005,15.873015873015872,8.73015873015873,18.769999999999996,43.02788844621514,-0.6400000000000219,44.28000000000001,31.47410358565737,0.1835480000000001
2023-05-23,2023-05-22,2023-05-23,2023-05-23,2023-05-22,2023-05-22,2023-05-22,2023-05-22,2937.5032,88.4931506849315,0.6362221229969474,76.27118644067797,842.0934000000005,70.68493150684931,未知,-26.700000000000003,31.746031746031743,18.650793650793652,18.88000000000001,43.6,0.7800000000000047,46.20000000000002,34.4,0.3365680000000001
2023-05-24,2023-05-23,2023-05-24,2023-05-24,2023-05-23,2023-05-23,2023-05-23,2023-05-23,2826.9897,87.94520547945206,0.6273013272097966,75.42372881355932,871.3464000000005,73.6986301369863,未知,-29.470000000000006,20.634920634920633,13.492063492063492,19.379999999999995,46.613545816733065,0.2099999999999973,48.0,38.645418326693225,0.2562740000000001
2023-05-25,2023-05-24,2023-05-25,2023-05-25,2023-05-24,2023-05-24,2023-05-24,2023-05-24,2931.4034,88.76712328767124,0.906599962132779,89.26553672316385,888.9164000000005,74.79452054794521,未知,-35.69,14.285714285714285,8.333333333333332,19.37000000000002,46.613545816733065,0.6200000000000188,46.74,35.85657370517929,0.2648120000000001
2023-05-26,2023-05-25,2023-05-26,2023-05-26,2023-05-25,2023-05-25,2023-05-25,2023-05-25,2317.2879,78.08219178082192,0.8847014869957591,88.98305084745762,778.3860000000006,67.94520547945206,未知,-18.160000000000004,58.730158730158735,36.507936507936506,18.769999999999996,43.42629482071713,-0.21000000000000085,45.92,34.26294820717131,0.2487030000000001
2023-05-29,2023-05-28,2023-05-29,2023-05-29,2023-05-28,2023-05-26,2023-05-26,2023-05-26,874.8898999999997,41.369863013698634,0.5423689653006936,68.92655367231639,259.7080000000006,50.136986301369866,未知,-18.92,57.14285714285714,33.730158730158735,17.520000000000024,38.24701195219124,-1.2499999999999716,47.57000000000002,38.645418326693225,0.2350970000000001
2023-05-30,2023-05-29,2023-05-30,2023-05-30,2023-05-29,2023-05-26,2023-05-29,2023-05-29,1101.7339,51.23287671232877,0.5987899347905918,74.29378531073446,301.1160000000006,54.24657534246575,未知,-18.92,57.14285714285714,33.730158730158735,19.759999999999998,48.8,0.8799999999999883,48.25999999999997,41.199999999999996,0.06479400000000012
2023-05-31,2023-05-30,2023-05-31,2023-05-31,2023-05-30,2023-05-30,2023-05-30,2023-05-30,863.0491999999997,40.273972602739725,0.5389849375100386,68.36158192090396,246.8280000000006,49.04109589041096,未知,-11.310000000000002,71.42857142857143,50.39682539682539,19.039999999999992,46.21513944223107,-0.3400000000000034,48.03999999999999,40.23904382470119,0.06472900000000012
2023-06-01,2023-05-31,2023-06-01,2023-06-01,2023-05-31,2023-05-31,2023-05-31,2023-05-31,332.0703999999996,15.890410958904111,0.10331449757610849,9.322033898305085,41.40800000000057,24.383561643835616,未知,0.1699999999999967,95.23809523809523,75.79365079365078,20.029999999999994,49.40239043824701,0.6599999999999753,49.029999999999994,42.23107569721115,0.047947000000000115
2023-06-02,2023-06-01,2023-06-02,2023-06-02,2023-06-01,2023-06-01,2023-06-01,2023-06-01,1109.4358,51.50684931506849,0.27563377200272354,34.463276836158194,535.8740000000006,62.465753424657535,未知,-2.4400000000000035,90.47619047619048,71.42857142857143,20.500000000000007,50.59760956175299,1.730000000000011,52.0,49.00398406374502,0.04140500000000011
2023-06-05,2023-06-04,2023-06-05,2023-06-05,2023-06-04,2023-06-02,2023-06-02,2023-06-02,1734.5227,70.68493150684931,0.3371525573682983,46.32768361581921,847.7273000000006,72.32876712328768,未知,-9.760000000000003,80.95238095238095,53.57142857142857,19.700000000000006,49.00398406374502,2.179999999999982,52.459999999999994,49.800796812749006,0.04878400000000011
2023-06-06,2023-06-05,2023-06-06,2023-06-06,2023-06-05,2023-06-05,2023-06-05,2023-06-05,1868.511299999999,73.15068493150685,0.3538437491129103,48.58757062146893,832.5693000000006,71.23287671232876,未知,-6.610000000000004,87.3015873015873,63.095238095238095,18.789999999999996,44.223107569721115,-0.9700000000000024,52.05000000000002,49.40239043824701,0.004257000000000108
2023-06-07,2023-06-06,2023-06-07,2023-06-07,2023-06-06,2023-06-06,2023-06-06,2023-06-06,1931.302099999999,74.52054794520548,0.3614367894940939,49.717514124293785,832.5693000000006,71.23287671232876,未知,-11.180000000000003,74.60317460317461,49.2063492063492,20.009999999999994,50.0,0.9700000000000024,53.76999999999996,51.98412698412699,0.0949890000000001
2023-06-08,2023-06-07,2023-06-08,2023-06-08,2023-06-07,2023-06-07,2023-06-07,2023-06-07,2388.471,80.54794520547945,0.4416493422516087,60.73446327683616,939.6328000000005,77.26027397260275,未知,-8.800000000000002,82.53968253968253,55.952380952380956,20.069999999999986,50.79365079365079,0.03999999999999204,56.59,54.36507936507936,0.09705000000000011
2023-06-09,2023-06-08,2023-06-09,2023-06-09,2023-06-08,2023-06-08,2023-06-08,2023-06-08,1951.9156,75.06849315068493,0.3952834008867853,54.23728813559322,723.9468000000005,66.57534246575342,未知,-11.440000000000005,68.25396825396825,48.01587301587302,19.900000000000027,50.0,-0.5999999999999801,55.12000000000001,53.57142857142857,0.14638000000000012
2023-06-12,2023-06-11,2023-06-12,2023-06-12,2023-06-11,2023-06-09,2023-06-09,2023-06-09,1618.564799999999,68.21917808219177,0.39417921073211654,54.80225988700565,412.0935000000005,58.63013698630137,未知,-13.310000000000006,65.07936507936508,45.63492063492063,20.969999999999978,53.57142857142857,1.2699999999999712,56.67,55.158730158730165,0.1594760000000001
2023-06-13,2023-06-12,2023-06-13,2023-06-13,2023-06-12,2023-06-12,2023-06-12,2023-06-12,2220.349899999999,79.45205479452055,0.4718175813983908,66.10169491525424,713.7975000000005,66.3013698630137,未知,-21.220000000000006,47.61904761904761,28.57142857142857,21.130000000000003,54.980079681274894,2.340000000000007,57.16999999999999,56.17529880478087,0.22668900000000008
2023-06-14,2023-06-13,2023-06-14,2023-06-14,2023-06-13,2023-06-13,2023-06-13,2023-06-13,3043.8615,93.15068493150685,0.550480639027869,74.01129943502825,862.4134000000005,74.79452054794521,未知,-37.21000000000001,12.698412698412698,6.746031746031746,23.680000000000014,67.06349206349206,3.6700000000000195,59.95000000000004,56.34920634920635,0.04588400000000012
2023-06-15,2023-06-14,2023-06-15,2023-06-15,2023-06-14,2023-06-14,2023-06-14,2023-06-14,2623.692599999999,86.57534246575342,0.5188349461880996,70.62146892655367,760.9499000000005,67.94520547945206,未知,-49.940000000000005,0.0,0.7936507936507936,22.230000000000018,58.730158730158735,2.160000000000032,58.010000000000026,56.34920634920635,0.031802000000000115
2023-06-16,2023-06-15,2023-06-16,2023-06-16,2023-06-15,2023-06-15,2023-06-15,2023-06-15,2282.882599999999,80.82191780821918,0.4840633198409203,67.2316384180791,482.1699000000006,60.0,未知,-33.900000000000006,23.809523809523807,10.317460317460316,18.679999999999986,42.857142857142854,-1.2200000000000415,54.0,52.38095238095239,-0.018213999999999883
2023-06-19,2023-06-18,2023-06-19,2023-06-19,2023-06-18,2023-06-16,2023-06-16,2023-06-16,1991.1465,76.98630136986301,0.5395846750257747,73.1638418079096,482.1699000000006,60.82191780821918,未知,-25.070000000000004,44.44444444444444,22.61904761904762,19.69000000000003,49.60317460317461,-1.2799999999999478,52.45000000000002,49.60317460317461,-0.056277999999999884
2023-06-20,2023-06-19,2023-06-20,2023-06-20,2023-06-19,2023-06-19,2023-06-19,2023-06-19,1990.9406,76.43835616438356,0.5395589836866207,72.59887005649718,589.1263000000006,66.02739726027397,未知,-13.880000000000006,71.42857142857143,45.63492063492063,17.83999999999999,39.8406374501992,-3.2900000000000134,49.6,43.82470119521912,-0.2533739999999999
2023-06-21,2023-06-20,2023-06-21,2023-06-21,2023-06-20,2023-06-20,2023-06-20,2023-06-20,1289.370699999999,58.9041095890411,0.43146276999704186,60.451977401129945,529.3276000000005,64.10958904109589,未知,1.8199999999999958,100.0,80.15873015873017,19.240000000000013,48.01587301587302,-4.440000000000001,50.75000000000003,47.22222222222222,-0.17657199999999987
2023-06-25,2023-06-24,2023-06-25,2023-06-25,2023-06-24,2023-06-21,2023-06-21,2023-06-21,2958.047299999999,94.52054794520548,1.0,100.0,1493.498600000001,93.69863013698631,未知,11.959999999999997,100.0,92.85714285714286,19.519999999999982,50.39682539682539,-2.7100000000000364,51.52999999999999,49.2063492063492,-0.15721299999999985
2023-06-26,2023-06-25,2023-06-26,2023-06-26,2023-06-25,2023-06-25,2023-06-25,2023-06-21,2958.047299999999,94.79452054794521,1.0,100.0,1493.498600000001,93.97260273972603,未知,4.219999999999997,98.4126984126984,83.33333333333334,20.710000000000008,56.22489959839358,2.0300000000000225,50.970000000000006,48.99598393574297,-0.15721299999999985
2023-06-27,2023-06-26,2023-06-27,2023-06-27,2023-06-26,2023-06-26,2023-06-26,2023-06-26,1995.6355,78.35616438356165,1.0,100.0,1058.588200000001,86.84931506849315,未知,-11.100000000000001,77.77777777777779,50.0,19.709999999999983,52.0,0.01999999999995339,48.979999999999976,42.0,-0.3280479999999999
2023-06-28,2023-06-27,2023-06-28,2023-06-28,2023-06-27,2023-06-27,2023-06-27,2023-06-27,1751.644,72.32876712328768,1.0,100.0,969.7710000000005,82.1917808219178,未知,-13.820000000000004,66.66666666666666,44.047619047619044,20.77,56.573705179282875,2.9300000000000104,49.53000000000003,44.223107569721115,-0.36048599999999986
2023-06-29,2023-06-28,2023-06-29,2023-06-29,2023-06-28,2023-06-28,2023-06-28,2023-06-28,1967.6245,76.98630136986301,0.5350550364800146,72.59887005649718,865.0472000000007,77.26027397260275,未知,-15.540000000000003,63.49206349206349,40.476190476190474,21.189999999999998,58.56573705179283,1.949999999999985,50.449999999999974,47.410358565737056,-0.12374199999999985
2023-06-30,2023-06-29,2023-06-30,2023-06-30,2023-06-29,2023-06-29,2023-06-29,2023-06-29,1907.4196,75.34246575342466,0.5273165057493328,72.31638418079096,575.6353000000006,65.20547945205479,未知,-20.930000000000003,53.96825396825397,30.158730158730158,22.18,62.54980079681275,2.660000000000018,51.94000000000001,51.79282868525896,-0.06237699999999985
2023-07-03,2023-07-02,2023-07-03,2023-07-03,2023-07-02,2023-06-30,2023-06-30,2023-06-30,1111.936799999999,52.054794520547944,0.3202825744163552,44.632768361581924,75.06210000000057,30.684931506849317,未知,-34.230000000000004,23.809523809523807,10.317460317460316,23.130000000000006,68.92430278884463,2.419999999999998,56.139999999999986,58.964143426294825,-0.07811799999999985
2023-07-04,2023-07-03,2023-07-04,2023-07-04,2023-07-03,2023-07-03,2023-07-03,2023-07-03,1111.936799999999,52.32876712328767,0.2894236178462392,36.440677966101696,75.06210000000057,30.958904109589042,未知,-3.260000000000005,90.47619047619048,71.03174603174604,23.51000000000001,72.0,3.8000000000000256,56.03000000000002,59.199999999999996,0.09321600000000015
2023-07-05,2023-07-04,2023-07-05,2023-07-05,2023-07-04,2023-07-04,2023-07-04,2023-07-04,1152.960599999999,54.794520547945204,0.2969309859102331,38.70056497175141,75.06210000000057,31.232876712328768,未知,1.519999999999997,95.23809523809523,77.77777777777779,22.239999999999995,63.34661354581673,1.4699999999999953,56.75999999999996,60.55776892430279,0.17598000000000014
2023-07-06,2023-07-05,2023-07-06,2023-07-06,2023-07-05,2023-07-05,2023-07-05,2023-07-05,666.9285999999995,32.054794520547944,0.1846377411431184,19.2090395480226,39.19000000000057,24.10958904109589,未知,-1.1400000000000041,90.47619047619048,73.80952380952381,22.98,68.52589641434263,1.7900000000000027,58.00000000000001,61.75298804780876,0.16695100000000015
2023-07-07,2023-07-06,2023-07-07,2023-07-07,2023-07-06,2023-07-06,2023-07-06,2023-07-06,942.8003999999995,46.3013698630137,0.24249204140068864,28.53107344632768,53.62920000000057,27.671232876712327,未知,3.139999999999996,96.82539682539682,81.34920634920636,23.33999999999996,71.31474103585657,1.159999999999961,59.75999999999999,62.54980079681275,0.28460300000000016
2023-07-10,2023-07-09,2023-07-10,2023-07-10,2023-07-09,2023-07-07,2023-07-07,2023-07-07,792.2484999999996,38.9041095890411,0.15853174334781725,16.101694915254235,53.58920000000057,27.945205479452056,未知,21.459999999999997,100.0,97.61904761904762,22.970000000000024,68.12749003984064,-0.15999999999998238,60.00000000000001,63.34661354581673,0.36217200000000016
2023-07-11,2023-07-10,2023-07-11,2023-07-11,2023-07-10,2023-07-10,2023-07-10,2023-07-10,792.2484999999996,38.9041095890411,0.1712137353332114,17.231638418079097,53.58920000000057,28.21917808219178,未知,5.139999999999996,96.82539682539682,84.92063492063492,22.380000000000024,64.0,-1.1299999999999848,57.91,62.0,0.36592900000000017
2023-07-12,2023-07-11,2023-07-12,2023-07-12,2023-07-11,2023-07-11,2023-07-11,2023-07-11,1038.5119,48.76712328767123,0.2130931290021062,21.468926553672315,173.8738000000006,38.9041095890411,未知,-14.630000000000004,58.730158730158735,41.66666666666667,22.460000000000015,64.5418326693227,0.22000000000002018,57.24,61.75298804780876,0.4605730000000001
2023-07-13,2023-07-12,2023-07-13,2023-07-13,2023-07-12,2023-07-12,2023-07-12,2023-07-12,1557.8494,67.94520547945206,0.4492263706722673,64.12429378531074,392.1238000000006,57.26027397260274,未知,-2.0100000000000042,84.12698412698413,70.63492063492063,21.240000000000016,58.964143426294825,-1.7399999999999842,54.51999999999999,57.37051792828686,0.5157420000000001
2023-07-14,2023-07-13,2023-07-14,2023-07-14,2023-07-13,2023-07-13,2023-07-13,2023-07-13,1955.152399999999,77.26027397260275,0.5058409598545194,68.64406779661016,795.0809000000006,73.97260273972603,未知,-6.510000000000004,76.19047619047619,63.095238095238095,20.86999999999999,56.97211155378486,-2.4699999999999704,53.75000000000001,55.77689243027888,0.39934100000000017
2023-07-17,2023-07-16,2023-07-17,2023-07-17,2023-07-16,2023-07-14,2023-07-14,2023-07-14,1915.0524,75.89041095890411,0.7829155254400925,88.13559322033898,755.9309000000005,69.86301369863014,未知,-6.520000000000005,74.60317460317461,63.095238095238095,21.229999999999993,59.36254980079681,-1.7400000000000304,54.669999999999995,58.56573705179283,0.3275540000000002
2023-07-18,2023-07-17,2023-07-18,2023-07-18,2023-07-17,2023-07-17,2023-07-17,2023-07-17,2292.3328,83.83561643835617,0.48307102928587003,66.10169491525424,801.3609000000005,73.97260273972603,未知,-5.860000000000004,76.19047619047619,64.68253968253968,21.45999999999999,60.8,-0.9200000000000337,55.100000000000016,59.199999999999996,0.33779200000000015
2023-07-19,2023-07-18,2023-07-19,2023-07-19,2023-07-18,2023-07-18,2023-07-18,2023-07-18,2211.077499999999,82.1917808219178,0.4740653430394326,65.2542372881356,831.5345000000005,74.52054794520548,未知,2.1999999999999966,92.06349206349206,81.34920634920636,22.86999999999999,68.92430278884463,0.4099999999999753,56.21000000000001,61.354581673306775,0.18437200000000017
2023-07-20,2023-07-19,2023-07-20,2023-07-20,2023-07-19,2023-07-19,2023-07-19,2023-07-19,2648.582899999999,89.86301369863014,0.519168844634476,70.62146892655367,789.0745000000005,72.87671232876713,未知,-6.640000000000004,68.25396825396825,62.698412698412696,22.58,66.93227091633466,1.339999999999982,55.91,60.1593625498008,0.13113100000000016
2023-07-21,2023-07-20,2023-07-21,2023-07-21,2023-07-20,2023-07-20,2023-07-20,2023-07-20,1917.1626,75.06849315068493,0.4386936540988199,60.16949152542372,474.0182000000005,58.082191780821915,未知,-0.950000000000004,84.12698412698413,74.60317460317461,22.440000000000015,66.13545816733067,1.5700000000000252,55.33000000000001,60.1593625498008,0.09946400000000016
2023-07-24,2023-07-23,2023-07-24,2023-07-24,2023-07-23,2023-07-21,2023-07-21,2023-07-21,2217.193299999999,81.91780821917808,0.49936861391209736,67.2316384180791,474.0182000000005,58.082191780821915,未知,-21.240000000000002,34.92063492063492,28.174603174603174,23.990000000000002,78.88446215139442,2.7600000000000087,56.78000000000001,63.745019920318725,0.16499700000000017
2023-07-25,2023-07-24,2023-07-25,2023-07-25,2023-07-24,2023-07-24,2023-07-24,2023-07-24,1994.842899999999,77.53424657534246,0.8689691676349136,89.83050847457628,539.5882000000005,63.013698630136986,未知,-20.860000000000007,38.095238095238095,29.761904761904763,24.92000000000001,84.0,3.4600000000000186,55.26,60.4,0.2257990000000002
2023-07-26,2023-07-25,2023-07-26,2023-07-26,2023-07-25,2023-07-25,2023-07-25,2023-07-25,1929.6233,74.24657534246575,0.8651377072683912,89.54802259887006,405.9397000000005,54.794520547945204,未知,-11.320000000000004,55.55555555555556,48.41269841269841,17.210000000000036,35.45816733067729,-5.659999999999954,50.01000000000002,46.613545816733065,0.009982000000000157
2023-07-27,2023-07-26,2023-07-27,2023-07-27,2023-07-26,2023-07-26,2023-07-26,2023-07-26,2610.376999999999,88.21917808219179,0.8966740943611463,90.3954802259887,740.7971000000006,68.21917808219177,未知,4.489999999999997,95.23809523809523,84.12698412698413,21.10000000000003,58.964143426294825,-1.4799999999999685,53.90000000000001,56.97211155378486,-0.3752619999999999
2023-07-28,2023-07-27,2023-07-28,2023-07-28,2023-07-27,2023-07-27,2023-07-27,2023-07-27,2279.337,82.73972602739727,0.88341704335855,89.54802259887006,638.4571000000005,66.02739726027397,未知,7.229999999999996,96.82539682539682,87.6984126984127,21.079999999999988,58.56573705179283,-1.3600000000000279,55.279999999999994,61.354581673306775,-0.3326859999999998
2023-07-31,2023-07-30,2023-07-31,2023-07-31,2023-07-30,2023-07-28,2023-07-28,2023-07-28,2651.626299999999,89.86301369863014,0.7362302690870508,86.15819209039547,956.0971000000005,82.1917808219178,未知,10.509999999999994,96.82539682539682,90.47619047619048,18.91999999999996,47.01195219123506,-5.070000000000043,54.25,58.16733067729084,-0.45284499999999983
2023-08-01,2023-07-31,2023-08-01,2023-08-01,2023-07-31,2023-07-31,2023-07-31,2023-07-31,3078.5799,97.26027397260275,0.7641848930438241,86.15819209039547,1156.737100000001,89.31506849315069,未知,17.47,98.4126984126984,96.82539682539682,18.910000000000025,47.199999999999996,-6.009999999999984,54.38000000000001,58.8,-0.5692389999999998
2023-08-02,2023-08-01,2023-08-02,2023-08-02,2023-08-01,2023-08-01,2023-08-01,2023-08-01,3311.728,98.9041095890411,0.7770857267286883,86.15819209039547,1316.767400000001,92.32876712328768,未知,4.869999999999997,90.47619047619048,83.73015873015873,18.14,41.43426294820717,0.9299999999999642,54.21,58.16733067729084,-0.3224929999999998
2023-08-03,2023-08-02,2023-08-03,2023-08-03,2023-08-02,2023-08-02,2023-08-02,2023-08-02,1674.1314,66.3013698630137,0.3394818388835338,44.06779661016949,806.1200000000006,72.32876712328768,未知,-1.6900000000000048,73.01587301587301,70.63492063492063,18.930000000000025,48.60557768924303,-2.1700000000000053,55.18000000000001,62.15139442231076,0.03479100000000017
2023-08-04,2023-08-03,2023-08-04,2023-08-04,2023-08-03,2023-08-03,2023-08-03,2023-08-03,2195.1921,78.35616438356165,0.37637292299118585,47.740112994350284,947.1700000000005,80.54794520547945,未知,-1.4400000000000048,73.01587301587301,71.42857142857143,18.979999999999997,49.40239043824701,-2.0999999999999908,57.33000000000001,68.52589641434263,0.015169000000000168
2023-08-07,2023-08-06,2023-08-07,2023-08-07,2023-08-06,2023-08-04,2023-08-04,2023-08-04,1522.8721,60.54794520547945,0.32120160750967036,41.24293785310734,629.5300000000005,63.013698630136986,未知,11.889999999999995,95.23809523809523,92.06349206349206,18.67000000000001,44.223107569721115,-0.24999999999995026,56.86,67.33067729083665,0.06357300000000017
2023-08-08,2023-08-07,2023-08-08,2023-08-08,2023-08-07,2023-08-07,2023-08-07,2023-08-07,940.9884999999996,41.917808219178085,0.15522769467477537,12.711864406779661,317.8900000000006,47.397260273972606,未知,-10.360000000000005,47.61904761904761,48.80952380952381,18.67000000000001,44.800000000000004,-0.2400000000000162,55.29000000000002,63.6,0.09272000000000016
2023-08-09,2023-08-08,2023-08-09,2023-08-09,2023-08-08,2023-08-08,2023-08-08,2023-08-08,1240.7633,53.15068493150685,0.19503449617498342,18.926553672316384,325.6530000000006,48.21917808219178,未知,2.5799999999999956,82.53968253968253,79.36507936507937,19.97,56.17529880478087,1.8299999999999983,57.50999999999999,69.7211155378486,0.10052400000000017
2023-08-10,2023-08-09,2023-08-10,2023-08-10,2023-08-09,2023-08-09,2023-08-09,2023-08-09,1458.862499999999,58.9041095890411,0.34144907183920636,43.78531073446328,450.4530000000005,52.32876712328767,未知,-6.380000000000004,58.730158730158735,60.71428571428571,19.899999999999984,55.77689243027888,0.9699999999999598,57.50999999999999,70.1195219123506,0.09091500000000016
2023-08-11,2023-08-10,2023-08-11,2023-08-11,2023-08-10,2023-08-10,2023-08-10,2023-08-10,1918.8838,71.78082191780823,0.44086085143265924,56.779661016949156,427.9608000000006,52.054794520547944,未知,-7.210000000000004,52.38095238095239,58.333333333333336,19.779999999999998,55.77689243027888,0.8000000000000007,56.78000000000001,67.72908366533864,0.003707000000000165
2023-08-14,2023-08-13,2023-08-14,2023-08-14,2023-08-13,2023-08-11,2023-08-11,2023-08-11,1918.883799999999,70.95890410958904,0.46545659059738187,59.887005649717516,427.9608000000006,52.054794520547944,未知,-6.020000000000005,61.904761904761905,61.111111111111114,20.730000000000004,60.95617529880478,2.059999999999995,57.54000000000001,70.91633466135458,0.052848000000000166
2023-08-15,2023-08-14,2023-08-15,2023-08-15,2023-08-14,2023-08-14,2023-08-14,2023-08-14,2558.573799999999,86.3013698630137,0.8947395587412359,90.11299435028248,443.0508000000005,52.054794520547944,未知,-1.3200000000000056,71.42857142857143,70.63492063492063,21.919999999999984,68.0,3.249999999999975,58.040000000000006,72.8,0.05301000000000017
2023-08-16,2023-08-15,2023-08-16,2023-08-16,2023-08-15,2023-08-15,2023-08-15,2023-08-15,3212.8939,98.63013698630137,0.9143400431071635,90.67796610169492,552.6378000000005,59.726027397260275,未知,-12.950000000000006,36.507936507936506,42.857142857142854,23.320000000000007,80.87649402390437,3.3500000000000085,58.40999999999998,72.90836653386454,0.12623900000000016
2023-08-17,2023-08-16,2023-08-17,2023-08-17,2023-08-16,2023-08-16,2023-08-16,2023-08-16,4300.177,100.0,0.9345819558778111,90.67796610169492,771.6178000000006,68.76712328767123,未知,-15.500000000000005,28.57142857142857,36.507936507936506,22.289999999999964,71.31474103585657,2.3899999999999793,57.77999999999999,71.31474103585657,0.17989000000000016
2023-08-18,2023-08-17,2023-08-18,2023-08-18,2023-08-17,2023-08-17,2023-08-17,2023-08-17,4034.2401,99.72602739726028,0.6468818805779918,80.22598870056498,1080.436000000001,87.67123287671232,未知,-22.870000000000005,15.873015873015872,22.61904761904762,20.839999999999968,61.75298804780876,1.0599999999999703,55.87,64.14342629482071,0.21621500000000016
2023-08-21,2023-08-20,2023-08-21,2023-08-21,2023-08-20,2023-08-18,2023-08-18,2023-08-18,4500.518799999999,100.0,0.6120890683321112,78.53107344632768,1439.238700000001,93.97260273972603,未知,-10.350000000000005,46.03174603174603,48.80952380952381,20.720000000000027,60.95617529880478,-0.009999999999976694,55.86000000000002,64.14342629482071,0.17715900000000018
2023-08-22,2023-08-21,2023-08-22,2023-08-22,2023-08-21,2023-08-21,2023-08-21,2023-08-21,4731.0767,100.0,0.6238829053936539,79.37853107344633,1988.351700000001,99.72602739726028,未知,-9.490000000000006,47.61904761904761,51.98412698412699,21.62000000000002,68.0,-0.2999999999999652,54.150000000000006,57.99999999999999,0.22024800000000017
2023-08-23,2023-08-22,2023-08-23,2023-08-23,2023-08-22,2023-08-22,2023-08-22,2023-08-22,3866.4861,98.35616438356163,0.5754824741700613,74.57627118644068,1790.051700000001,98.63013698630137,未知,-30.500000000000007,7.936507936507936,9.920634920634921,20.109999999999985,58.964143426294825,-3.210000000000022,52.25,53.38645418326693,0.13689200000000018
2023-08-24,2023-08-23,2023-08-24,2023-08-24,2023-08-23,2023-08-23,2023-08-23,2023-08-23,2691.049999999999,87.3972602739726,0.4854643034321019,62.14689265536724,1510.387900000001,94.24657534246576,未知,-40.220000000000006,1.5873015873015872,3.571428571428571,19.95999999999998,56.97211155378486,-2.329999999999984,51.81,52.191235059760956,0.25544000000000017
2023-08-25,2023-08-24,2023-08-25,2023-08-25,2023-08-24,2023-08-24,2023-08-24,2023-08-24,3116.6994,95.34246575342465,0.7662069129297016,85.02824858757062,1799.302500000001,98.63013698630137,未知,-34.29000000000001,4.761904761904762,8.333333333333332,20.299999999999983,60.1593625498008,-0.5399999999999849,52.47999999999999,55.37848605577689,0.2975570000000002
2023-08-28,2023-08-27,2023-08-28,2023-08-28,2023-08-27,2023-08-25,2023-08-25,2023-08-25,2650.4207,85.75342465753425,0.7359375426480997,83.61581920903954,1440.499800000001,92.87671232876711,未知,-44.82000000000001,1.5873015873015872,1.1904761904761905,18.76000000000002,45.81673306772908,-1.960000000000008,50.280000000000015,47.808764940239044,0.33200100000000016
2023-08-29,2023-08-28,2023-08-29,2023-08-29,2023-08-28,2023-08-28,2023-08-28,2023-08-28,1780.172799999999,62.465753424657535,0.6517979382337138,79.94350282485875,876.2968000000006,75.06849315068493,未知,-39.14000000000001,4.761904761904762,4.365079365079365,18.650000000000013,44.4,-2.970000000000006,48.019999999999996,40.400000000000006,0.2272950000000002
2023-08-30,2023-08-29,2023-08-30,2023-08-30,2023-08-29,2023-08-29,2023-08-29,2023-08-29,1294.7407,49.589041095890416,0.5765316984280506,73.1638418079096,780.4068000000007,66.57534246575342,未知,-4.640000000000003,61.904761904761905,65.87301587301587,20.590000000000018,61.75298804780876,0.4800000000000324,46.589999999999996,36.254980079681275,0.27059500000000014
2023-08-31,2023-08-30,2023-08-31,2023-08-31,2023-08-30,2023-08-30,2023-08-30,2023-08-30,1164.7945,46.3013698630137,0.3177468076838458,35.59322033898305,716.2906000000006,60.82191780821918,未知,12.569999999999997,96.82539682539682,93.25396825396825,21.57,70.1195219123506,1.6100000000000207,49.06999999999999,44.6215139442231,0.12468400000000016
2023-09-01,2023-08-31,2023-09-01,2023-09-01,2023-08-31,2023-08-31,2023-08-31,2023-08-31,1054.3522,40.821917808219176,0.29655351725772755,32.48587570621469,680.8630000000005,60.273972602739725,未知,13.219999999999995,96.82539682539682,93.65079365079364,21.839999999999993,71.31474103585657,1.5400000000000098,49.590000000000025,45.81673306772908,0.12902400000000014
2023-09-04,2023-09-03,2023-09-04,2023-09-04,2023-09-03,2023-09-01,2023-09-01,2023-09-01,1514.1124,54.52054794520548,0.3888209287436078,44.06779661016949,803.1130000000005,68.4931506849315,未知,13.579999999999995,96.82539682539682,93.65079365079364,19.83999999999999,56.97211155378486,1.0799999999999699,49.33999999999998,45.0199203187251,0.04884200000000016
2023-09-05,2023-09-04,2023-09-05,2023-09-05,2023-09-04,2023-09-04,2023-09-04,2023-09-04,1716.2874,60.82191780821918,0.4189860799317937,48.30508474576271,918.9130000000006,76.43835616438356,未知,19.939999999999998,98.4126984126984,97.22222222222221,17.810000000000016,40.400000000000006,-0.8399999999999963,47.05000000000004,38.4,-0.11433199999999984
2023-09-06,2023-09-05,2023-09-06,2023-09-06,2023-09-05,2023-09-05,2023-09-05,2023-09-05,2899.7469,91.23287671232877,0.5492208158690334,70.05649717514125,982.7854000000005,80.27397260273973,未知,15.189999999999994,95.23809523809523,94.04761904761905,18.00999999999999,41.43426294820717,-2.5800000000000267,47.51000000000003,39.44223107569721,-0.22139999999999985
2023-09-07,2023-09-06,2023-09-07,2023-09-07,2023-09-06,2023-09-06,2023-09-06,2023-09-06,2973.414,92.6027397260274,0.7817750052978717,85.31073446327684,982.7854000000005,80.27397260273973,未知,15.789999999999996,95.23809523809523,95.23809523809523,18.73999999999998,46.613545816733065,-2.8300000000000196,46.989999999999995,37.45019920318725,-0.32632699999999987
2023-09-08,2023-09-07,2023-09-08,2023-09-08,2023-09-07,2023-09-07,2023-09-07,2023-09-07,2576.5786,82.46575342465754,0.48523333031888294,59.6045197740113,361.9220000000006,41.64383561643836,未知,27.089999999999996,100.0,99.20634920634922,20.420000000000016,62.94820717131474,-1.4199999999999768,42.91999999999998,29.880478087649404,-0.6916369999999998
2023-09-11,2023-09-10,2023-09-11,2023-09-11,2023-09-10,2023-09-08,2023-09-08,2023-09-08,2467.5184,79.72602739726027,0.49341304989099594,60.16949152542372,464.1520000000005,46.849315068493155,未知,29.029999999999998,100.0,99.20634920634922,20.73999999999998,66.13545816733067,0.8999999999999915,41.990000000000016,27.091633466135455,-0.8463719999999999
2023-09-12,2023-09-11,2023-09-12,2023-09-12,2023-09-11,2023-09-11,2023-09-11,2023-09-11,2612.297,82.73972602739727,0.5076663083737731,63.2768361581921,350.6820000000006,39.178082191780824,未知,31.369999999999994,100.0,99.60317460317461,21.340000000000003,71.6,3.529999999999987,37.339999999999975,20.4,-1.0083999999999997
2023-09-13,2023-09-12,2023-09-13,2023-09-13,2023-09-12,2023-09-12,2023-09-12,2023-09-12,1510.6975,51.50684931506849,0.3735561518979203,40.11299435028249,357.8696000000006,39.45205479452055,未知,28.919999999999995,96.82539682539682,98.4126984126984,21.76999999999998,74.10358565737052,3.7599999999999874,39.06999999999998,24.302788844621514,-1.0599969999999999
2023-09-14,2023-09-13,2023-09-14,2023-09-14,2023-09-13,2023-09-13,2023-09-13,2023-09-13,1545.9404,54.52054794520548,0.24233546151573912,21.468926553672315,397.0696000000005,41.64383561643836,未知,33.96999999999999,100.0,100.0,21.95999999999998,75.79365079365078,3.219999999999999,39.46000000000001,25.0,-0.6910099999999999
2023-09-15,2023-09-14,2023-09-15,2023-09-15,2023-09-14,2023-09-14,2023-09-14,2023-09-14,1607.1752,56.43835616438356,0.35422374696925957,38.4180790960452,520.9584000000006,52.32876712328767,未知,26.559999999999995,92.06349206349206,97.22222222222221,22.619999999999997,82.14285714285714,2.1999999999999815,38.36999999999997,21.825396825396826,-0.30821399999999977
2023-09-18,2023-09-17,2023-09-18,2023-09-18,2023-09-17,2023-09-15,2023-09-15,2023-09-15,1690.4386,58.63013698630137,0.22101169742808868,18.926553672316384,536.0984000000005,53.15068493150685,未知,22.639999999999993,90.47619047619048,96.03174603174604,21.189999999999998,70.23809523809523,0.45000000000001705,41.19000000000001,27.77777777777778,-0.05363499999999978
2023-09-19,2023-09-18,2023-09-19,2023-09-19,2023-09-18,2023-09-18,2023-09-18,2023-09-18,1794.4536,60.82191780821918,0.23146314701846088,20.62146892655367,823.7179000000007,68.21917808219177,未知,17.139999999999997,84.12698412698413,93.25396825396825,21.97,77.29083665338645,0.6299999999999955,39.96999999999997,26.693227091633464,0.30216900000000024
2023-09-20,2023-09-19,2023-09-20,2023-09-20,2023-09-19,2023-09-19,2023-09-19,2023-09-19,2128.9636,71.23287671232876,0.26325219883025486,25.141242937853107,994.8979000000005,80.27397260273973,未知,17.479999999999997,85.71428571428571,93.65079365079364,20.719999999999985,65.07936507936508,-1.0499999999999936,39.96999999999997,26.984126984126984,0.44154400000000027
2023-09-21,2023-09-20,2023-09-21,2023-09-21,2023-09-20,2023-09-20,2023-09-20,2023-09-20,2511.5048,80.82191780821918,0.407070497116815,44.91525423728814,1101.503000000001,85.2054794520548,未知,22.399999999999995,88.88888888888889,95.63492063492063,19.979999999999976,59.92063492063492,-1.980000000000004,39.71999999999998,26.58730158730159,0.21189600000000025
2023-09-22,2023-09-21,2023-09-22,2023-09-22,2023-09-21,2023-09-21,2023-09-21,2023-09-21,2462.9605,78.35616438356165,0.40236822739740274,44.06779661016949,1360.347000000001,89.86301369863014,未知,8.609999999999996,68.25396825396825,84.12698412698413,20.650000000000013,64.28571428571429,-1.9699999999999847,41.40999999999999,29.761904761904763,0.21345100000000022
2023-09-25,2023-09-24,2023-09-25,2023-09-25,2023-09-24,2023-09-22,2023-09-22,2023-09-22,2028.9971,69.58904109589041,1.0,100.0,1120.727000000001,84.93150684931507,未知,17.049999999999997,79.36507936507937,92.06349206349206,19.499999999999986,55.55555555555556,-1.690000000000012,43.25999999999999,34.12698412698413,0.19734000000000024
2023-09-26,2023-09-25,2023-09-26,2023-09-26,2023-09-25,2023-09-25,2023-09-25,2023-09-25,1578.0285,52.32876712328767,1.0,100.0,830.7775000000006,66.84931506849315,未知,14.379999999999997,74.60317460317461,88.88888888888889,17.93,41.43426294820717,-4.039999999999999,40.94000000000002,28.68525896414343,0.32631100000000024
2023-09-27,2023-09-26,2023-09-27,2023-09-27,2023-09-26,2023-09-26,2023-09-26,2023-09-26,1137.6585,39.178082191780824,1.0,100.0,588.5375000000006,53.15068493150685,未知,-10.560000000000002,22.22222222222222,46.82539682539682,18.71999999999998,46.82539682539682,-2.0000000000000036,37.230000000000004,19.841269841269842,0.39314500000000024
2023-09-28,2023-09-27,2023-09-28,2023-09-28,2023-09-27,2023-09-27,2023-09-27,2023-09-27,646.2073,21.91780821917808,1.0,100.0,442.7324000000006,41.0958904109589,未知,-30.36,9.523809523809524,10.317460317460316,18.420000000000016,44.047619047619044,-1.5599999999999596,36.19000000000003,16.666666666666664,0.3568250000000003
2023-10-07,2023-10-06,2023-10-07,2023-10-07,2023-10-06,2023-09-28,2023-09-28,2023-09-28,3059.506,94.24657534246576,0.429693466733968,47.30878186968839,433.1947000000006,40.821917808219176,未知,-22.590000000000003,11.11111111111111,23.015873015873016,19.15,53.96825396825397,-1.5000000000000142,42.66000000000001,34.523809523809526,0.28439400000000026
2023-10-08,2023-10-07,2023-10-08,2023-10-08,2023-10-07,2023-10-07,2023-10-07,2023-09-28,3059.506,94.24657534246576,0.429693466733968,47.30878186968839,433.1947000000006,40.821917808219176,未知,-33.92,6.349206349206349,8.333333333333332,19.850000000000012,60.8,0.3500000000000263,44.36,38.4,0.28439400000000026
2023-10-09,2023-10-08,2023-10-09,2023-10-09,2023-10-08,2023-10-08,2023-10-08,2023-09-28,3059.506,94.24657534246576,0.429693466733968,47.30878186968839,433.1947000000006,40.821917808219176,未知,-33.9,7.936507936507936,9.126984126984127,19.840000000000035,60.55776892430279,1.9100000000000357,44.10000000000003,37.45019920318725,0.28439400000000026
2023-10-10,2023-10-09,2023-10-10,2023-10-10,2023-10-09,2023-10-09,2023-10-09,2023-10-09,3521.6047,97.80821917808218,0.4644504328611325,52.69121813031161,376.0946000000006,36.71232876712329,未知,-9.020000000000003,31.746031746031743,52.77777777777778,18.990000000000016,53.78486055776892,0.2700000000000351,41.00999999999999,29.880478087649404,0.12904300000000024
2023-10-11,2023-10-10,2023-10-11,2023-10-11,2023-10-10,2023-10-10,2023-10-10,2023-10-10,4009.9217,98.35616438356163,0.5214041018296348,62.889518413597735,335.8408000000006,34.24657534246575,未知,-0.1700000000000037,53.96825396825397,70.63492063492063,18.830000000000034,50.199203187250994,0.4100000000000179,40.44000000000003,29.08366533864542,-0.027155999999999764
2023-10-12,2023-10-11,2023-10-12,2023-10-12,2023-10-11,2023-10-11,2023-10-11,2023-10-11,4188.7517,98.63013698630137,0.4749662256770759,54.39093484419264,335.8408000000006,34.52054794520548,未知,-2.5100000000000033,46.03174603174603,65.47619047619048,19.320000000000004,56.573705179282875,0.17000000000000526,41.42999999999999,32.27091633466135,-0.14650899999999978
2023-10-13,2023-10-12,2023-10-13,2023-10-13,2023-10-12,2023-10-12,2023-10-12,2023-10-12,5166.768700000001,100.0,0.5273790414473668,63.73937677053825,503.9923000000005,47.94520547945205,未知,0.5699999999999967,57.14285714285714,72.22222222222221,21.729999999999983,79.6812749003984,1.8799999999999706,43.17999999999999,37.05179282868526,-0.14668099999999978
2023-10-16,2023-10-15,2023-10-16,2023-10-16,2023-10-15,2023-10-13,2023-10-13,2023-10-13,6421.4154,100.0,0.6043164431743921,73.08781869688386,376.1715000000005,38.082191780821915,未知,-3.6600000000000037,44.44444444444444,64.28571428571429,23.47999999999999,94.02390438247012,3.6399999999999544,41.49999999999996,32.669322709163346,-0.14673099999999978
2023-10-17,2023-10-16,2023-10-17,2023-10-17,2023-10-16,2023-10-16,2023-10-16,2023-10-16,4941.2397,98.9041095890411,0.540277753586186,64.87252124645893,376.1715000000005,38.35616438356164,未知,1.769999999999996,57.14285714285714,73.80952380952381,23.46999999999997,93.60000000000001,4.479999999999954,42.23999999999997,34.0,-0.017157999999999767
2023-10-18,2023-10-17,2023-10-18,2023-10-18,2023-10-17,2023-10-17,2023-10-17,2023-10-17,3929.2353,96.43835616438356,0.378643545295203,37.39376770538244,343.1515000000005,34.794520547945204,未知,1.8899999999999963,57.14285714285714,75.39682539682539,21.950000000000003,81.67330677290838,3.119999999999969,38.270000000000024,22.709163346613543,0.004142000000000229
2023-10-19,2023-10-18,2023-10-19,2023-10-19,2023-10-18,2023-10-18,2023-10-18,2023-10-18,5019.3054,98.9041095890411,0.5475463289934245,66.85552407932012,451.9281000000005,43.56164383561644,未知,0.9899999999999958,53.96825396825397,72.61904761904762,21.599999999999973,78.88446215139442,2.279999999999969,38.61999999999996,24.302788844621514,-0.01609299999999977
2023-10-20,2023-10-19,2023-10-20,2023-10-20,2023-10-19,2023-10-19,2023-10-19,2023-10-19,4386.2792,97.26027397260275,0.513984214822258,59.490084985835686,542.4616000000005,52.32876712328767,未知,-7.980000000000004,31.746031746031743,55.158730158730165,22.88000000000001,88.44621513944223,1.150000000000027,37.650000000000006,21.91235059760956,-0.2731149999999998
2023-10-23,2023-10-22,2023-10-23,2023-10-23,2023-10-22,2023-10-20,2023-10-20,2023-10-20,3561.6468,95.06849315068493,0.462116614716425,50.70821529745042,923.9916000000005,75.34246575342466,未知,1.519999999999996,55.55555555555556,73.01587301587301,25.870000000000015,99.60159362549801,2.3900000000000254,41.390000000000036,33.067729083665334,-0.1904029999999997
2023-10-24,2023-10-23,2023-10-24,2023-10-24,2023-10-23,2023-10-23,2023-10-23,2023-10-23,3684.2732,95.34246575342465,0.47054059572765483,52.69121813031161,923.9916000000005,75.61643835616438,未知,-23.010000000000005,12.698412698412698,22.61904761904762,24.960000000000004,97.6,1.490000000000034,41.92999999999998,35.199999999999996,-0.30222899999999975
2023-10-25,2023-10-24,2023-10-25,2023-10-25,2023-10-24,2023-10-24,2023-10-24,2023-10-24,4280.5347,96.7123287671233,0.6923367907084869,80.45325779036827,1132.001500000001,86.57534246575342,未知,-12.270000000000005,23.809523809523807,42.46031746031746,24.880000000000013,96.81274900398407,2.9300000000000104,40.649999999999984,30.677290836653388,-0.35956099999999974
2023-10-26,2023-10-25,2023-10-26,2023-10-26,2023-10-25,2023-10-25,2023-10-25,2023-10-25,4253.1759,96.43835616438356,0.6909693200052981,80.45325779036827,1218.066200000001,88.4931506849315,未知,7.849999999999995,65.07936507936508,84.12698412698413,26.18999999999998,99.60159362549801,4.590000000000007,42.209999999999994,36.254980079681275,-0.28211599999999976
2023-10-27,2023-10-26,2023-10-27,2023-10-27,2023-10-26,2023-10-26,2023-10-26,2023-10-26,2962.1851,87.12328767123287,0.6089536578837065,75.07082152974505,784.3812000000005,64.38356164383562,未知,22.039999999999996,87.3015873015873,95.63492063492063,25.27000000000004,97.60956175298804,2.390000000000029,39.790000000000035,29.08366533864542,-0.04766199999999975
2023-10-30,2023-10-29,2023-10-30,2023-10-30,2023-10-29,2023-10-27,2023-10-27,2023-10-27,2161.8251,66.84931506849315,0.7298962724031204,81.01983002832861,402.8512000000006,40.273972602739725,未知,16.589999999999996,77.77777777777779,92.06349206349206,25.439999999999998,98.40637450199203,-0.4300000000000175,38.76999999999997,25.49800796812749,-0.10399499999999974
2023-10-31,2023-10-30,2023-10-31,2023-10-31,2023-10-30,2023-10-30,2023-10-30,2023-10-30,2016.6251,64.10958904109589,0.7159721398492115,80.16997167138811,402.8512000000006,40.54794520547945,未知,7.25,60.317460317460316,83.33333333333334,24.66999999999997,95.6,-0.2900000000000347,39.080000000000005,27.6,-0.05776499999999976
2023-11-01,2023-10-31,2023-11-01,2023-11-01,2023-10-31,2023-10-31,2023-10-31,2023-10-31,2135.6513,65.75342465753424,0.7274880705348075,80.16997167138811,194.8413000000006,26.575342465753426,未知,-10.880000000000003,22.22222222222222,46.03174603174603,27.640000000000022,100.0,2.7600000000000087,40.02000000000003,31.47410358565737,-0.006731999999999766
2023-11-02,2023-11-01,2023-11-02,2023-11-02,2023-11-01,2023-11-01,2023-11-01,2023-11-01,922.2983000000003,29.041095890410958,0.23392565949060823,19.263456090651555,0.0,10.684931506849315,未知,-19.030000000000005,17.46031746031746,30.158730158730158,27.30000000000001,99.60159362549801,1.1100000000000314,38.83000000000001,25.89641434262948,-0.03653499999999976
2023-11-03,2023-11-02,2023-11-03,2023-11-03,2023-11-02,2023-11-02,2023-11-02,2023-11-02,1131.2383,37.534246575342465,0.27247997495350207,24.929178470254957,208.9400000000006,27.671232876712327,未知,-17.630000000000006,19.047619047619047,32.53968253968254,29.030000000000022,100.0,3.759999999999984,39.06,27.490039840637447,-0.07745799999999976
2023-11-06,2023-11-05,2023-11-06,2023-11-06,2023-11-05,2023-11-03,2023-11-03,2023-11-03,1131.2383,37.534246575342465,0.25815344881855545,22.946175637393768,208.9400000000006,27.671232876712327,未知,-16.400000000000002,20.634920634920633,33.33333333333333,28.50999999999999,99.60159362549801,3.069999999999993,38.64000000000001,25.099601593625497,-0.02588499999999977
2023-11-07,2023-11-06,2023-11-07,2023-11-07,2023-11-06,2023-11-06,2023-11-06,2023-11-06,1841.0541,55.89041095890411,0.3615685099853901,35.41076487252124,319.3362000000005,33.97260273972603,未知,-85.61,0.0,0.0,28.459999999999972,99.2,3.7900000000000027,37.000000000000014,20.0,-0.04268199999999976
2023-11-08,2023-11-07,2023-11-08,2023-11-08,2023-11-07,2023-11-07,2023-11-07,2023-11-07,1144.0485,37.534246575342465,0.17088489754473157,12.747875354107649,319.3362000000005,33.97260273972603,未知,-79.26,1.5873015873015872,0.3968253968253968,27.660000000000018,98.80478087649402,0.01999999999999602,35.97999999999999,15.936254980079681,0.23196900000000023
2023-11-09,2023-11-08,2023-11-09,2023-11-09,2023-11-08,2023-11-08,2023-11-08,2023-11-08,1179.825,38.35616438356164,0.2615889451191459,22.6628895184136,332.6362000000005,34.24657534246575,未知,-82.47999999999999,1.5873015873015872,0.3968253968253968,29.730000000000032,100.0,2.430000000000021,35.870000000000026,15.936254980079681,0.22608900000000023
2023-11-10,2023-11-09,2023-11-10,2023-11-10,2023-11-09,2023-11-09,2023-11-09,2023-11-09,1653.0019,50.68493150684932,0.3317015029432003,30.31161473087819,123.6962000000006,21.91780821917808,未知,-88.78,0.0,0.0,29.32999999999999,99.60159362549801,0.29999999999996874,35.76999999999999,15.53784860557769,0.31407300000000027
2023-11-13,2023-11-12,2023-11-13,2023-11-13,2023-11-12,2023-11-10,2023-11-10,2023-11-10,1653.0019,50.68493150684932,0.297596783610786,25.77903682719547,123.6962000000006,22.73972602739726,未知,-87.08,1.5873015873015872,0.3968253968253968,30.24999999999998,100.0,1.7399999999999878,37.18999999999997,21.91235059760956,0.27211300000000027
2023-11-14,2023-11-13,2023-11-14,2023-11-14,2023-11-13,2023-11-13,2023-11-13,2023-11-13,1268.4888,38.35616438356164,0.2453561988374133,19.54674220963173,159.7734000000006,23.835616438356162,未知,14.879999999999999,74.60317460317461,89.68253968253968,29.82,99.6,1.3600000000000279,37.86000000000001,25.2,0.34401500000000024
2023-11-15,2023-11-14,2023-11-15,2023-11-15,2023-11-14,2023-11-14,2023-11-14,2023-11-14,1508.8956,42.73972602739726,0.485113726369726,54.107648725212464,459.5112000000005,45.20547945205479,未知,22.27,87.3015873015873,95.63492063492063,28.659999999999997,98.00796812749005,0.9999999999999787,37.89000000000002,25.49800796812749,0.18038000000000026
2023-11-16,2023-11-15,2023-11-16,2023-11-16,2023-11-15,2023-11-15,2023-11-15,2023-11-15,1444.9308,41.917808219178085,0.2701092609703447,22.6628895184136,446.2112000000005,44.109589041095894,未知,11.129999999999999,65.07936507936508,86.11111111111111,28.330000000000013,96.81274900398407,-1.40000000000002,38.660000000000004,28.286852589641438,0.2567990000000002
2023-11-17,2023-11-16,2023-11-17,2023-11-17,2023-11-16,2023-11-16,2023-11-16,2023-11-16,1265.6419,37.534246575342465,0.2447982907393702,19.54674220963173,470.0792000000006,46.3013698630137,未知,-10.21,39.682539682539684,48.80952380952381,28.580000000000005,97.60956175298804,-0.7499999999999858,37.41000000000003,23.50597609561753,0.19918400000000025
2023-11-20,2023-11-19,2023-11-20,2023-11-20,2023-11-19,2023-11-17,2023-11-17,2023-11-17,2017.8782,63.83561643835617,0.3217855833972345,30.31161473087819,591.5242000000005,55.342465753424655,未知,-10.020000000000001,39.682539682539684,49.2063492063492,28.200000000000003,96.01593625498009,-2.049999999999976,37.19000000000001,22.31075697211155,0.19600700000000026
2023-11-21,2023-11-20,2023-11-21,2023-11-21,2023-11-20,2023-11-20,2023-11-20,2023-11-20,1731.8261,51.50684931506849,0.2893694939607351,23.79603399433428,455.0630000000006,43.56164383561644,未知,-9.450000000000001,41.269841269841265,51.587301587301596,27.04,94.39999999999999,-2.780000000000001,35.88,16.8,0.19146800000000025
2023-11-22,2023-11-21,2023-11-22,2023-11-22,2023-11-21,2023-11-21,2023-11-21,2023-11-21,1668.3268,49.86301369863014,0.28174881345849717,23.512747875354105,155.3252000000006,22.73972602739726,未知,-23.82,20.634920634920633,23.015873015873016,25.47999999999999,93.22709163346613,-3.180000000000007,34.819999999999986,10.756972111553784,0.3164940000000002
2023-11-23,2023-11-22,2023-11-23,2023-11-23,2023-11-22,2023-11-22,2023-11-22,2023-11-22,1778.7068,53.42465753424658,0.4770304814527116,52.40793201133145,244.8552000000005,27.123287671232877,未知,-11.610000000000001,31.746031746031743,44.047619047619044,23.78,89.64143426294821,-4.550000000000011,33.010000000000026,5.577689243027888,0.3508650000000002
2023-11-24,2023-11-23,2023-11-24,2023-11-24,2023-11-23,2023-11-23,2023-11-23,2023-11-23,1380.6708,37.534246575342465,0.4145323518613727,39.94334277620396,267.9715000000006,29.863013698630137,未知,5.71,58.730158730158735,82.53968253968253,22.69999999999999,82.07171314741036,-5.880000000000017,31.68000000000002,2.788844621513944,0.3080890000000002
2023-11-27,2023-11-26,2023-11-27,2023-11-27,2023-11-26,2023-11-24,2023-11-24,2023-11-24,698.3842000000002,19.17808219178082,0.4060174496108968,38.81019830028329,164.7865000000006,22.73972602739726,未知,16.27,76.19047619047619,92.85714285714286,22.910000000000032,84.06374501992032,-5.289999999999971,31.689999999999998,3.187250996015936,0.28228200000000025
2023-11-28,2023-11-27,2023-11-28,2023-11-28,2023-11-27,2023-11-27,2023-11-27,2023-11-27,714.7562000000001,19.17808219178082,0.41161775344520624,39.6600566572238,154.7743000000006,21.095890410958905,未知,15.02,71.42857142857143,90.47619047619048,22.550000000000026,80.4,-4.489999999999974,27.63,0.0,0.26410900000000026
2023-11-29,2023-11-28,2023-11-29,2023-11-29,2023-11-28,2023-11-28,2023-11-28,2023-11-28,569.2043000000002,15.616438356164384,0.3577866374489024,32.577903682719544,154.7743000000006,21.095890410958905,未知,4.780000000000001,53.96825396825397,80.15873015873017,24.449999999999996,90.43824701195219,-1.029999999999994,28.43,0.398406374501992,0.0022410000000002567
2023-11-30,2023-11-29,2023-11-30,2023-11-30,2023-11-29,2023-11-29,2023-11-29,2023-11-29,458.8243000000002,14.246575342465754,0.16501359114178574,10.48158640226629,65.24430000000056,15.342465753424658,未知,2.18,52.38095238095239,76.5873015873016,24.48000000000001,90.43824701195219,0.70000000000001,27.490000000000016,0.0,-0.14211399999999974
2023-12-01,2023-11-30,2023-12-01,2023-12-01,2023-11-30,2023-11-30,2023-11-30,2023-11-30,1106.3708,29.315068493150687,0.32273860854915815,28.328611898016998,301.3600000000006,30.684931506849317,未知,10.82,60.317460317460316,86.11111111111111,25.570000000000004,93.22709163346613,2.870000000000015,30.370000000000008,1.593625498007968,-0.10648699999999975
2023-12-04,2023-12-03,2023-12-04,2023-12-04,2023-12-03,2023-12-01,2023-12-01,2023-12-01,1286.4211,35.89041095890411,0.38759051576984543,35.12747875354108,283.1000000000006,29.589041095890412,未知,-12.41,22.22222222222222,43.65079365079365,26.529999999999987,94.02390438247012,3.619999999999955,29.78000000000001,1.593625498007968,-0.08177299999999973
2023-12-05,2023-12-04,2023-12-05,2023-12-05,2023-12-04,2023-12-04,2023-12-04,2023-12-04,1347.1715,36.71232876712329,0.3985983963708788,37.110481586402265,335.9016000000006,32.87671232876712,未知,-12.6,22.22222222222222,43.65079365079365,25.31000000000003,91.60000000000001,2.760000000000005,25.560000000000027,0.0,-0.030029999999999744
2023-12-06,2023-12-05,2023-12-06,2023-12-06,2023-12-05,2023-12-05,2023-12-05,2023-12-05,1118.7115,29.589041095890412,0.35499870450763105,30.878186968838527,335.9016000000006,32.87671232876712,未知,3.1899999999999995,53.96825396825397,78.57142857142857,26.019999999999975,93.22709163346613,1.569999999999979,25.51999999999999,0.0,0.09387100000000026
2023-12-07,2023-12-06,2023-12-07,2023-12-07,2023-12-06,2023-12-06,2023-12-06,2023-12-06,1118.7115,29.589041095890412,0.6042805330167287,71.38810198300283,335.9016000000006,32.87671232876712,未知,3.5999999999999996,55.55555555555556,79.36507936507937,25.450000000000017,91.63346613545816,0.970000000000006,25.950000000000006,0.796812749003984,0.16665500000000028
2023-12-08,2023-12-07,2023-12-08,2023-12-08,2023-12-07,2023-12-07,2023-12-07,2023-12-07,446.9456000000002,12.32876712328767,0.12311039724710379,6.79886685552408,52.80160000000056,11.506849315068493,未知,-5.62,39.682539682539684,62.698412698412696,25.57999999999998,92.43027888446214,0.009999999999976694,25.229999999999997,0.0,0.21793500000000027
2023-12-11,2023-12-10,2023-12-11,2023-12-11,2023-12-10,2023-12-08,2023-12-08,2023-12-08,311.9249000000002,11.78082191780822,0.08905206914765133,6.232294617563739,52.80160000000056,11.506849315068493,未知,4.250000000000001,58.730158730158735,80.15873015873017,25.33999999999996,90.43824701195219,-1.1900000000000261,25.699999999999967,1.1952191235059761,0.20807400000000026
2023-12-12,2023-12-11,2023-12-12,2023-12-12,2023-12-11,2023-12-11,2023-12-11,2023-12-11,317.9078000000002,11.78082191780822,0.0906053789945119,6.232294617563739,0.0,7.9452054794520555,未知,-17.27,20.634920634920633,33.730158730158735,25.829999999999977,92.4,0.5199999999999463,23.729999999999983,0.0,0.10845800000000025
2023-12-13,2023-12-12,2023-12-13,2023-12-13,2023-12-12,2023-12-12,2023-12-12,2023-12-12,335.8577000000002,12.054794520547945,0.09523399449853046,6.232294617563739,17.66840000000057,9.863013698630137,未知,-35.78,7.936507936507936,7.936507936507936,25.489999999999966,91.23505976095618,-0.5300000000000082,22.73999999999998,0.0,0.26561500000000027
2023-12-14,2023-12-13,2023-12-14,2023-12-14,2023-12-13,2023-12-13,2023-12-13,2023-12-13,435.8577000000002,12.32876712328767,0.07351213667561375,4.2492917847025495,17.66840000000057,9.863013698630137,未知,-56.75,7.936507936507936,1.984126984126984,25.490000000000013,91.23505976095618,0.039999999999995595,23.749999999999982,0.796812749003984,0.21475100000000025
2023-12-15,2023-12-14,2023-12-15,2023-12-15,2023-12-14,2023-12-14,2023-12-14,2023-12-14,402.5546000000002,12.054794520547945,0.11685677531934151,6.515580736543909,23.05090000000057,9.863013698630137,未知,-65.42999999999999,7.936507936507936,1.984126984126984,22.90000000000001,78.48605577689243,-2.6799999999999713,25.660000000000018,2.3904382470119523,0.21082800000000024
2023-12-18,2023-12-17,2023-12-18,2023-12-18,2023-12-17,2023-12-15,2023-12-15,2023-12-15,287.5753000000002,9.58904109589041,0.06027978890116461,4.2492917847025495,23.05090000000057,9.863013698630137,未知,-98.49000000000001,0.0,0.0,25.510000000000012,91.23505976095618,0.17000000000005144,27.780000000000005,4.382470119521913,0.19908400000000023
2023-12-19,2023-12-18,2023-12-19,2023-12-19,2023-12-18,2023-12-18,2023-12-18,2023-12-18,165.2194000000002,7.671232876712329,0.035543900016853446,2.8328611898017,23.05090000000057,9.863013698630137,未知,-113.77000000000001,0.0,0.0,25.260000000000016,87.6,-0.5699999999999612,27.52000000000003,4.0,0.16817800000000024
2023-12-20,2023-12-19,2023-12-20,2023-12-20,2023-12-19,2023-12-19,2023-12-19,2023-12-19,147.2695000000002,7.397260273972603,0.031805129158698923,2.5495750708215295,5.382500000000569,7.9452054794520555,未知,-99.53,1.5873015873015872,0.3968253968253968,23.680000000000014,83.66533864541833,-1.8099999999999525,26.590000000000025,3.5856573705179287,0.014144000000000247
2023-12-21,2023-12-20,2023-12-21,2023-12-21,2023-12-20,2023-12-20,2023-12-20,2023-12-20,47.26950000000023,6.301369863013699,0.021216403545919367,2.26628895184136,5.382500000000569,7.9452054794520555,未知,-88.14000000000001,6.349206349206349,1.5873015873015872,22.090000000000032,70.91633466135458,-3.399999999999981,22.809999999999995,0.398406374501992,0.04779100000000025
2023-12-22,2023-12-21,2023-12-22,2023-12-22,2023-12-21,2023-12-21,2023-12-21,2023-12-21,0.0,4.931506849315069,0.0,1.69971671388102,0.0,6.027397260273973,未知,-80.39,12.698412698412698,3.1746031746031744,24.399999999999977,84.86055776892431,1.499999999999968,19.40999999999997,0.0,0.03167500000000025
2023-12-25,2023-12-24,2023-12-25,2023-12-25,2023-12-24,2023-12-22,2023-12-22,2023-12-22,0.0,5.7534246575342465,,,0.0,6.8493150684931505,未知,-48.78,19.047619047619047,5.158730158730158,23.970000000000002,83.66533864541833,-1.5400000000000098,20.23999999999999,0.398406374501992,-0.02092299999999975
2023-12-26,2023-12-25,2023-12-26,2023-12-26,2023-12-25,2023-12-25,2023-12-25,2023-12-25,0.0,6.027397260273973,,,0.0,7.123287671232877,未知,-23.61,28.57142857142857,25.396825396825395,24.399999999999977,84.8,-0.8600000000000385,21.17999999999998,0.8,-0.012447999999999737
2023-12-27,2023-12-26,2023-12-27,2023-12-27,2023-12-26,2023-12-26,2023-12-26,2023-12-26,0.0,6.301369863013699,,,0.0,7.397260273972603,未知,-22.13,33.33333333333333,28.57142857142857,21.950000000000003,68.92430278884463,-1.730000000000011,26.990000000000023,5.577689243027888,-0.05872699999999973
2023-12-28,2023-12-27,2023-12-28,2023-12-28,2023-12-27,2023-12-27,2023-12-27,2023-12-27,0.0,6.301369863013699,,,0.0,7.397260273972603,未知,-7.209999999999999,58.730158730158735,60.317460317460316,23.009999999999977,78.88446215139442,0.9199999999999449,32.77999999999999,14.342629482071715,0.25828000000000023
2023-12-29,2023-12-28,2023-12-29,2023-12-29,2023-12-28,2023-12-28,2023-12-28,2023-12-28,0.0,6.301369863013699,,,0.0,7.397260273972603,未知,-8.84,57.14285714285714,55.952380952380956,20.77,60.55776892430279,-3.6299999999999777,35.709999999999994,24.302788844621514,0.4501020000000002
2023-12-31,2023-12-30,2023-12-31,2023-12-31,2023-12-30,2023-12-29,2023-12-29,2023-12-29,0.0,6.301369863013699,,,0.0,7.397260273972603,未知,-9.019999999999998,55.55555555555556,55.952380952380956,21.340000000000003,65.33864541832669,-2.629999999999999,36.870000000000005,31.07569721115538,0.49501100000000026
2024-01-02,2024-01-01,2024-01-02,2024-01-02,2024-01-01,2023-12-29,2023-12-31,2023-12-29,0.0,6.8493150684931505,,,0.0,7.9452054794520555,未知,-9.019999999999998,55.55555555555556,55.952380952380956,21.330000000000027,65.2,-3.0699999999999505,36.86000000000003,31.2,0.49501100000000026
2024-01-03,2024-01-02,2024-01-03,2024-01-03,2024-01-02,2024-01-02,2024-01-02,2024-01-02,0.0,7.123287671232877,,,0.0,8.21917808219178,未知,-13.939999999999998,39.682539682539684,41.66666666666667,20.27000000000001,56.39999999999999,-1.6799999999999926,32.03,12.8,0.5674480000000002
2024-01-04,2024-01-03,2024-01-04,2024-01-04,2024-01-03,2024-01-03,2024-01-03,2024-01-03,0.0,7.397260273972603,0.0,2.0289855072463765,0.0,8.493150684931507,未知,3.100000000000003,76.19047619047619,80.15873015873017,22.03999999999997,71.31474103585657,-0.970000000000006,31.84999999999998,12.350597609561753,0.31228600000000023
2024-01-05,2024-01-04,2024-01-05,2024-01-05,2024-01-04,2024-01-04,2024-01-04,2024-01-04,0.0,7.671232876712329,0.0,2.318840579710145,0.0,8.767123287671232,未知,-49.88999999999999,19.047619047619047,5.158730158730158,23.70000000000001,82.86852589641434,2.9300000000000104,31.38000000000001,10.756972111553784,0.03476500000000025
2024-01-08,2024-01-07,2024-01-08,2024-01-08,2024-01-07,2024-01-05,2024-01-05,2024-01-05,0.0,8.493150684931507,0.0,3.1884057971014492,0.0,9.58904109589041,未知,-66.49,15.873015873015872,3.968253968253968,23.599999999999977,81.67330677290838,2.259999999999973,31.84999999999998,13.147410358565736,-0.13940399999999975
2024-01-09,2024-01-08,2024-01-09,2024-01-09,2024-01-08,2024-01-08,2024-01-08,2024-01-08,0.0,8.767123287671232,0.0,3.4782608695652173,0.0,9.863013698630137,未知,-93.78,4.761904761904762,1.1904761904761905,23.060000000000038,78.8,1.730000000000011,29.42,8.0,-0.15624999999999975
2024-01-10,2024-01-09,2024-01-10,2024-01-10,2024-01-09,2024-01-09,2024-01-09,2024-01-09,0.0,9.04109589041096,0.0,3.768115942028986,0.0,10.136986301369863,未知,-125.87,0.0,0.0,23.839999999999996,83.26693227091634,3.569999999999986,28.46000000000002,7.968127490039841,-0.12517299999999976
2024-01-11,2024-01-10,2024-01-11,2024-01-11,2024-01-10,2024-01-10,2024-01-10,2024-01-10,246.8200000000002,10.684931506849315,0.06399572704974568,6.086956521739131,0.0,10.41095890410959,未知,-114.32,1.5873015873015872,0.3968253968253968,22.560000000000002,74.10358565737052,0.5200000000000315,28.12000000000001,7.569721115537849,0.042734000000000244
2024-01-12,2024-01-11,2024-01-12,2024-01-12,2024-01-11,2024-01-11,2024-01-11,2024-01-11,257.8200000000002,10.95890410958904,0.06665770382282529,6.3768115942028984,0.0,10.684931506849315,未知,-70.99,20.634920634920633,5.158730158730158,21.729999999999983,66.93227091633466,-1.9700000000000273,27.89999999999999,7.569721115537849,-0.07720899999999975
2024-01-15,2024-01-14,2024-01-15,2024-01-15,2024-01-14,2024-01-12,2024-01-12,2024-01-12,257.8200000000002,11.78082191780822,0.08897032942004683,7.536231884057972,0.0,11.506849315068493,未知,-47.55,30.158730158730158,7.936507936507936,19.759999999999998,49.00398406374502,-3.8399999999999785,27.72999999999999,7.171314741035857,-0.14636799999999975
2024-01-16,2024-01-15,2024-01-16,2024-01-16,2024-01-15,2024-01-15,2024-01-15,2024-01-15,1109.42,29.315068493150687,0.29589109782312994,22.608695652173914,0.0,11.78082191780822,未知,-18.63,41.269841269841265,37.301587301587304,20.08000000000001,53.6,-2.980000000000029,27.19999999999998,6.0,-0.15833899999999976
2024-01-17,2024-01-16,2024-01-17,2024-01-17,2024-01-16,2024-01-16,2024-01-16,2024-01-16,1517.4626,43.83561643835616,0.3649972942630921,34.78260869565217,0.0,12.054794520547945,未知,27.26,100.0,98.4126984126984,19.010000000000016,42.62948207171315,-4.8299999999999805,26.029999999999998,5.179282868525896,-0.18191499999999974
2024-01-18,2024-01-17,2024-01-18,2024-01-18,2024-01-17,2024-01-17,2024-01-17,2024-01-17,1481.3021,42.465753424657535,0.4528172741979409,49.85507246376812,0.0,12.32876712328767,未知,-2.4099999999999993,69.84126984126983,69.84126984126983,21.300000000000008,63.34661354581673,-1.2599999999999945,27.82,8.764940239043826,-0.045201999999999756
2024-01-19,2024-01-18,2024-01-19,2024-01-19,2024-01-18,2024-01-18,2024-01-18,2024-01-18,1638.812,49.589041095890416,0.4779532969436643,54.492753623188406,0.0,12.32876712328767,未知,-16.66,46.03174603174603,38.88888888888889,20.120000000000005,53.78486055776892,-1.6099999999999781,27.289999999999992,6.772908366533864,0.06342700000000025
2024-01-22,2024-01-21,2024-01-22,2024-01-22,2024-01-21,2024-01-19,2024-01-19,2024-01-19,1889.372,57.80821917808219,0.6135575695304105,76.657060518732,0.0,12.32876712328767,未知,-26.7,33.33333333333333,23.41269841269841,20.900000000000006,59.76095617529881,1.1400000000000077,28.670000000000016,11.155378486055776,0.025446000000000246
2024-01-23,2024-01-22,2024-01-23,2024-01-23,2024-01-22,2024-01-22,2024-01-22,2024-01-22,2318.8296,73.42465753424658,0.6608555741777826,80.17241379310344,362.4728000000006,39.178082191780824,未知,-67.35,22.22222222222222,5.555555555555555,21.17,61.199999999999996,1.0899999999999928,28.390000000000004,10.4,0.04346900000000025
2024-01-24,2024-01-23,2024-01-24,2024-01-24,2024-01-23,2024-01-23,2024-01-23,2024-01-23,2010.787,64.38356164383562,0.628216435520389,77.93696275071633,362.4728000000006,39.178082191780824,未知,-63.569999999999986,26.984126984126984,6.746031746031746,19.64999999999999,45.0199203187251,0.6399999999999757,26.569999999999983,5.577689243027888,0.022995000000000255
2024-01-25,2024-01-24,2024-01-25,2024-01-25,2024-01-24,2024-01-24,2024-01-24,2024-01-24,2116.3745,66.84931506849315,1.0,100.0,362.4728000000006,39.45205479452055,未知,-58.29,28.57142857142857,7.142857142857142,19.019999999999992,40.87301587301587,-2.2800000000000153,27.939999999999987,10.317460317460316,-0.001103999999999744
2024-01-26,2024-01-25,2024-01-26,2024-01-26,2024-01-25,2024-01-25,2024-01-25,2024-01-25,2519.4246,78.35616438356165,1.0,100.0,498.6028000000006,53.15068493150685,未知,-52.33,31.746031746031743,7.936507936507936,18.789999999999996,36.75889328063241,-1.330000000000009,28.13000000000003,11.067193675889328,-0.09737599999999975
2024-01-29,2024-01-28,2024-01-29,2024-01-29,2024-01-28,2024-01-26,2024-01-26,2024-01-26,2644.4407,81.64383561643835,0.7722255783258268,86.81948424068769,564.6591000000005,58.35616438356165,未知,-41.32,38.095238095238095,11.507936507936508,17.769999999999975,28.74015748031496,-3.130000000000031,27.70999999999999,8.661417322834646,-0.01948799999999976
2024-01-30,2024-01-29,2024-01-30,2024-01-30,2024-01-29,2024-01-29,2024-01-29,2024-01-29,2680.6867,84.10958904109589,0.7746112064984095,87.10601719197709,1173.2263,91.5068493150685,未知,-2.8300000000000014,76.19047619047619,69.84126984126983,18.00999999999999,30.314960629921263,-3.160000000000011,27.91000000000001,10.62992125984252,-0.012278999999999759
2024-01-31,2024-01-30,2024-01-31,2024-01-31,2024-01-30,2024-01-30,2024-01-30,2024-01-30,3051.8568,89.86301369863014,0.7964433326422844,88.82521489971347,1393.651900000001,95.06849315068493,未知,-20.48,47.61904761904761,36.507936507936506,19.21999999999997,42.51968503937008,-0.43000000000002103,29.289999999999992,13.779527559055119,-0.00397699999999976
2024-02-01,2024-01-31,2024-02-01,2024-02-01,2024-01-31,2024-01-31,2024-01-31,2024-01-31,2735.6098,84.93150684931507,0.46243918927850847,50.71633237822349,1393.651900000001,95.06849315068493,未知,-27.130000000000003,41.269841269841265,24.6031746031746,18.23000000000001,30.708661417322837,-0.7899999999999814,28.529999999999987,13.385826771653544,0.020315000000000243
2024-02-02,2024-02-01,2024-02-02,2024-02-02,2024-02-01,2024-02-01,2024-02-01,2024-02-01,2164.0498,68.21917808219177,0.40494566498987333,39.541547277936964,1257.521900000001,92.87671232876711,未知,-57.92,30.158730158730158,7.5396825396825395,18.040000000000013,29.527559055118108,-0.7499999999999822,27.07999999999999,6.692913385826772,0.09440100000000023
2024-02-04,2024-02-03,2024-02-04,2024-02-04,2024-02-03,2024-02-02,2024-02-02,2024-02-02,1788.4737,53.6986301369863,0.4269989089342974,41.833810888252145,1191.4656,91.23287671232877,未知,-50.21,34.92063492063492,8.73015873015873,18.789999999999996,36.61417322834646,1.020000000000021,26.229999999999976,5.511811023622047,0.10014500000000023
2024-02-05,2024-02-04,2024-02-05,2024-02-05,2024-02-04,2024-02-04,2024-02-04,2024-02-02,1788.4737,53.6986301369863,0.4269989089342974,42.12034383954155,1191.4656,91.23287671232877,未知,-48.190000000000005,38.095238095238095,10.317460317460316,19.459999999999987,44.26877470355731,1.4499999999999957,27.48999999999997,8.300395256916996,0.10014500000000023
2024-02-06,2024-02-05,2024-02-06,2024-02-06,2024-02-05,2024-02-05,2024-02-05,2024-02-05,471.1701,14.246575342465754,0.16410386134907154,10.888252148997136,220.4256000000006,27.397260273972602,未知,-60.0,25.396825396825395,7.142857142857142,18.369999999999997,30.314960629921263,-0.849999999999973,26.140000000000008,5.511811023622047,0.03725900000000025
2024-02-07,2024-02-06,2024-02-07,2024-02-07,2024-02-06,2024-02-06,2024-02-06,2024-02-06,0.0,8.21917808219178,0.0,4.011461318051576,0.0,12.054794520547945,未知,-53.72,30.158730158730158,8.73015873015873,13.3,0.0,-4.93000000000001,25.550000000000004,3.5294117647058822,0.06912800000000024
2024-02-08,2024-02-07,2024-02-08,2024-02-08,2024-02-07,2024-02-07,2024-02-07,2024-02-07,0.0,8.493150684931507,,,0.0,12.32876712328767,未知,-5.96,73.01587301587301,66.66666666666666,17.76000000000004,25.882352941176475,-0.2799999999999727,28.290000000000013,14.117647058823529,0.021104000000000248
2024-02-09,2024-02-08,2024-02-09,2024-02-09,2024-02-08,2024-02-08,2024-02-08,2024-02-08,0.0,8.767123287671232,,,0.0,12.602739726027398,未知,-22.759999999999998,47.61904761904761,33.730158730158735,14.979999999999993,7.0588235294117645,-3.8100000000000023,29.769999999999985,17.647058823529413,-0.009954999999999749
2024-02-18,2024-02-17,2024-02-18,2024-02-18,2024-02-17,2024-02-09,2024-02-09,2024-02-08,757.9341,21.643835616438356,0.14926032616295667,10.495626822157435,311.4397000000006,36.16438356164384,未知,-22.759999999999998,49.2063492063492,33.730158730158735,15.229999999999988,10.588235294117647,-4.229999999999999,28.750000000000007,16.470588235294116,-0.009954999999999749
2024-02-19,2024-02-18,2024-02-19,2024-02-19,2024-02-18,2024-02-18,2024-02-18,2024-02-08,757.9341,21.91780821917808,0.14926032616295667,10.787172011661808,311.4397000000006,36.43835616438356,未知,2.0599999999999996,80.95238095238095,79.36507936507937,14.34000000000002,3.614457831325301,-4.029999999999978,27.269999999999996,8.835341365461847,-0.009954999999999749
2024-02-20,2024-02-19,2024-02-20,2024-02-20,2024-02-19,2024-02-19,2024-02-19,2024-02-19,880.447,25.47945205479452,0.1693021772936057,12.82798833819242,311.4397000000006,36.71232876712329,未知,9.44,93.65079365079364,86.90476190476191,14.98999999999997,8.0,1.6899999999999693,28.92999999999999,17.599999999999998,-0.05475199999999975
2024-02-21,2024-02-20,2024-02-21,2024-02-21,2024-02-20,2024-02-20,2024-02-20,2024-02-20,1190.7052,36.16438356164384,0.21607129338001965,15.160349854227405,524.8798000000006,58.082191780821915,未知,11.68,95.23809523809523,88.4920634920635,16.849999999999987,19.12350597609562,-0.9100000000000534,31.689999999999998,23.50597609561753,0.06036200000000025
2024-02-22,2024-02-21,2024-02-22,2024-02-22,2024-02-21,2024-02-21,2024-02-21,2024-02-21,1038.7952,26.84931506849315,0.3074454468267268,25.94752186588921,599.8798000000006,63.287671232876704,未知,7.829999999999998,90.47619047619048,85.31746031746032,16.18999999999997,17.131474103585656,1.209999999999976,33.37999999999997,29.482071713147413,0.05286000000000025
2024-02-23,2024-02-22,2024-02-23,2024-02-23,2024-02-22,2024-02-22,2024-02-22,2024-02-22,2106.0678,67.12328767123287,0.47369223654214165,54.22740524781341,1198.844500000001,92.32876712328768,未知,2.5999999999999988,79.36507936507937,79.36507936507937,17.36,21.91235059760956,2.1300000000000114,33.69,29.880478087649404,0.10117800000000024
2024-02-26,2024-02-25,2024-02-26,2024-02-26,2024-02-25,2024-02-23,2024-02-23,2024-02-23,2106.0678,67.12328767123287,0.7505405963462463,85.13119533527697,1198.844500000001,92.32876712328768,未知,2.4199999999999986,77.77777777777779,78.57142857142857,16.590000000000018,17.928286852589643,2.2499999999999982,33.43000000000003,29.880478087649404,0.18583800000000023
2024-02-27,2024-02-26,2024-02-27,2024-02-27,2024-02-26,2024-02-26,2024-02-26,2024-02-26,2149.2693,67.94520547945206,0.7543229767716233,85.13119533527697,1198.844500000001,92.32876712328768,未知,-18.21,53.96825396825397,38.88888888888889,18.19000000000002,28.000000000000004,3.200000000000049,30.830000000000002,20.4,0.23754800000000023
2024-02-28,2024-02-27,2024-02-28,2024-02-28,2024-02-27,2024-02-27,2024-02-27,2024-02-27,1552.407,45.20547945205479,0.6892213529792791,80.17492711370262,673.9647000000006,64.65753424657534,未知,-40.75000000000001,39.682539682539684,13.88888888888889,16.33,16.733067729083665,-0.5199999999999889,29.42,18.725099601593627,0.5061000000000002
2024-02-29,2024-02-28,2024-02-29,2024-02-29,2024-02-28,2024-02-28,2024-02-28,2024-02-28,1448.087,40.54794520547945,0.40023553883585433,40.524781341107875,598.9647000000006,62.19178082191781,未知,-30.050000000000004,42.857142857142854,22.61904761904762,19.459999999999987,43.82470119521912,3.2700000000000173,28.469999999999995,16.334661354581673,0.5775410000000002
2024-03-01,2024-02-29,2024-03-01,2024-03-01,2024-02-29,2024-02-29,2024-02-29,2024-02-29,578.777,16.986301369863014,0.2105580045234662,14.577259475218659,0.0,13.972602739726028,未知,-30.04,44.44444444444444,23.015873015873016,16.900000000000006,18.725099601593627,-0.45999999999999375,28.149999999999984,14.741035856573706,0.5731610000000003
2024-03-04,2024-03-03,2024-03-04,2024-03-04,2024-03-03,2024-03-01,2024-03-01,2024-03-01,578.777,17.80821917808219,0.21210124535643618,15.451895043731778,0.0,14.794520547945206,未知,-51.580000000000005,30.158730158730158,9.523809523809524,16.26999999999996,15.53784860557769,-0.3200000000000571,28.519999999999968,17.131474103585656,0.48686400000000024
2024-03-05,2024-03-04,2024-03-05,2024-03-05,2024-03-04,2024-03-04,2024-03-04,2024-03-04,413.0626,15.068493150684931,0.16115977814978058,12.244897959183673,0.0,15.068493150684931,未知,-37.410000000000004,42.857142857142854,17.46031746031746,16.959999999999997,18.4,-1.2300000000000217,27.21,8.799999999999999,0.45913600000000027
2024-03-06,2024-03-05,2024-03-06,2024-03-06,2024-03-05,2024-03-05,2024-03-05,2024-03-05,308.9206,13.150684931506849,0.1256326048104196,10.204081632653061,0.0,15.342465753424658,未知,-40.24000000000001,42.857142857142854,14.682539682539684,18.92,37.05179282868526,2.5900000000000034,25.61,4.382470119521913,0.14374800000000024
2024-03-07,2024-03-06,2024-03-07,2024-03-07,2024-03-06,2024-03-06,2024-03-06,2024-03-06,674.6974,19.17808219178082,0.49804288396803564,58.89212827988338,27.20000000000057,18.08219178082192,未知,-66.9,15.873015873015872,5.952380952380952,20.599999999999994,54.980079681274894,1.1400000000000077,22.599999999999998,1.1952191235059761,0.11763200000000024
2024-03-08,2024-03-07,2024-03-08,2024-03-08,2024-03-07,2024-03-07,2024-03-07,2024-03-07,1532.0973,44.93150684931507,0.3456822349094185,33.819241982507286,356.1640000000006,41.369863013698634,未知,-65.9,19.047619047619047,6.746031746031746,18.520000000000003,28.68525896414343,1.6199999999999974,24.029999999999994,3.187250996015936,-0.019343999999999778
2024-03-11,2024-03-10,2024-03-11,2024-03-11,2024-03-10,2024-03-08,2024-03-08,2024-03-08,1585.3273,47.12328767123288,0.37698071681602513,38.19241982507289,364.7140000000005,44.38356164383562,未知,-32.040000000000006,50.79365079365079,23.809523809523807,17.649999999999988,21.91235059760956,1.3800000000000274,22.599999999999998,1.593625498007968,0.06509300000000022
2024-03-12,2024-03-11,2024-03-12,2024-03-12,2024-03-11,2024-03-11,2024-03-11,2024-03-11,2627.4302,80.27397260273973,0.500707984643607,59.7667638483965,588.3501000000006,62.465753424657535,未知,-31.220000000000006,52.38095238095239,24.206349206349206,16.469999999999985,14.799999999999999,-0.49000000000001265,22.719999999999985,2.0,0.09608000000000022
2024-03-13,2024-03-12,2024-03-13,2024-03-13,2024-03-12,2024-03-12,2024-03-12,2024-03-12,2946.6222,87.3972602739726,0.529337557702407,64.1399416909621,595.7501000000005,63.83561643835617,未知,-6.320000000000006,80.95238095238095,65.07936507936508,15.290000000000026,8.366533864541832,-3.629999999999976,23.799999999999997,3.9840637450199203,0.08990000000000022
2024-03-14,2024-03-13,2024-03-14,2024-03-14,2024-03-13,2024-03-13,2024-03-13,2024-03-13,2580.8454,78.08219178082192,0.3515733215141678,33.52769679300292,568.5501000000006,61.369863013698634,未知,25.989999999999995,98.4126984126984,97.22222222222221,15.990000000000038,13.147410358565736,-4.609999999999957,22.250000000000014,1.1952191235059761,-0.05291999999999978
2024-03-15,2024-03-14,2024-03-15,2024-03-15,2024-03-14,2024-03-14,2024-03-14,2024-03-14,1710.9725,50.68493150684932,0.40248966560004795,42.565597667638485,246.4861000000006,30.136986301369863,未知,36.949999999999996,100.0,100.0,17.06000000000003,19.12350597609562,-1.4599999999999724,24.060000000000016,5.179282868525896,0.02596100000000022
2024-03-18,2024-03-17,2024-03-18,2024-03-18,2024-03-17,2024-03-15,2024-03-15,2024-03-15,1657.7425,49.86301369863014,0.30768777461060914,27.696793002915456,237.9361000000006,30.41095890410959,未知,11.279999999999994,93.65079365079364,87.3015873015873,19.850000000000012,48.20717131474104,2.200000000000024,24.849999999999994,5.577689243027888,-0.053570999999999785
2024-03-19,2024-03-18,2024-03-19,2024-03-19,2024-03-18,2024-03-18,2024-03-18,2024-03-18,783.6396,23.013698630136986,0.17361589968326224,14.285714285714285,14.30000000000057,16.164383561643834,未知,-9.260000000000007,71.42857142857143,58.333333333333336,21.86999999999997,67.60000000000001,5.399999999999984,25.13000000000001,6.0,-0.11374199999999979
2024-03-20,2024-03-19,2024-03-20,2024-03-20,2024-03-19,2024-03-19,2024-03-19,2024-03-19,709.0466,21.36986301369863,0.15972947884800306,12.536443148688047,6.900000000000569,16.164383561643834,未知,-53.720000000000006,26.984126984126984,9.523809523809524,22.299999999999986,72.11155378486056,7.009999999999961,24.980000000000004,5.9760956175298805,-0.023992999999999792
2024-03-21,2024-03-20,2024-03-21,2024-03-21,2024-03-20,2024-03-20,2024-03-20,2024-03-20,1788.6045,55.89041095890411,0.5293914987682042,65.01457725947522,767.1450000000006,70.95890410958904,未知,-50.470000000000006,31.746031746031743,11.11111111111111,20.43999999999997,52.98804780876494,4.449999999999932,24.94999999999998,5.9760956175298805,0.07476000000000022
2024-03-22,2024-03-21,2024-03-22,2024-03-22,2024-03-21,2024-03-21,2024-03-21,2024-03-21,1661.2649,50.68493150684932,0.5109595653064133,61.80758017492711,803.4150000000005,74.79452054794521,未知,-66.64,14.285714285714285,6.349206349206349,21.18000000000002,60.55776892430279,4.11999999999999,24.44000000000002,5.577689243027888,0.11705400000000021
2024-03-25,2024-03-24,2024-03-25,2024-03-25,2024-03-24,2024-03-22,2024-03-22,2024-03-22,2472.6529,77.53424657534246,1.0,100.0,1410.223,96.43835616438356,未知,-60.23000000000001,19.047619047619047,8.333333333333332,19.410000000000018,40.63745019920319,-0.4399999999999942,25.419999999999998,7.968127490039841,0.0505570000000002
2024-03-26,2024-03-25,2024-03-26,2024-03-26,2024-03-25,2024-03-25,2024-03-25,2024-03-25,2304.6529,73.15068493150685,1.0,100.0,1410.223,96.43835616438356,未知,-29.620000000000005,52.38095238095239,28.174603174603174,18.799999999999972,31.6,-3.0699999999999967,25.309999999999988,8.0,-0.0031049999999998024
2024-03-27,2024-03-26,2024-03-27,2024-03-27,2024-03-26,2024-03-26,2024-03-26,2024-03-26,2143.0959,68.4931506849315,1.0,100.0,1410.223,96.43835616438356,未知,12.969999999999994,95.23809523809523,88.88888888888889,18.310000000000002,24.701195219123505,-3.9899999999999842,25.55999999999998,9.56175298804781,-0.0837069999999998
2024-03-28,2024-03-27,2024-03-28,2024-03-28,2024-03-27,2024-03-27,2024-03-27,2024-03-27,1063.538,29.041095890410958,0.2551100544071415,21.865889212827987,649.9780000000005,67.3972602739726,未知,19.00999999999999,95.23809523809523,94.04761904761905,21.019999999999996,58.56573705179283,0.5800000000000267,25.529999999999966,9.163346613545817,-0.11704099999999978
2024-03-29,2024-03-28,2024-03-29,2024-03-29,2024-03-28,2024-03-28,2024-03-28,2024-03-28,1005.388,27.945205479452056,0.24457305995833395,20.99125364431487,606.8080000000006,65.75342465753424,未知,22.33999999999999,95.23809523809523,95.63492063492063,18.599999999999994,25.49800796812749,-2.5800000000000267,24.85999999999997,6.374501992031872,-0.06176499999999979
2024-04-01,2024-03-31,2024-04-01,2024-04-01,2024-03-31,2024-03-29,2024-03-29,2024-03-29,193.9999999999999,11.506849315068493,0.05879856943686726,5.830903790087463,0.0,16.164383561643834,未知,37.75999999999999,100.0,100.0,19.45000000000001,40.23904382470119,0.03999999999999204,25.459999999999994,9.163346613545817,-0.0350059999999998
2024-04-02,2024-04-01,2024-04-02,2024-04-02,2024-04-01,2024-04-01,2024-04-01,2024-04-01,504.4327999999999,18.08219178082192,0.13973854966357438,11.370262390670554,46.22750000000057,20.273972602739725,未知,27.50999999999999,96.82539682539682,97.61904761904762,18.47000000000003,24.0,-0.32999999999994145,25.790000000000024,12.8,-0.0645379999999998
2024-04-03,2024-04-02,2024-04-03,2024-04-03,2024-04-02,2024-04-02,2024-04-02,2024-04-02,568.2227999999998,18.356164383561644,0.15467641370257165,12.536443148688047,46.22750000000057,20.54794520547945,未知,29.099999999999994,96.82539682539682,98.4126984126984,18.94,33.86454183266932,0.629999999999999,26.71000000000001,15.53784860557769,0.0013550000000001894
2024-04-07,2024-04-06,2024-04-07,2024-04-07,2024-04-06,2024-04-03,2024-04-03,2024-04-03,751.2173999999998,24.10958904109589,0.15449781209264532,12.82798833819242,94.62750000000057,26.027397260273972,未知,12.409999999999995,85.71428571428571,86.11111111111111,18.650000000000013,25.49800796812749,-2.3699999999999832,28.770000000000007,27.490039840637447,0.05929700000000019
2024-04-08,2024-04-07,2024-04-08,2024-04-08,2024-04-07,2024-04-07,2024-04-07,2024-04-03,751.2173999999998,24.383561643835616,0.15449781209264532,13.119533527696792,94.62750000000057,26.301369863013697,未知,18.509999999999994,87.3015873015873,92.06349206349206,17.85000000000001,18.072289156626507,-0.7499999999999858,29.219999999999978,28.514056224899598,0.05929700000000019
2024-04-09,2024-04-08,2024-04-09,2024-04-09,2024-04-08,2024-04-08,2024-04-08,2024-04-08,635.3365999999999,20.273972602739725,0.1338554906643017,11.370262390670554,48.40000000000057,21.095890410958905,未知,4.2599999999999945,76.19047619047619,78.17460317460318,17.830000000000013,17.599999999999998,-1.6199999999999974,29.05000000000002,28.4,-0.02792299999999981
2024-04-10,2024-04-09,2024-04-10,2024-04-10,2024-04-09,2024-04-09,2024-04-09,2024-04-09,483.0918999999999,17.80821917808219,0.1051527473199367,10.495626822157435,48.40000000000057,21.36986301369863,未知,-9.100000000000005,63.49206349206349,55.952380952380956,18.000000000000014,19.12350597609562,-0.4700000000000166,30.019999999999982,31.07569721115538,0.06671600000000019
2024-04-11,2024-04-10,2024-04-11,2024-04-11,2024-04-10,2024-04-10,2024-04-10,2024-04-10,483.0918999999999,18.08219178082192,0.20675950128481066,19.24198250728863,48.40000000000057,21.643835616438356,未知,-22.470000000000006,53.96825396825397,36.507936507936506,16.500000000000004,10.358565737051793,-2.4399999999999977,30.720000000000034,31.872509960159363,0.2531200000000002
2024-04-12,2024-04-11,2024-04-12,2024-04-12,2024-04-11,2024-04-11,2024-04-11,2024-04-11,725.3833999999999,24.65753424657534,0.28128899852542855,29.154518950437318,222.8780000000006,32.87671232876712,未知,-17.430000000000007,58.730158730158735,42.857142857142854,16.92999999999998,12.749003984063744,-1.7200000000000344,33.959999999999994,37.84860557768924,0.3604270000000002
2024-04-15,2024-04-14,2024-04-15,2024-04-15,2024-04-14,2024-04-12,2024-04-12,2024-04-12,748.7026999999998,25.47945205479452,0.318772869805957,34.69387755102041,277.7080000000005,37.26027397260274,未知,-60.120000000000005,12.698412698412698,8.73015873015873,16.789999999999992,11.155378486055776,-1.0600000000000165,36.91,47.01195219123506,0.5116830000000002
2024-04-16,2024-04-15,2024-04-16,2024-04-16,2024-04-15,2024-04-15,2024-04-15,2024-04-15,554.1506999999999,18.904109589041095,0.25724787963998974,26.239067055393583,277.7080000000005,37.26027397260274,未知,-83.41,0.0,3.968253968253968,16.1,7.199999999999999,-1.730000000000011,37.08,47.199999999999996,0.7327700000000001
2024-04-17,2024-04-16,2024-04-17,2024-04-17,2024-04-16,2024-04-16,2024-04-16,2024-04-16,547.0851999999999,18.904109589041095,0.25480367523375397,25.94752186588921,285.3080000000006,38.082191780821915,未知,-66.43,6.349206349206349,7.5396825396825395,16.900000000000006,12.749003984063744,-1.1000000000000085,35.13000000000002,40.63745019920319,0.7359690000000002
2024-04-18,2024-04-17,2024-04-18,2024-04-18,2024-04-17,2024-04-17,2024-04-17,2024-04-17,547.0851999999999,19.17808219178082,0.195374648791087,19.24198250728863,285.3080000000006,38.35616438356164,未知,-106.51,0.0,1.1904761904761905,17.99999999999997,18.725099601593627,1.499999999999968,36.07999999999998,45.0199203187251,1.0725940000000003
2024-04-19,2024-04-18,2024-04-19,2024-04-19,2024-04-18,2024-04-18,2024-04-18,2024-04-18,750.5984,26.575342465753426,0.24989140054807094,25.65597667638484,117.7970000000006,27.397260273972602,未知,-128.99,0.0,0.0,17.46000000000003,14.741035856573706,0.5300000000000509,38.33000000000002,50.99601593625498,1.1374750000000002
2024-04-22,2024-04-21,2024-04-22,2024-04-22,2024-04-21,2024-04-19,2024-04-19,2024-04-19,724.7690999999999,26.027397260273972,0.29249692810649264,31.486880466472307,62.96700000000057,25.205479452054796,未知,-96.42,3.1746031746031744,2.7777777777777777,16.67000000000001,9.56175298804781,-0.11999999999998323,38.07000000000001,50.199203187250994,1.3110060000000003
2024-04-23,2024-04-22,2024-04-23,2024-04-23,2024-04-22,2024-04-22,2024-04-22,2024-04-22,1298.3218,43.28767123287671,0.38972002884774287,47.23032069970846,296.2857000000006,39.45205479452055,未知,-68.09000000000002,6.349206349206349,7.142857142857142,13.739999999999997,0.4,-2.3600000000000048,37.59000000000001,48.4,1.2139540000000002
2024-04-24,2024-04-23,2024-04-24,2024-04-24,2024-04-23,2024-04-23,2024-04-23,2024-04-23,1646.7018,52.054794520547944,0.4474974168445702,55.10204081632652,527.3657000000006,62.73972602739726,未知,-93.64000000000001,4.761904761904762,3.571428571428571,13.529999999999998,0.4,-3.370000000000008,35.63000000000001,40.8,1.2199340000000003
2024-04-25,2024-04-24,2024-04-25,2024-04-25,2024-04-24,2024-04-24,2024-04-24,2024-04-24,1646.7018,52.32876712328767,0.6785760821539752,81.04956268221575,527.3657000000006,63.013698630136986,未知,-54.56000000000001,26.984126984126984,13.492063492063492,10.899999999999999,0.0,-7.099999999999973,34.41999999999999,38.4,0.7760700000000001
2024-04-26,2024-04-25,2024-04-26,2024-04-26,2024-04-25,2024-04-25,2024-04-25,2024-04-25,1107.4485,35.61643835616438,0.5867436912848215,74.34402332361516,471.9987000000006,59.178082191780824,未知,-18.220000000000002,60.317460317460316,40.87301587301587,13.969999999999994,1.6,-3.4900000000000357,33.59000000000001,37.2,0.5005260000000002
2024-04-28,2024-04-27,2024-04-28,2024-04-28,2024-04-27,2024-04-26,2024-04-26,2024-04-26,1020.4125,33.97260273972603,0.7846837061317077,90.37900874635568,471.9987000000006,59.726027397260275,未知,6.199999999999994,77.77777777777779,80.15873015873017,11.880000000000024,0.4,-4.789999999999985,31.720000000000013,34.4,0.028165000000000218
2024-04-29,2024-04-28,2024-04-29,2024-04-29,2024-04-28,2024-04-28,2024-04-28,2024-04-26,1020.4125,33.97260273972603,0.7846837061317077,90.37900874635568,471.9987000000006,59.726027397260275,未知,7.619999999999994,77.77777777777779,80.95238095238095,11.89,0.8032128514056224,-1.849999999999996,27.829999999999977,21.686746987951807,0.028165000000000218
2024-04-30,2024-04-29,2024-04-30,2024-04-30,2024-04-29,2024-04-29,2024-04-29,2024-04-29,446.8597999999999,16.164383561643834,1.0,100.0,238.6800000000006,34.52054794520548,未知,51.669999999999995,100.0,100.0,12.599999999999989,1.2,-0.9300000000000086,31.230000000000004,33.2,-0.35340899999999975
2024-05-06,2024-05-05,2024-05-06,2024-05-06,2024-05-05,2024-04-30,2024-04-30,2024-04-30,1695.0027,55.89041095890411,0.4333158294468543,52.47813411078717,713.7811000000005,72.32876712328768,未知,62.19,100.0,100.0,16.510000000000026,8.764940239043826,5.610000000000028,36.79000000000001,44.223107569721115,-0.4219169999999998
2024-05-07,2024-05-06,2024-05-07,2024-05-07,2024-05-06,2024-05-06,2024-05-06,2024-05-06,1695.0027,55.89041095890411,0.4333158294468543,52.47813411078717,713.7811000000005,72.32876712328768,未知,53.579999999999984,98.4126984126984,99.60317460317461,15.160000000000018,4.417670682730924,1.1900000000000244,35.47000000000003,40.963855421686745,-0.4328159999999998
2024-05-08,2024-05-07,2024-05-08,2024-05-08,2024-05-07,2024-05-07,2024-05-07,2024-05-07,1499.4318,43.83561643835616,0.2489166115162777,22.740524781341108,503.0829000000006,60.54794520547945,未知,28.96999999999999,90.47619047619048,96.42857142857143,16.089999999999982,6.0,4.209999999999958,38.050000000000004,50.4,-0.39506099999999983
2024-05-09,2024-05-08,2024-05-09,2024-05-09,2024-05-08,2024-05-08,2024-05-08,2024-05-08,776.2443000000001,27.397260273972602,0.2106357779320084,18.075801749271136,150.6645000000006,28.493150684931507,未知,37.12999999999999,93.65079365079364,98.4126984126984,14.500000000000002,3.5999999999999996,2.610000000000001,36.55,44.4,-0.1965259999999998
2024-05-10,2024-05-09,2024-05-10,2024-05-10,2024-05-09,2024-05-09,2024-05-09,2024-05-09,895.92,30.41095890410959,0.23546355770949184,21.282798833819243,422.0123000000006,51.50684931506849,未知,19.50999999999999,82.53968253968253,90.47619047619048,13.280000000000003,1.6,0.6800000000000139,35.13999999999999,40.8,0.08493600000000023
2024-05-11,2024-05-10,2024-05-11,2024-05-11,2024-05-10,2024-05-10,2024-05-10,2024-05-10,1088.181,33.97260273972603,0.2656769080937654,25.94752186588921,374.4923000000006,47.397260273972606,未知,27.06999999999999,85.71428571428571,94.04761904761905,14.580000000000037,4.3999999999999995,-1.929999999999989,36.3,44.800000000000004,0.04925800000000023
2024-05-13,2024-05-12,2024-05-13,2024-05-13,2024-05-12,2024-05-11,2024-05-11,2024-05-10,1088.181,34.52054794520548,0.2656769080937654,26.53061224489796,374.4923000000006,47.94520547945205,未知,15.199999999999992,76.19047619047619,86.11111111111111,12.919999999999998,1.6,-2.2400000000000198,36.28,44.800000000000004,0.04925800000000023
2024-05-14,2024-05-13,2024-05-14,2024-05-14,2024-05-13,2024-05-13,2024-05-13,2024-05-13,1188.181,40.273972602739725,0.2831779547608714,28.86297376093295,384.4923000000006,49.589041095890416,未知,28.359999999999992,87.3015873015873,95.23809523809523,16.04000000000001,7.6,-0.04999999999997229,37.040000000000006,48.0,-0.06993099999999977
2024-05-15,2024-05-14,2024-05-15,2024-05-15,2024-05-14,2024-05-14,2024-05-14,2024-05-14,1332.411,43.56164383561644,0.6555814744163456,79.88338192419825,601.9778000000006,69.31506849315069,未知,16.979999999999993,74.60317460317461,86.90476190476191,14.679999999999982,5.179282868525896,0.17999999999998018,37.06,48.20717131474104,0.006718000000000224
2024-05-16,2024-05-15,2024-05-16,2024-05-16,2024-05-15,2024-05-15,2024-05-15,2024-05-15,1140.1577,39.178082191780824,0.26707479264100825,26.82215743440233,601.9778000000006,69.58904109589041,未知,-4.810000000000008,52.38095238095239,59.523809523809526,14.250000000000007,3.9840637450199203,0.9700000000000042,36.7,45.81673306772908,-0.09150599999999978
2024-05-17,2024-05-16,2024-05-17,2024-05-17,2024-05-16,2024-05-16,2024-05-16,2024-05-16,984.0046000000001,31.506849315068493,0.2392480973178906,21.574344023323615,425.8600000000006,52.87671232876713,未知,-13.850000000000005,46.03174603174603,43.25396825396825,14.29999999999998,4.382470119521913,-0.280000000000058,38.01999999999999,52.98804780876494,-0.15782599999999977
2024-05-20,2024-05-19,2024-05-20,2024-05-20,2024-05-19,2024-05-17,2024-05-17,2024-05-17,1153.9669,40.821917808219176,0.20448199106104545,18.075801749271136,679.5700000000006,73.15068493150685,未知,-0.8600000000000065,52.38095238095239,64.68253968253968,15.300000000000002,8.366533864541832,2.3800000000000043,37.07000000000002,49.00398406374502,-0.11049399999999977
2024-05-21,2024-05-20,2024-05-21,2024-05-21,2024-05-20,2024-05-20,2024-05-20,2024-05-20,1626.5733,53.42465753424658,0.2659549380308773,27.988338192419825,940.7500000000006,86.02739726027397,未知,-17.880000000000006,42.857142857142854,38.492063492063494,14.719999999999978,6.4,-1.3200000000000323,37.27,51.2,0.09145600000000022
2024-05-22,2024-05-21,2024-05-22,2024-05-22,2024-05-21,2024-05-21,2024-05-21,2024-05-21,2594.1869,83.28767123287672,0.36622504059348804,44.02332361516035,1119.390000000001,89.58904109589041,未知,-3.810000000000006,53.96825396825397,59.523809523809526,14.390000000000036,5.179282868525896,-0.28999999999994586,36.050000000000004,43.82470119521912,-0.07911899999999979
2024-05-23,2024-05-22,2024-05-23,2024-05-23,2024-05-22,2024-05-22,2024-05-22,2024-05-22,3441.3251,93.42465753424658,0.6254879130926935,78.4256559766764,1375.171500000001,94.52054794520548,未知,2.8099999999999934,60.317460317460316,70.63492063492063,14.92,7.171314741035857,0.6699999999999928,36.649999999999984,46.21513944223107,-0.06620899999999978
2024-05-24,2024-05-23,2024-05-24,2024-05-24,2024-05-23,2024-05-23,2024-05-23,2024-05-23,3967.7861,95.34246575342465,0.658194723040766,79.88338192419825,1465.485200000001,98.08219178082192,未知,-5.960000000000007,52.38095238095239,56.74603174603175,14.490000000000025,5.577689243027888,0.1900000000000457,36.37000000000001,45.81673306772908,0.00962600000000021
2024-05-27,2024-05-26,2024-05-27,2024-05-27,2024-05-26,2024-05-24,2024-05-24,2024-05-24,5098.7953,98.9041095890411,1.0,100.0,1885.394300000001,99.72602739726028,未知,-8.010000000000007,50.79365079365079,52.38095238095239,14.19999999999999,3.9840637450199203,-1.100000000000012,36.54000000000002,46.21513944223107,0.030591000000000212
2024-05-28,2024-05-27,2024-05-28,2024-05-28,2024-05-27,2024-05-27,2024-05-27,2024-05-27,4526.1889,97.26027397260275,1.0,100.0,1614.214300000001,98.35616438356163,未知,12.739999999999991,69.84126984126983,82.14285714285714,14.96000000000004,8.4,0.24000000000006239,36.050000000000004,44.4,0.008520000000000215
2024-05-29,2024-05-28,2024-05-29,2024-05-29,2024-05-28,2024-05-28,2024-05-28,2024-05-28,3273.9153,91.5068493150685,1.0,100.0,1177.3043,89.58904109589041,未知,2.1199999999999917,58.730158730158735,67.85714285714286,14.930000000000021,8.366533864541832,0.5399999999999849,35.62000000000003,41.43426294820717,-0.10883999999999977
2024-05-30,2024-05-29,2024-05-30,2024-05-30,2024-05-29,2024-05-29,2024-05-29,2024-05-29,2426.7771,78.63013698630137,0.5793383386683747,73.17784256559767,921.5228000000005,82.46575342465754,未知,-21.190000000000012,38.095238095238095,32.142857142857146,15.989999999999993,11.553784860557768,1.0699999999999932,35.5,41.43426294820717,-0.051061999999999774
2024-05-31,2024-05-30,2024-05-31,2024-05-31,2024-05-30,2024-05-30,2024-05-30,2024-05-30,2006.4112,69.31506849315069,0.5324148167584057,69.67930029154519,673.6191000000006,70.95890410958904,未知,-25.09000000000001,34.92063492063492,27.380952380952383,14.400000000000013,5.9760956175298805,-0.09000000000001229,36.16000000000001,45.81673306772908,-0.02998299999999976
2024-06-03,2024-06-02,2024-06-03,2024-06-03,2024-06-02,2024-05-31,2024-05-31,2024-05-31,426.4377,15.342465753424658,0.12773188093697427,10.204081632653061,0.0,15.342465753424658,未知,-53.89000000000001,20.634920634920633,13.88888888888889,14.839999999999964,8.366533864541832,0.6399999999999739,37.349999999999994,54.980079681274894,-0.038909999999999764
2024-06-04,2024-06-03,2024-06-04,2024-06-04,2024-06-03,2024-06-03,2024-06-03,2024-06-03,426.4377,15.616438356164384,0.11109378970017669,8.746355685131196,0.0,15.616438356164384,未知,-52.33000000000001,23.809523809523807,15.079365079365079,14.380000000000015,5.6000000000000005,-0.5800000000000249,36.660000000000004,49.2,0.09733200000000025
2024-06-05,2024-06-04,2024-06-05,2024-06-05,2024-06-04,2024-06-04,2024-06-04,2024-06-04,426.4377,15.890410958904111,0.11109378970017669,9.037900874635568,0.0,15.890410958904111,未知,-57.28000000000001,19.047619047619047,13.095238095238097,12.880000000000003,1.593625498007968,-2.0500000000000185,35.67,42.62948207171315,0.43058800000000025
2024-06-06,2024-06-05,2024-06-06,2024-06-06,2024-06-05,2024-06-05,2024-06-05,2024-06-05,838.8585,30.136986301369863,0.14786445681008203,11.661807580174926,145.6600000000006,29.589041095890412,未知,-47.300000000000004,28.57142857142857,19.444444444444446,12.149999999999972,1.1952191235059761,-3.840000000000021,35.230000000000004,41.03585657370518,0.39905000000000024
2024-06-07,2024-06-06,2024-06-07,2024-06-07,2024-06-06,2024-06-06,2024-06-06,2024-06-06,412.4208,14.520547945205479,0.07860544056394232,6.122448979591836,145.6600000000006,29.863013698630137,未知,-32.03000000000001,30.158730158730158,25.793650793650798,11.100000000000021,0.398406374501992,-3.299999999999992,35.38000000000001,41.43426294820717,0.38037500000000024
2024-06-11,2024-06-10,2024-06-11,2024-06-11,2024-06-10,2024-06-07,2024-06-07,2024-06-07,1560.4822,51.78082191780822,0.24083068195353702,25.364431486880466,298.9800000000006,40.273972602739725,未知,-14.310000000000004,42.857142857142854,41.269841269841265,10.840000000000005,0.0,-3.999999999999959,35.42000000000001,41.832669322709165,0.4130120000000002
2024-06-12,2024-06-11,2024-06-12,2024-06-12,2024-06-11,2024-06-11,2024-06-11,2024-06-11,2715.1565,86.84931506849315,0.35565434564583986,44.02332361516035,655.4297000000006,72.05479452054794,未知,-24.060000000000002,33.33333333333333,30.158730158730158,11.030000000000006,0.8,-3.3500000000000085,34.69000000000002,40.0,0.11450700000000019
2024-06-13,2024-06-12,2024-06-13,2024-06-13,2024-06-12,2024-06-12,2024-06-12,2024-06-12,2763.5457,87.12328767123287,0.5584787053176175,72.30320699708454,619.4197000000006,70.68493150684931,未知,-20.650000000000006,36.507936507936506,36.11111111111111,12.080000000000002,2.4,-0.8000000000000007,35.17999999999999,41.6,-0.013144999999999806
2024-06-14,2024-06-13,2024-06-14,2024-06-14,2024-06-13,2024-06-13,2024-06-13,2024-06-13,3392.4767,91.78082191780823,0.6082675976969188,74.63556851311954,673.5700000000006,73.15068493150685,未知,6.389999999999994,63.49206349206349,75.39682539682539,11.620000000000008,1.6,-0.5299999999999638,34.399999999999984,39.6,0.06684500000000018
2024-06-17,2024-06-16,2024-06-17,2024-06-17,2024-06-16,2024-06-14,2024-06-14,2024-06-14,3623.7838,93.15068493150685,0.7004126844264346,80.466472303207,828.4100000000005,81.0958904109589,未知,3.7899999999999947,60.317460317460316,71.42857142857143,12.530000000000019,3.5999999999999996,1.429999999999998,34.609999999999985,40.400000000000006,0.04736300000000018
2024-06-18,2024-06-17,2024-06-18,2024-06-18,2024-06-17,2024-06-17,2024-06-17,2024-06-17,2808.8833,86.3013698630137,0.3850906528583242,47.23032069970846,861.9900000000006,81.64383561643835,未知,-3.560000000000005,55.55555555555556,58.730158730158735,11.410000000000009,1.6064257028112447,0.5700000000000038,33.5,38.55421686746988,-0.010829999999999815
2024-06-19,2024-06-18,2024-06-19,2024-06-19,2024-06-18,2024-06-18,2024-06-18,2024-06-18,1654.209,55.89041095890411,0.2694410813809603,31.486880466472307,505.5403000000006,61.64383561643836,未知,-3.090000000000005,57.14285714285714,59.12698412698413,11.570000000000036,2.0,0.5400000000000293,33.19000000000001,37.6,0.2360090000000002
2024-06-20,2024-06-19,2024-06-20,2024-06-20,2024-06-19,2024-06-19,2024-06-19,2024-06-19,2016.1334,69.04109589041096,0.33317176012810656,42.565597667638485,556.6851000000006,64.93150684931507,未知,-5.090000000000005,50.79365079365079,56.34920634920635,11.939999999999973,3.5999999999999996,-0.140000000000029,33.72999999999999,40.0,0.23630700000000018
2024-06-21,2024-06-20,2024-06-21,2024-06-21,2024-06-20,2024-06-20,2024-06-20,2024-06-20,1473.8624,47.12328767123288,0.26753416334510927,31.486880466472307,524.8948000000006,62.465753424657535,未知,-10.700000000000005,44.44444444444444,45.63492063492063,11.040000000000028,1.2,-0.5799999999999805,34.490000000000045,41.6,0.15212900000000018
2024-06-24,2024-06-23,2024-06-24,2024-06-24,2024-06-23,2024-06-21,2024-06-21,2024-06-21,2133.6272,72.87671232876713,0.42093113768013224,54.518950437317784,918.2920000000005,82.1917808219178,未知,-13.030000000000005,42.857142857142854,42.06349206349206,10.270000000000001,0.0,-2.2600000000000176,33.72999999999999,40.400000000000006,0.1364400000000002
2024-06-25,2024-06-24,2024-06-25,2024-06-25,2024-06-24,2024-06-24,2024-06-24,2024-06-24,2025.9836,69.86301369863014,1.0,100.0,731.3920000000005,75.34246575342466,未知,-8.080000000000004,46.03174603174603,50.39682539682539,11.129999999999995,2.3904382470119523,-0.28000000000001357,34.389999999999965,41.03585657370518,0.08260600000000018
2024-06-26,2024-06-25,2024-06-26,2024-06-26,2024-06-25,2024-06-25,2024-06-25,2024-06-25,2224.7613,76.71232876712328,1.0,100.0,731.3920000000006,75.61643835616438,未知,-13.890000000000004,38.095238095238095,40.87301587301587,11.240000000000006,2.788844621513944,-0.33000000000003027,35.739999999999995,48.60557768924303,-0.3833619999999998
2024-06-27,2024-06-26,2024-06-27,2024-06-27,2024-06-26,2024-06-26,2024-06-26,2024-06-26,1685.6749,57.534246575342465,0.5583230371980105,72.01166180758017,702.2668000000006,73.97260273972603,未知,-26.770000000000003,22.22222222222222,27.77777777777778,12.56999999999997,6.772908366533864,0.6299999999999972,36.31999999999997,53.38645418326693,-0.20723499999999978
2024-06-28,2024-06-27,2024-06-28,2024-06-28,2024-06-27,2024-06-27,2024-06-27,2024-06-27,1781.8282,61.64383561643836,0.5719552116531412,72.59475218658892,752.6048000000005,76.43835616438356,未知,-35.41000000000001,20.634920634920633,22.61904761904762,12.82000000000001,7.569721115537849,1.7799999999999816,37.129999999999995,59.76095617529881,0.12413000000000021
2024-07-01,2024-06-30,2024-07-01,2024-07-01,2024-06-30,2024-06-28,2024-06-28,2024-06-28,819.6754000000001,31.780821917808222,0.29989857218823196,37.90087463556851,204.3676000000005,33.97260273972603,未知,-47.25000000000001,20.634920634920633,19.444444444444446,11.859999999999982,4.382470119521913,1.5899999999999803,36.93999999999997,57.76892430278885,0.1619310000000002
2024-07-02,2024-07-01,2024-07-02,2024-07-02,2024-07-01,2024-07-01,2024-07-01,2024-07-01,712.2389999999999,24.93150684931507,0.2712527787415275,32.36151603498542,204.3676000000005,33.97260273972603,未知,-49.28000000000001,19.047619047619047,17.857142857142858,9.260000000000002,0.0,-1.869999999999994,36.620000000000005,55.2,-0.06380799999999978
2024-07-03,2024-07-02,2024-07-03,2024-07-03,2024-07-02,2024-07-02,2024-07-02,2024-07-02,947.3895,33.97260273972603,0.3311520770026244,42.857142857142854,295.8304000000005,40.273972602739725,未知,-34.53000000000001,25.396825396825395,23.809523809523807,9.90000000000002,0.398406374501992,-1.3399999999999856,39.09,70.91633466135458,0.18095400000000023
2024-07-04,2024-07-03,2024-07-04,2024-07-04,2024-07-03,2024-07-03,2024-07-03,2024-07-03,712.5915,25.205479452054796,0.19135667620820848,19.533527696793,164.1608000000004,31.232876712328768,未知,-21.900000000000006,34.92063492063492,34.523809523809526,8.46,0.0,-4.109999999999969,40.21999999999999,73.70517928286853,-0.04191099999999974
2024-07-05,2024-07-04,2024-07-05,2024-07-05,2024-07-04,2024-07-04,2024-07-04,2024-07-04,1452.0284,47.12328767123288,0.32532412358454277,42.565597667638485,334.4828000000005,44.657534246575345,未知,-17.730000000000008,42.857142857142854,38.492063492063494,7.0699999999999985,0.0,-5.750000000000011,39.339999999999996,71.31474103585657,-0.3055469999999998
2024-07-08,2024-07-07,2024-07-08,2024-07-08,2024-07-07,2024-07-05,2024-07-05,2024-07-05,1684.8121,57.80821917808219,0.2906746804520835,34.69387755102041,334.4828000000005,44.657534246575345,未知,-7.280000000000007,58.730158730158735,52.77777777777778,5.140000000000011,0.0,-6.71999999999997,37.68,64.5418326693227,-0.45525899999999975
2024-07-09,2024-07-08,2024-07-09,2024-07-09,2024-07-08,2024-07-08,2024-07-08,2024-07-08,1684.8121,57.80821917808219,0.2906746804520835,34.69387755102041,334.4828000000005,44.657534246575345,未知,2.339999999999992,73.01587301587301,68.65079365079364,5.270000000000019,0.4,-3.9899999999999824,36.060000000000024,51.6,-0.2183749999999998
2024-07-10,2024-07-09,2024-07-10,2024-07-10,2024-07-09,2024-07-09,2024-07-09,2024-07-09,1584.9929,51.23287671232877,0.27824501010104125,32.36151603498542,510.7400000000005,62.19178082191781,未知,-1.7800000000000078,69.84126984126983,62.301587301587304,7.679999999999998,1.1952191235059761,-2.220000000000022,38.16,67.33067729083665,-0.12521799999999977
2024-07-11,2024-07-10,2024-07-11,2024-07-11,2024-07-10,2024-07-10,2024-07-10,2024-07-10,1590.6337,52.054794520547944,0.48632320631912024,65.01457725947522,527.9600000000005,63.561643835616444,未知,-5.4800000000000075,60.317460317460316,57.936507936507944,7.5799999999999645,1.1952191235059761,-0.8800000000000363,39.14999999999998,72.50996015936255,-0.06607199999999978
2024-07-12,2024-07-11,2024-07-12,2024-07-12,2024-07-11,2024-07-11,2024-07-11,2024-07-11,1178.6095,40.54794520547945,0.41228725758948215,53.352769679300295,284.9400000000005,37.534246575342465,未知,0.10999999999999258,71.42857142857143,65.47619047619048,8.420000000000005,1.9920318725099602,1.3500000000000068,39.15000000000002,72.90836653386454,-0.1380529999999998
2024-07-15,2024-07-14,2024-07-15,2024-07-15,2024-07-14,2024-07-12,2024-07-12,2024-07-12,1129.6963,38.082191780821915,0.5706412140084313,72.59475218658892,284.9400000000005,38.35616438356164,未知,0.24999999999999256,71.42857142857143,65.87301587301587,7.939999999999969,1.9920318725099602,2.799999999999958,38.73,70.1195219123506,0.04606000000000021
2024-07-16,2024-07-15,2024-07-16,2024-07-16,2024-07-15,2024-07-15,2024-07-15,2024-07-15,1129.6963,38.35616438356164,0.5706412140084313,72.8862973760933,284.9400000000004,37.534246575342465,未知,-3.5700000000000074,61.904761904761905,59.92063492063492,8.27,2.4,2.9999999999999805,37.93000000000002,66.4,-0.0559589999999998
2024-07-17,2024-07-16,2024-07-17,2024-07-17,2024-07-16,2024-07-16,2024-07-16,2024-07-16,1021.6705,34.24657534246575,0.5458602355489385,70.8454810495627,101.8316000000005,24.65753424657534,未知,-36.900000000000006,20.634920634920633,23.015873015873016,7.570000000000032,1.1952191235059761,-0.10999999999996568,37.700000000000024,65.33864541832669,0.035228000000000204
2024-07-18,2024-07-17,2024-07-18,2024-07-18,2024-07-17,2024-07-17,2024-07-17,2024-07-17,967.1796999999999,32.87671232876712,0.23491316155085476,23.323615160349853,84.61160000000046,23.56164383561644,未知,-11.020000000000007,46.03174603174603,46.03174603174603,7.9600000000000115,2.788844621513944,0.38000000000004697,38.43999999999998,69.7211155378486,0.06540200000000021
2024-07-19,2024-07-18,2024-07-19,2024-07-19,2024-07-18,2024-07-18,2024-07-18,2024-07-18,1798.2207,65.20547945205479,0.3634075375821454,46.06413994169096,93.61160000000046,23.835616438356162,未知,-9.080000000000005,47.61904761904761,50.79365079365079,8.069999999999977,3.187250996015936,-0.35000000000002807,38.299999999999976,68.92430278884463,0.09412500000000021
2024-07-22,2024-07-21,2024-07-22,2024-07-22,2024-07-21,2024-07-19,2024-07-19,2024-07-19,2127.6902,73.15068493150685,0.41093424245428967,54.22740524781341,162.0516000000005,30.684931506849317,未知,-0.550000000000006,68.25396825396825,64.68253968253968,8.709999999999996,4.780876494023905,0.7700000000000262,38.1,68.12749003984064,0.0502000000000002
2024-07-23,2024-07-22,2024-07-23,2024-07-23,2024-07-22,2024-07-22,2024-07-22,2024-07-22,3029.6388,88.21917808219179,0.4983254597296142,66.76384839650146,216.5116000000005,34.52054794520548,未知,-23.110000000000007,25.396825396825395,31.746031746031743,8.569999999999967,4.8,0.29999999999996696,38.93,73.6,0.32247500000000023
2024-07-24,2024-07-23,2024-07-24,2024-07-24,2024-07-23,2024-07-23,2024-07-23,2024-07-23,3248.036,90.13698630136986,0.515722044142015,68.80466472303208,195.6812000000004,32.32876712328767,未知,2.979999999999992,76.19047619047619,71.42857142857143,7.779999999999987,2.3904382470119523,0.20999999999995467,37.5,64.14342629482071,0.3923540000000002
2024-07-25,2024-07-24,2024-07-25,2024-07-25,2024-07-24,2024-07-24,2024-07-24,2024-07-24,3248.036,90.13698630136986,0.8124078922751069,90.96209912536443,195.6812000000004,32.602739726027394,未知,-21.24000000000001,25.396825396825395,35.317460317460316,6.659999999999977,0.796812749003984,-1.3000000000000345,37.470000000000006,64.14342629482071,0.32637100000000024
2024-07-26,2024-07-25,2024-07-26,2024-07-26,2024-07-25,2024-07-25,2024-07-25,2024-07-25,2570.6015,80.27397260273973,0.7741373061476963,88.92128279883383,209.9812000000005,35.06849315068493,未知,-21.52000000000001,23.809523809523807,35.317460317460316,7.249999999999979,1.593625498007968,-0.8199999999999985,37.93,67.33067729083665,0.37477100000000024
2024-07-29,2024-07-28,2024-07-29,2024-07-29,2024-07-28,2024-07-26,2024-07-26,2024-07-26,2010.2615,68.4931506849315,0.7309346765753,85.13119533527697,141.5412000000005,27.945205479452056,未知,-62.34000000000001,0.0,11.11111111111111,8.89000000000002,6.772908366533864,0.18000000000002458,38.080000000000005,69.32270916334662,0.49523100000000025
2024-07-30,2024-07-29,2024-07-30,2024-07-30,2024-07-29,2024-07-29,2024-07-29,2024-07-29,1108.3129,37.26027397260274,0.5996348886598148,74.9271137026239,87.08120000000045,23.835616438356162,未知,-53.92000000000001,3.1746031746031744,14.682539682539684,11.169999999999991,10.8,2.6000000000000245,37.02999999999999,59.599999999999994,0.3878910000000002
2024-07-31,2024-07-30,2024-07-31,2024-07-31,2024-07-30,2024-07-30,2024-07-30,2024-07-30,1942.0961,67.94520547945206,0.7240963886417043,83.6734693877551,653.1827000000005,74.52054794520548,未知,-228.42000000000002,0.0,0.0,10.48,8.366533864541832,2.7000000000000135,35.780000000000015,49.40239043824701,0.2820670000000002
2024-08-01,2024-07-31,2024-08-01,2024-08-01,2024-07-31,2024-07-31,2024-07-31,2024-07-31,1942.0961,68.21917808219177,0.3503693787552908,44.31486880466473,653.1827000000005,74.79452054794521,未知,-242.91000000000003,0.0,0.0,9.220000000000006,7.171314741035857,2.560000000000029,36.660000000000004,56.97211155378486,0.33295900000000017
2024-08-02,2024-08-01,2024-08-02,2024-08-02,2024-08-01,2024-08-01,2024-08-01,2024-08-01,2299.2758,78.08219178082192,0.38969615108756583,51.02040816326531,1045.7761,88.21917808219179,未知,-268.69,0.0,0.0,10.109999999999975,8.366533864541832,2.859999999999996,36.57999999999999,55.77689243027888,0.24710100000000024
2024-08-05,2024-08-04,2024-08-05,2024-08-05,2024-08-04,2024-08-02,2024-08-02,2024-08-02,2484.5041,80.82191780821918,0.3738680240679419,47.521865889212826,1086.260600000001,88.4931506849315,未知,-268.01,1.5873015873015872,0.3968253968253968,9.799999999999986,7.968127490039841,0.9099999999999664,38.06999999999998,70.5179282868526,0.18423400000000023
2024-08-06,2024-08-05,2024-08-06,2024-08-06,2024-08-05,2024-08-05,2024-08-05,2024-08-05,2484.5041,80.82191780821918,0.3738680240679419,47.521865889212826,1086.260600000001,88.4931506849315,未知,-255.21,3.1746031746031744,0.7936507936507936,7.250000000000023,2.0,-3.919999999999968,37.51000000000002,66.8,0.3731390000000002
2024-08-07,2024-08-06,2024-08-07,2024-08-07,2024-08-06,2024-08-06,2024-08-06,2024-08-06,1558.3918,51.23287671232877,0.27247985493588556,31.195335276967928,663.7079000000003,74.52054794520548,未知,-101.89,7.936507936507936,3.968253968253968,8.60000000000003,6.772908366533864,-1.8799999999999706,38.01000000000001,70.1195219123506,0.4032370000000002
2024-08-08,2024-08-07,2024-08-08,2024-08-08,2024-08-07,2024-08-07,2024-08-07,2024-08-07,2258.4654,76.71232876712328,0.2977987188432959,37.02623906705539,894.5379000000005,83.28767123287672,未知,-79.97,9.523809523809524,9.126984126984127,7.779999999999987,3.9840637450199203,-1.440000000000019,36.66999999999998,57.76892430278885,0.4691340000000003
2024-08-09,2024-08-08,2024-08-09,2024-08-09,2024-08-08,2024-08-08,2024-08-08,2024-08-08,1962.3583,67.12328767123287,0.26926775274641035,29.737609329446062,669.7145000000005,74.52054794520548,未知,-62.940000000000005,11.11111111111111,13.88888888888889,5.869999999999997,0.796812749003984,-4.239999999999977,36.96999999999999,60.55776892430279,0.5978010000000002
2024-08-12,2024-08-11,2024-08-12,2024-08-12,2024-08-11,2024-08-09,2024-08-09,2024-08-09,2128.8162,73.15068493150685,0.329833419587029,42.565597667638485,906.9169000000004,83.28767123287672,未知,-15.669999999999998,49.2063492063492,45.63492063492063,6.6600000000000215,1.593625498007968,-3.139999999999965,37.52000000000002,67.72908366533864,0.4873160000000002
2024-08-13,2024-08-12,2024-08-13,2024-08-13,2024-08-12,2024-08-12,2024-08-12,2024-08-12,2128.8162,73.15068493150685,0.329833419587029,42.857142857142854,906.9169000000004,83.28767123287672,未知,21.18,100.0,90.47619047619048,5.6700000000000195,0.8,-1.5800000000000036,34.750000000000014,43.6,-0.16551099999999974
2024-08-14,2024-08-13,2024-08-14,2024-08-14,2024-08-13,2024-08-13,2024-08-13,2024-08-13,2036.8616,69.86301369863014,0.3201474142465314,40.524781341107875,710.0669000000005,75.61643835616438,未知,95.30000000000001,100.0,100.0,6.920000000000037,2.3904382470119523,-1.6799999999999926,35.97000000000001,50.99601593625498,-0.40861599999999976
2024-08-15,2024-08-14,2024-08-15,2024-08-15,2024-08-14,2024-08-14,2024-08-14,2024-08-14,1645.6176,53.6986301369863,0.686928331132648,82.21574344023324,625.3807000000004,71.23287671232876,未知,88.09,98.4126984126984,99.60317460317461,6.489999999999974,1.593625498007968,-1.2900000000000134,35.14999999999999,45.0199203187251,-0.42334299999999975
2024-08-16,2024-08-15,2024-08-16,2024-08-16,2024-08-15,2024-08-15,2024-08-15,2024-08-15,1810.4855,64.38356164383562,0.7070868005306024,84.25655976676384,773.9787000000005,78.35616438356165,未知,116.13,100.0,100.0,6.6199999999999815,1.9920318725099602,0.749999999999984,34.12,41.03585657370518,-0.5546189999999998
2024-08-19,2024-08-18,2024-08-19,2024-08-19,2024-08-18,2024-08-16,2024-08-16,2024-08-16,1956.6993,66.84931506849315,0.41961347466908966,58.01749271137027,559.0918000000004,66.84931506849315,未知,103.81,98.4126984126984,99.60317460317461,6.230000000000002,1.593625498007968,-0.43000000000001926,32.84,37.05179282868526,-0.4967979999999997
2024-08-20,2024-08-19,2024-08-20,2024-08-20,2024-08-19,2024-08-19,2024-08-19,2024-08-19,2747.9393,87.67123287671232,0.5038079130867417,69.38775510204081,953.9018000000004,86.84931506849315,未知,64.07000000000001,93.65079365079364,98.4126984126984,7.019999999999982,4.0,1.3499999999999623,31.42999999999998,34.0,-0.28357499999999974
2024-08-21,2024-08-20,2024-08-21,2024-08-21,2024-08-20,2024-08-20,2024-08-20,2024-08-20,3747.862599999999,94.79452054794521,0.5806802158932918,76.38483965014578,1438.6164,96.7123287671233,未知,33.290000000000006,92.06349206349206,95.23809523809523,7.77000000000001,6.772908366533864,0.849999999999973,30.11999999999999,31.872509960159363,-0.09029899999999975
2024-08-22,2024-08-21,2024-08-22,2024-08-22,2024-08-21,2024-08-21,2024-08-21,2024-08-21,3543.987,92.87671232876711,0.6109914734999577,79.30029154518951,1375.6466,94.79452054794521,未知,63.540000000000006,92.06349206349206,98.01587301587301,8.830000000000027,11.553784860557768,2.340000000000053,29.03,28.68525896414343,-0.23354799999999976
2024-08-23,2024-08-22,2024-08-23,2024-08-23,2024-08-22,2024-08-22,2024-08-22,2024-08-22,4197.956999999999,96.43835616438356,0.40155095143584624,53.352769679300295,1649.0353,98.9041095890411,未知,52.35000000000001,90.47619047619048,96.82539682539682,8.879999999999999,11.952191235059761,2.2600000000000176,28.94999999999999,28.68525896414343,-0.27857299999999974
2024-08-26,2024-08-25,2024-08-26,2024-08-26,2024-08-25,2024-08-23,2024-08-23,2024-08-23,4762.3744,97.53424657534246,0.5435027291232841,73.17784256559767,2174.187,100.0,未知,41.870000000000005,88.88888888888889,96.03174603174604,8.590000000000009,10.756972111553784,2.3600000000000065,28.310000000000013,24.701195219123505,-0.32471299999999975
2024-08-27,2024-08-26,2024-08-27,2024-08-27,2024-08-26,2024-08-26,2024-08-26,2024-08-26,3971.1344,94.79452054794521,0.4981893668735531,68.22157434402332,1779.377,98.35616438356163,未知,68.10000000000001,93.65079365079364,98.4126984126984,7.580000000000009,6.4,0.5600000000000271,26.859999999999996,16.0,-0.5931189999999997
2024-08-28,2024-08-27,2024-08-28,2024-08-28,2024-08-27,2024-08-27,2024-08-27,2024-08-27,3017.8197,88.4931506849315,0.4300224042518504,61.224489795918366,1452.9955,97.26027397260275,未知,90.18,95.23809523809523,98.80952380952381,6.879999999999997,3.5856573705179287,-0.890000000000013,26.91000000000001,16.334661354581673,-1.3307909999999998
2024-08-29,2024-08-28,2024-08-29,2024-08-29,2024-08-28,2024-08-28,2024-08-28,2024-08-28,2912.8657,87.3972602739726,0.3374158479032055,44.31486880466473,1369.8215,94.24657534246576,未知,75.78,92.06349206349206,98.01587301587301,8.709999999999996,12.749003984063744,-0.12000000000003119,27.68999999999999,20.717131474103585,-1.77266
2024-08-30,2024-08-29,2024-08-30,2024-08-30,2024-08-29,2024-08-29,2024-08-29,2024-08-29,1369.1227,45.75342465753425,0.4432076136049887,63.26530612244898,756.7648000000004,78.63013698630137,未知,69.48,90.47619047619048,97.61904761904762,9.019999999999984,14.342629482071715,0.13999999999998458,28.049999999999997,24.302788844621514,-1.6215609999999998
2024-09-02,2024-09-01,2024-09-02,2024-09-02,2024-09-01,2024-08-30,2024-08-30,2024-08-30,306.8053,12.876712328767123,0.08227537246997206,6.997084548104956,168.8131000000004,33.6986301369863,未知,115.67999999999999,98.4126984126984,99.60317460317461,9.850000000000003,15.936254980079681,1.2599999999999945,29.889999999999993,34.26294820717131,-1.5871769999999998
2024-09-03,2024-09-02,2024-09-03,2024-09-03,2024-09-02,2024-09-02,2024-09-02,2024-09-02,741.5979,27.397260273972602,0.17810612277795704,18.367346938775512,229.2031000000004,38.082191780821915,未知,90.16,92.06349206349206,98.01587301587301,10.319999999999974,17.599999999999998,2.7399999999999647,28.889999999999993,30.4,-1.1383269999999996
2024-09-04,2024-09-03,2024-09-04,2024-09-04,2024-09-03,2024-09-03,2024-09-03,2024-09-03,985.9273,34.24657534246575,0.20294389980270788,19.533527696793,194.6791000000005,33.97260273972603,未知,34.349999999999994,77.77777777777779,92.06349206349206,10.319999999999974,17.928286852589643,3.4399999999999764,28.139999999999986,25.49800796812749,-0.39924399999999977
2024-09-05,2024-09-04,2024-09-05,2024-09-05,2024-09-04,2024-09-04,2024-09-04,2024-09-04,1996.5865,66.84931506849315,0.2807393650053329,33.819241982507286,337.0322000000005,51.50684931506849,未知,6.189999999999991,71.42857142857143,71.03174603174604,9.850000000000003,16.334661354581673,1.1400000000000077,26.960000000000008,16.733067729083665,0.1302060000000002
2024-09-06,2024-09-05,2024-09-06,2024-09-06,2024-09-05,2024-09-05,2024-09-05,2024-09-05,2608.3617,83.83561643835617,0.33771050588608764,45.77259475218659,550.5522000000004,67.67123287671232,未知,6.9099999999999895,73.01587301587301,72.22222222222221,8.860000000000001,13.545816733067728,-0.15999999999998238,25.739999999999984,12.749003984063744,0.04021700000000021
2024-09-09,2024-09-08,2024-09-09,2024-09-09,2024-09-08,2024-09-06,2024-09-06,2024-09-06,2802.7542,87.12328767123287,0.3590579747185132,48.68804664723032,614.3956000000004,73.42465753424658,未知,-32.81000000000001,23.809523809523807,28.174603174603174,7.950000000000035,9.163346613545817,-1.8999999999999684,25.33000000000001,8.764940239043826,-0.06934999999999979
2024-09-10,2024-09-09,2024-09-10,2024-09-10,2024-09-09,2024-09-09,2024-09-09,2024-09-09,2367.9616,78.9041095890411,0.3212510936009543,41.98250728862974,554.0056000000004,67.12328767123287,未知,-20.060000000000013,34.92063492063492,39.285714285714285,7.43999999999998,6.0,-2.8799999999999937,23.109999999999985,3.5999999999999996,-0.037002999999999786
2024-09-11,2024-09-10,2024-09-11,2024-09-11,2024-09-10,2024-09-10,2024-09-10,2024-09-10,1816.8269,64.10958904109589,0.2852194269293734,34.98542274052478,419.7165000000005,58.35616438356165,未知,-21.43000000000001,31.746031746031743,37.698412698412696,8.360000000000012,11.155378486055776,-1.9599999999999618,23.040000000000017,3.5856573705179287,-0.14120399999999977
2024-09-12,2024-09-11,2024-09-12,2024-09-12,2024-09-11,2024-09-11,2024-09-11,2024-09-11,1259.6973,44.38356164383562,0.44204600257016763,65.01457725947522,472.0834000000004,62.465753424657535,未知,-33.91000000000001,23.809523809523807,27.77777777777778,8.15999999999999,10.756972111553784,-1.6900000000000137,24.099999999999987,6.374501992031872,-0.1312389999999998
2024-09-13,2024-09-12,2024-09-13,2024-09-13,2024-09-12,2024-09-12,2024-09-12,2024-09-12,2314.8869,78.9041095890411,0.592817912344657,78.4256559766764,902.5015000000005,83.28767123287672,未知,-19.99000000000001,38.095238095238095,40.476190476190474,8.299999999999974,11.553784860557768,-0.5600000000000271,24.77999999999998,7.171314741035857,-0.11731799999999978
2024-09-14,2024-09-13,2024-09-14,2024-09-14,2024-09-13,2024-09-13,2024-09-13,2024-09-13,2389.8944,79.45205479452055,0.6143854187918314,81.92419825072886,940.7081000000005,86.57534246575342,未知,-38.38000000000001,19.047619047619047,25.396825396825395,10.19000000000001,19.9203187250996,2.2399999999999753,24.430000000000017,6.772908366533864,0.02495800000000021
2024-09-18,2024-09-17,2024-09-18,2024-09-18,2024-09-17,2024-09-14,2024-09-14,2024-09-13,3545.1628,91.78082191780823,0.4202838622154393,58.89212827988338,1500.0084,97.53424657534246,未知,-50.24000000000001,15.873015873015872,21.03174603174603,10.530000000000017,21.91235059760956,3.090000000000037,22.530000000000005,1.593625498007968,0.02495800000000021
2024-09-19,2024-09-18,2024-09-19,2024-09-19,2024-09-18,2024-09-18,2024-09-18,2024-09-18,5192.102999999999,99.17808219178083,0.514982142118564,70.55393586005832,2460.1344,100.0,未知,-105.05000000000001,7.936507936507936,3.968253968253968,10.350000000000037,21.6,1.990000000000025,21.38000000000002,1.2,0.1688130000000002
2024-09-20,2024-09-19,2024-09-20,2024-09-20,2024-09-19,2024-09-19,2024-09-19,2024-09-19,5701.3182,99.17808219178083,0.5383010964584181,72.30320699708454,2921.686300000001,100.0,未知,-88.82000000000001,11.11111111111111,6.746031746031746,9.450000000000003,18.0,1.2900000000000134,20.44999999999999,0.8,0.3237270000000002
2024-09-23,2024-09-22,2024-09-23,2024-09-23,2024-09-22,2024-09-20,2024-09-20,2024-09-20,6133.4676,99.17808219178083,0.6243688939331362,81.92419825072886,3239.969100000001,100.0,未知,-126.27000000000001,7.936507936507936,2.380952380952381,10.210000000000008,20.8,1.910000000000034,20.520000000000003,1.2,0.32653300000000024
2024-09-24,2024-09-23,2024-09-24,2024-09-24,2024-09-23,2024-09-23,2024-09-23,2024-09-23,6619.8413,100.0,0.6420895440941462,82.79883381924198,3592.876000000001,100.0,未知,-116.54000000000002,9.523809523809524,3.1746031746031744,10.530000000000017,23.694779116465863,0.34000000000000696,20.340000000000025,0.8032128514056224,0.17247900000000022
2024-09-25,2024-09-24,2024-09-25,2024-09-25,2024-09-24,2024-09-24,2024-09-24,2024-09-24,6188.508599999999,98.9041095890411,0.953764413597294,93.87755102040816,3468.280000000001,99.72602739726028,未知,-122.44000000000001,9.523809523809524,3.1746031746031744,8.250000000000002,11.200000000000001,-2.2800000000000153,25.029999999999998,11.600000000000001,-0.015374999999999778
2024-09-26,2024-09-25,2024-09-26,2024-09-26,2024-09-25,2024-09-25,2024-09-25,2024-09-25,4088.0388,93.15068493150685,0.9316323274078615,93.87755102040816,2313.434000000001,98.08219178082192,未知,-42.77000000000002,28.57142857142857,26.58730158730159,10.539999999999994,24.4,0.18999999999995687,28.40999999999998,33.2,-0.22166399999999978
2024-09-27,2024-09-26,2024-09-27,2024-09-27,2024-09-26,2024-09-26,2024-09-26,2024-09-26,1911.8588,63.287671232876704,0.8643674722816842,93.87755102040816,1207.944,90.68493150684932,未知,-10.15000000000002,53.96825396825397,54.36507936507936,8.910000000000018,17.2,-0.5399999999999849,30.28000000000002,42.4,-0.22402999999999978
2024-09-29,2024-09-28,2024-09-29,2024-09-29,2024-09-28,2024-09-27,2024-09-27,2024-09-27,1210.3094,43.56164383561644,1.0,100.0,787.6112000000005,79.17808219178082,未知,2.6199999999999823,68.25396825396825,72.61904761904762,7.849999999999957,9.2,-2.360000000000051,33.98999999999999,52.800000000000004,-0.6909859999999998
2024-09-30,2024-09-29,2024-09-30,2024-09-30,2024-09-29,2024-09-29,2024-09-29,2024-09-27,1210.3094,43.56164383561644,1.0,100.0,787.6112000000005,79.17808219178082,未知,12.359999999999982,73.01587301587301,82.14285714285714,8.179999999999987,11.600000000000001,-2.35000000000003,38.01999999999999,84.8,-0.6909859999999998
2024-10-08,2024-10-07,2024-10-08,2024-10-08,2024-10-07,2024-09-30,2024-09-30,2024-09-30,322.4053,15.342465753424658,0.05402771955174554,3.4782608695652173,32.15920000000045,20.273972602739725,未知,78.90999999999998,88.88888888888889,97.22222222222221,15.539999999999976,45.81673306772908,7.289999999999974,39.72,94.02390438247012,-1.2880109999999998
2024-10-09,2024-10-08,2024-10-09,2024-10-09,2024-10-08,2024-10-08,2024-10-08,2024-10-08,496.5566,20.273972602739725,0.08085191301501642,7.536231884057972,73.15920000000045,24.383561643835616,未知,126.60999999999999,100.0,100.0,10.97999999999999,26.8,0.43999999999999595,34.75999999999999,56.39999999999999,-2.055344
2024-10-10,2024-10-09,2024-10-10,2024-10-10,2024-10-09,2024-10-09,2024-10-09,2024-10-09,199.7213,9.58904109589041,0.04998754449249193,3.4782608695652173,41.00000000000045,20.54794520547945,未知,175.85999999999999,100.0,100.0,11.709999999999976,30.8,2.799999999999958,28.810000000000002,36.8,-2.637533
2024-10-11,2024-10-10,2024-10-11,2024-10-11,2024-10-10,2024-10-10,2024-10-10,2024-10-10,351.0641000000001,16.43835616438356,0.08465977121775507,8.985507246376812,53.50000000000045,23.56164383561644,未知,213.23,100.0,100.0,11.500000000000021,30.0,3.6500000000000643,29.410000000000004,40.0,-2.664253
2024-10-12,2024-10-11,2024-10-12,2024-10-12,2024-10-11,2024-10-11,2024-10-11,2024-10-11,551.3559,23.013698630136986,0.12982073063836996,15.65217391304348,53.50000000000045,23.835616438356162,未知,222.96,100.0,100.0,9.729999999999972,20.0,1.5499999999999847,30.65,44.0,-2.0250589999999997
2024-10-14,2024-10-13,2024-10-14,2024-10-14,2024-10-13,2024-10-12,2024-10-12,2024-10-11,551.3559,23.56164383561644,0.12982073063836996,16.231884057971012,53.50000000000045,24.383561643835616,未知,165.23000000000002,95.23809523809523,98.80952380952381,9.200000000000008,18.8,-6.339999999999968,30.109999999999992,42.8,-2.0250589999999997
2024-10-15,2024-10-14,2024-10-15,2024-10-15,2024-10-14,2024-10-14,2024-10-14,2024-10-14,711.8733,27.945205479452056,0.3217399848402761,44.05797101449275,53.50000000000045,24.65753424657534,未知,120.14999999999999,92.06349206349206,98.01587301587301,9.600000000000009,20.4,-1.3799999999999812,30.28000000000002,44.0,-0.5903639999999999
2024-10-16,2024-10-15,2024-10-16,2024-10-16,2024-10-15,2024-10-15,2024-10-15,2024-10-15,1649.0398,56.71232876712329,0.5235479451350233,71.8840579710145,694.3491000000005,74.79452054794521,未知,59.66999999999999,69.84126984126983,92.06349206349206,10.57999999999999,27.091633466135455,-1.1299999999999866,29.369999999999983,39.8406374501992,0.6043900000000002
2024-10-17,2024-10-16,2024-10-17,2024-10-17,2024-10-16,2024-10-16,2024-10-16,2024-10-16,3147.146400000001,89.58904109589041,0.6629554125400472,83.76811594202898,1515.941700000001,95.34246575342465,未知,19.03999999999999,60.317460317460316,83.33333333333334,9.109999999999996,18.725099601593627,-2.3900000000000254,28.420000000000023,33.46613545816733,1.379153
2024-10-18,2024-10-17,2024-10-18,2024-10-18,2024-10-17,2024-10-17,2024-10-17,2024-10-17,3620.8036,92.6027397260274,0.4878406170455502,68.69565217391305,1801.441700000001,96.16438356164385,未知,-9.440000000000012,47.61904761904761,53.57142857142857,10.319999999999974,25.49800796812749,0.5900000000000016,27.40999999999998,24.701195219123505,1.405728
2024-10-21,2024-10-20,2024-10-21,2024-10-21,2024-10-20,2024-10-18,2024-10-18,2024-10-18,3807.2499,94.52054794520548,0.4951843910124066,69.27536231884058,2015.439000000001,96.98630136986301,未知,0.9299999999999873,50.79365079365079,65.07936507936508,9.870000000000001,22.709163346613543,0.6699999999999928,28.70999999999997,36.65338645418327,1.2120520000000001
2024-10-22,2024-10-21,2024-10-22,2024-10-22,2024-10-21,2024-10-21,2024-10-21,2024-10-21,4323.3436,96.16438356164385,0.5269386229037419,72.17391304347827,2333.111400000001,98.08219178082192,未知,-13.470000000000013,42.857142857142854,48.80952380952381,10.299999999999976,25.2,0.6999999999999673,28.410000000000004,34.0,0.4391110000000001
2024-10-23,2024-10-22,2024-10-23,2024-10-23,2024-10-22,2024-10-22,2024-10-22,2024-10-22,3735.2358,93.15068493150685,0.490411375733309,68.11594202898551,1753.9723,94.52054794520548,未知,-9.530000000000012,46.03174603174603,53.57142857142857,9.060000000000024,18.725099601593627,-1.5199999999999658,28.140000000000008,31.872509960159363,0.07438100000000011
2024-10-24,2024-10-23,2024-10-24,2024-10-24,2024-10-23,2024-10-23,2024-10-23,2024-10-23,2527.0492,83.01369863013699,0.48519196831118766,67.2463768115942,1123.2997,85.47945205479452,未知,31.739999999999984,61.904761904761905,88.09523809523809,10.840000000000005,29.880478087649404,1.7300000000000093,29.92999999999999,44.6215139442231,-0.3004749999999998
2024-10-25,2024-10-24,2024-10-25,2024-10-25,2024-10-24,2024-10-24,2024-10-24,2024-10-24,2562.6242,83.28767123287672,0.8422414440797517,93.33333333333333,1074.6497,84.10958904109589,未知,100.06999999999998,85.71428571428571,96.42857142857143,9.529999999999994,21.115537848605577,-0.7899999999999796,30.64,47.410358565737056,-0.3837209999999998
2024-10-28,2024-10-27,2024-10-28,2024-10-28,2024-10-27,2024-10-25,2024-10-25,2024-10-25,2505.9361,83.01369863013699,1.0,100.0,874.6524000000004,79.72602739726027,未知,99.88999999999999,84.12698412698413,96.03174603174604,11.260000000000003,33.86454183266932,1.3900000000000023,31.650000000000023,50.199203187250994,-0.43018399999999984
2024-10-29,2024-10-28,2024-10-29,2024-10-29,2024-10-28,2024-10-28,2024-10-28,2024-10-28,1803.755,64.65753424657534,1.0,100.0,556.9800000000005,63.287671232876704,未知,131.93999999999997,93.65079365079364,98.4126984126984,11.09,32.4,0.790000000000024,33.26000000000002,55.2,-0.4367939999999998
2024-10-30,2024-10-29,2024-10-30,2024-10-30,2024-10-29,2024-10-29,2024-10-29,2024-10-29,1280.545,48.21917808219178,1.0,100.0,454.2700000000004,57.534246575342465,未知,120.27,90.47619047619048,97.61904761904762,10.97999999999999,31.47410358565737,1.9199999999999662,32.46,53.38645418326693,-0.37709899999999985
2024-10-31,2024-10-30,2024-10-31,2024-10-31,2024-10-30,2024-10-30,2024-10-30,2024-10-30,1034.625,38.63013698630137,0.37110933758978437,52.17391304347826,263.3500000000005,42.73972602739726,未知,96.99999999999999,79.36507936507937,94.84126984126983,11.09,33.067729083665334,0.24999999999999467,33.06,54.980079681274894,-0.1896909999999999
2024-11-01,2024-10-31,2024-11-01,2024-11-01,2024-10-31,2024-10-31,2024-10-31,2024-10-31,404.271,16.986301369863014,0.1873732081122706,22.028985507246375,14.00000000000045,16.43835616438356,未知,37.079999999999984,57.14285714285714,87.3015873015873,12.049999999999983,39.04382470119522,2.519999999999989,34.06,59.76095617529881,-0.19529499999999989
2024-11-04,2024-11-03,2024-11-04,2024-11-04,2024-11-03,2024-11-01,2024-11-01,2024-11-01,117.221,8.767123287671232,0.045823360621885155,3.4782608695652173,0.0,15.890410958904111,未知,52.08999999999999,58.730158730158735,88.88888888888889,11.539999999999973,36.254980079681275,0.27999999999996916,36.09999999999998,73.70517928286853,-0.15201499999999987
2024-11-05,2024-11-04,2024-11-05,2024-11-05,2024-11-04,2024-11-04,2024-11-04,2024-11-04,117.221,9.04109589041096,0.045823360621885155,3.768115942028986,0.0,16.164383561643834,未知,20.909999999999986,47.61904761904761,80.95238095238095,13.169999999999993,43.2,2.079999999999993,36.41999999999999,76.4,-0.10772599999999989
2024-11-06,2024-11-05,2024-11-06,2024-11-06,2024-11-05,2024-11-05,2024-11-05,2024-11-05,224.6529,10.95890410958904,0.08428052187296098,10.144927536231885,1.100000000000455,16.43835616438356,未知,13.679999999999989,44.44444444444444,76.98412698412699,15.070000000000006,52.589641434262944,4.090000000000016,36.62999999999998,78.08764940239044,-0.08045099999999988
2024-11-07,2024-11-06,2024-11-07,2024-11-07,2024-11-06,2024-11-06,2024-11-06,2024-11-06,228.5555,11.232876712328768,0.12563929926896228,16.231884057971012,23.32570000000046,20.0,未知,-5.030000000000015,34.92063492063492,58.730158730158735,12.659999999999982,41.832669322709165,1.5699999999999825,35.5,67.72908366533864,0.0063470000000001095
2024-11-08,2024-11-07,2024-11-08,2024-11-08,2024-11-07,2024-11-07,2024-11-07,2024-11-07,198.3345,10.684931506849315,0.06630113893766543,7.246376811594203,23.32570000000046,20.273972602739725,未知,-11.390000000000015,28.57142857142857,49.2063492063492,13.080000000000025,43.42629482071713,1.030000000000042,38.23000000000001,95.2191235059761,0.06373800000000011
2024-11-11,2024-11-10,2024-11-11,2024-11-11,2024-11-10,2024-11-08,2024-11-08,2024-11-08,533.5515,25.205479452054796,0.16997220338691477,23.768115942028984,23.32570000000046,21.095890410958905,未知,-43.47000000000002,12.698412698412698,26.190476190476193,13.260000000000005,44.223107569721115,1.7200000000000326,38.68000000000001,96.81274900398407,0.08019100000000011
2024-11-12,2024-11-11,2024-11-12,2024-11-12,2024-11-11,2024-11-11,2024-11-11,2024-11-11,787.4515,37.26027397260274,0.2320845140285677,28.985507246376812,23.32570000000046,21.36986301369863,未知,-31.230000000000015,19.047619047619047,31.746031746031743,14.23000000000001,47.199999999999996,1.0600000000000165,35.93000000000002,71.2,0.1020950000000001
2024-11-13,2024-11-12,2024-11-13,2024-11-13,2024-11-12,2024-11-12,2024-11-12,2024-11-12,753.7707,35.342465753424655,0.22438522147083884,28.985507246376812,22.22570000000045,18.63013698630137,未知,-24.110000000000017,19.047619047619047,34.92063492063492,15.32,56.17529880478087,0.24999999999999467,36.80000000000001,80.47808764940238,0.11509000000000011
2024-11-14,2024-11-13,2024-11-14,2024-11-14,2024-11-13,2024-11-13,2024-11-13,2024-11-13,743.318,33.42465753424658,0.14627297303785844,19.130434782608695,23.44990000000045,21.91780821917808,未知,-17.740000000000016,25.396825396825395,43.25396825396825,14.00999999999999,46.613545816733065,1.3500000000000068,36.27,74.10358565737052,0.10596900000000012
2024-11-15,2024-11-14,2024-11-15,2024-11-15,2024-11-14,2024-11-14,2024-11-14,2024-11-14,1706.3368,63.013698630136986,0.35238607083404094,49.85507246376812,559.9425000000005,64.10958904109589,未知,11.399999999999984,42.857142857142854,74.60317460317461,15.169999999999995,55.37848605577689,2.0899999999999697,36.74999999999999,80.47808764940238,0.2608880000000001
2024-11-18,2024-11-17,2024-11-18,2024-11-18,2024-11-17,2024-11-15,2024-11-15,2024-11-15,2747.7398,86.84931506849315,0.4670135993029348,66.66666666666666,1814.902500000001,95.06849315068493,未知,18.599999999999984,47.61904761904761,79.36507936507937,13.989999999999991,46.613545816733065,0.7299999999999862,37.72000000000002,90.43824701195219,0.31671400000000016
2024-11-19,2024-11-18,2024-11-19,2024-11-19,2024-11-18,2024-11-18,2024-11-18,2024-11-18,3742.8517,93.69863013698631,0.544117866618154,74.78260869565217,2881.772500000001,98.35616438356163,未知,21.699999999999985,52.38095238095239,81.74603174603175,13.44000000000003,45.6,-0.7899999999999796,37.73000000000002,90.4,0.3091890000000001
2024-11-20,2024-11-19,2024-11-20,2024-11-20,2024-11-19,2024-11-19,2024-11-19,2024-11-19,5449.0455,98.35616438356163,0.6347210357945777,82.6086956521739,3848.7725,100.0,未知,9.789999999999985,42.857142857142854,73.4126984126984,14.889999999999981,53.38645418326693,-0.43000000000001926,37.35999999999997,86.85258964143426,0.2669730000000001
2024-11-21,2024-11-20,2024-11-21,2024-11-21,2024-11-20,2024-11-20,2024-11-20,2024-11-20,5559.535599999999,98.35616438356163,0.8345726772067388,91.59420289855072,3825.3226,99.72602739726028,未知,36.40999999999998,60.317460317460316,86.11111111111111,14.19999999999999,48.20717131474104,0.19000000000000128,36.949999999999996,82.86852589641434,0.3355870000000001
2024-11-22,2024-11-21,2024-11-22,2024-11-22,2024-11-21,2024-11-21,2024-11-21,2024-11-21,7203.148999999999,100.0,0.8673112306594377,92.17391304347827,5333.071,100.0,未知,-21.310000000000016,22.22222222222222,38.88888888888889,14.870000000000028,53.78486055776892,-0.29999999999996696,35.80000000000001,70.1195219123506,0.32315400000000016
2024-11-25,2024-11-24,2024-11-25,2024-11-25,2024-11-24,2024-11-22,2024-11-22,2024-11-22,9412.528999999999,100.0,0.9398873376870744,92.46376811594203,5798.111000000001,100.0,未知,-3.360000000000017,38.095238095238095,59.523809523809526,13.739999999999997,46.613545816733065,-0.24999999999999467,35.06,63.34661354581673,0.28062800000000016
2024-11-26,2024-11-25,2024-11-26,2024-11-26,2024-11-25,2024-11-25,2024-11-25,2024-11-25,9706.6804,100.0,0.9416026128814701,92.46376811594203,5994.397800000001,100.0,未知,-55.61000000000002,7.936507936507936,17.46031746031746,13.739999999999997,47.199999999999996,0.29999999999996696,34.309999999999995,59.599999999999994,0.43821500000000013
2024-11-27,2024-11-26,2024-11-27,2024-11-27,2024-11-26,2024-11-26,2024-11-26,2024-11-26,7982.7355,98.9041095890411,0.9298755331483421,91.01449275362319,5083.397800000001,98.63013698630137,未知,-86.33000000000001,7.936507936507936,8.73015873015873,13.51,45.81673306772908,-1.3799999999999812,34.08,58.964143426294825,0.668128
2024-11-28,2024-11-27,2024-11-28,2024-11-28,2024-11-27,2024-11-27,2024-11-27,2024-11-27,8757.9755,98.9041095890411,0.951129322618202,92.46376811594203,5770.7978,98.9041095890411,未知,-141.57000000000002,0.0,1.984126984126984,12.690000000000001,42.23107569721115,-1.5099999999999891,32.969999999999985,53.38645418326693,0.6911920000000001
2024-11-29,2024-11-28,2024-11-29,2024-11-29,2024-11-28,2024-11-28,2024-11-28,2024-11-28,7838.7192,98.35616438356163,0.9457093443339232,92.17391304347827,5153.2267,98.35616438356163,未知,-124.36000000000001,3.1746031746031744,3.571428571428571,13.629999999999987,47.01195219123506,-1.240000000000041,32.42,51.79282868525896,0.6100060000000002
2024-12-02,2024-12-01,2024-12-02,2024-12-02,2024-12-01,2024-11-29,2024-11-29,2024-11-29,5486.7192,95.8904109589041,0.8445369164177512,89.56521739130436,4222.2267,97.80821917808218,未知,-140.44000000000003,1.5873015873015872,2.380952380952381,12.449999999999983,40.63745019920319,-1.2900000000000134,35.009999999999984,62.94820717131474,0.6277150000000001
2024-12-03,2024-12-02,2024-12-03,2024-12-03,2024-12-02,2024-12-02,2024-12-02,2024-12-02,5097.835,93.69863013698631,0.8346386239968826,88.40579710144928,3865.144600000001,96.98630136986301,未知,-104.49000000000001,11.11111111111111,6.746031746031746,12.030000000000008,39.6,-1.7099999999999884,39.63000000000001,99.2,0.6011390000000002
2024-12-04,2024-12-03,2024-12-04,2024-12-04,2024-12-03,2024-12-03,2024-12-03,2024-12-03,6831.2622,97.80821917808218,0.871194206463342,90.14492753623189,4915.165800000001,97.80821917808218,未知,-52.70000000000002,17.46031746031746,21.825396825396826,10.640000000000027,29.880478087649404,-2.8699999999999726,36.750000000000014,79.6812749003984,0.47045400000000015
2024-12-05,2024-12-04,2024-12-05,2024-12-05,2024-12-04,2024-12-04,2024-12-04,2024-12-04,7193.7653,97.80821917808218,0.7479664013011421,83.47826086956522,5401.765800000001,98.63013698630137,未知,-57.38000000000001,15.873015873015872,18.650793650793652,11.029999999999983,32.27091633466135,-1.660000000000018,35.14999999999999,63.745019920318725,0.5369650000000001
2024-12-06,2024-12-05,2024-12-06,2024-12-06,2024-12-05,2024-12-05,2024-12-05,2024-12-05,5863.9865,95.8904109589041,0.7075284811335056,82.02898550724638,4112.0959,96.43835616438356,未知,-48.23000000000001,22.22222222222222,26.190476190476193,11.709999999999997,38.645418326693225,-1.9199999999999893,33.08,52.191235059760956,0.6636960000000002
2024-12-09,2024-12-08,2024-12-09,2024-12-09,2024-12-08,2024-12-06,2024-12-06,2024-12-06,4586.9865,91.78082191780823,0.6193619850643799,76.23188405797102,3323.095900000001,94.79452054794521,未知,-65.95,15.873015873015872,14.682539682539684,10.670000000000002,30.278884462151396,-1.7799999999999816,31.559999999999988,47.01195219123506,0.6228820000000002
2024-12-10,2024-12-09,2024-12-10,2024-12-10,2024-12-09,2024-12-09,2024-12-09,2024-12-09,3432.7074,85.75342465753425,0.5490831832596642,69.56521739130434,2417.021200000001,92.32876712328768,未知,-72.23,15.873015873015872,11.904761904761903,13.339999999999975,48.4,1.3099999999999667,29.769999999999985,40.8,0.6637680000000001
2024-12-11,2024-12-10,2024-12-11,2024-12-11,2024-12-10,2024-12-10,2024-12-10,2024-12-10,1643.2802,52.32876712328767,0.36826020024470885,48.40579710144928,1311.0,82.46575342465754,未知,-100.55000000000001,12.698412698412698,7.5396825396825395,13.3,48.20717131474104,2.6599999999999735,27.479999999999993,23.107569721115535,0.6895100000000002
2024-12-12,2024-12-11,2024-12-12,2024-12-12,2024-12-11,2024-12-11,2024-12-11,2024-12-11,605.5971,27.123287671232877,0.23552202505109185,28.695652173913043,137.0000000000005,30.684931506849317,未知,-102.74000000000001,12.698412698412698,7.142857142857142,14.80999999999999,58.56573705179283,3.7800000000000065,26.48999999999999,17.52988047808765,0.4121910000000001
2024-12-13,2024-12-12,2024-12-13,2024-12-13,2024-12-12,2024-12-12,2024-12-12,2024-12-12,357.7686,17.26027397260274,0.15398038949181403,19.420289855072465,69.31860000000046,27.671232876712327,未知,-62.88000000000001,22.22222222222222,17.857142857142858,12.980000000000015,46.21513944223107,1.2700000000000173,25.70000000000001,15.139442231075698,0.14908100000000019
2024-12-16,2024-12-15,2024-12-16,2024-12-16,2024-12-15,2024-12-13,2024-12-13,2024-12-13,357.7686,17.80821917808219,0.26143720067818854,31.01449275362319,69.31860000000046,27.671232876712327,未知,-92.20000000000002,15.873015873015872,10.317460317460316,12.740000000000018,45.0199203187251,2.0700000000000163,26.450000000000017,17.131474103585656,0.16724000000000017
2024-12-17,2024-12-16,2024-12-17,2024-12-17,2024-12-16,2024-12-16,2024-12-16,2024-12-16,357.7686,17.80821917808219,0.26143720067818854,31.01449275362319,69.31860000000046,27.671232876712327,未知,-81.80000000000003,20.634920634920633,12.3015873015873,13.860000000000007,52.800000000000004,0.5200000000000315,21.510000000000005,2.8000000000000003,0.0025300000000001753
2024-12-18,2024-12-17,2024-12-18,2024-12-18,2024-12-17,2024-12-17,2024-12-17,2024-12-17,447.7154,20.273972602739725,0.13251838366638785,15.36231884057971,95.75800000000046,29.863013698630137,未知,-53.83000000000002,30.158730158730158,23.809523809523807,13.959999999999994,52.98804780876494,0.659999999999993,20.330000000000005,0.796812749003984,-0.01953499999999983
2024-12-19,2024-12-18,2024-12-19,2024-12-19,2024-12-18,2024-12-18,2024-12-18,2024-12-18,590.9912,26.84931506849315,0.23535234403274552,26.956521739130434,275.1588000000005,40.273972602739725,未知,17.12999999999998,66.66666666666666,78.17460317460318,10.919999999999996,31.872509960159363,-3.8899999999999935,22.05999999999999,3.5856573705179287,-0.08731499999999984
2024-12-20,2024-12-19,2024-12-20,2024-12-20,2024-12-19,2024-12-19,2024-12-19,2024-12-19,481.2226,20.273972602739725,0.20039898012870067,22.608695652173914,205.8402000000005,36.71232876712329,未知,9.88999999999998,60.317460317460316,73.80952380952381,13.470000000000004,50.59760956175299,0.48999999999998956,23.140000000000004,7.171314741035857,-0.08736799999999983
2024-12-23,2024-12-22,2024-12-23,2024-12-23,2024-12-22,2024-12-20,2024-12-20,2024-12-20,481.2226,20.273972602739725,0.20039898012870067,22.832369942196532,205.8402000000005,36.71232876712329,未知,65.77999999999997,80.95238095238095,91.26984126984127,13.080000000000002,47.410358565737056,0.33999999999998387,20.76,2.3904382470119523,-0.10023499999999985
2024-12-24,2024-12-23,2024-12-24,2024-12-24,2024-12-23,2024-12-23,2024-12-23,2024-12-23,481.2226,20.273972602739725,0.20039898012870067,23.054755043227665,205.8402000000005,36.71232876712329,未知,36.26999999999998,73.01587301587301,85.31746031746032,12.11,42.8,-1.750000000000007,22.799999999999997,5.6000000000000005,0.02473400000000016
2024-12-25,2024-12-24,2024-12-25,2024-12-25,2024-12-24,2024-12-24,2024-12-24,2024-12-24,391.2758,15.890410958904111,1.0,100.0,179.4008000000005,33.42465753424658,未知,28.82999999999998,69.84126984126983,82.93650793650794,11.59000000000001,38.645418326693225,-2.3699999999999832,20.75,1.593625498007968,0.019835000000000158
2024-12-26,2024-12-25,2024-12-26,2024-12-26,2024-12-25,2024-12-25,2024-12-25,2024-12-25,0.0,6.575342465753424,,,0.0,14.794520547945206,未知,3.0399999999999814,52.38095238095239,67.85714285714286,11.790000000000012,40.23904382470119,0.8700000000000152,21.860000000000014,3.187250996015936,0.32633300000000015
2024-12-27,2024-12-26,2024-12-27,2024-12-27,2024-12-26,2024-12-26,2024-12-26,2024-12-26,0.0,6.575342465753424,,,0.0,14.794520547945206,未知,-4.0100000000000176,46.03174603174603,59.12698412698413,15.580000000000016,69.32270916334662,2.110000000000012,20.300000000000008,0.0,0.5542690000000001
2024-12-30,2024-12-29,2024-12-30,2024-12-30,2024-12-29,2024-12-27,2024-12-27,2024-12-27,0.0,6.575342465753424,,,0.0,14.794520547945206,未知,-26.540000000000017,30.158730158730158,36.904761904761905,15.379999999999994,68.92430278884463,2.299999999999992,24.31000000000001,9.56175298804781,0.6319070000000001
2024-12-31,2024-12-30,2024-12-31,2024-12-31,2024-12-30,2024-12-30,2024-12-30,2024-12-30,0.0,6.575342465753424,,,0.0,14.794520547945206,未知,-8.630000000000019,42.857142857142854,54.36507936507936,13.419999999999987,52.0,1.309999999999988,25.619999999999997,16.8,0.6435580000000001
2025-01-02,2025-01-01,2025-01-02,2025-01-02,2025-01-01,2024-12-31,2024-12-31,2024-12-31,0.0,6.575342465753424,0.0,2.292263610315186,0.0,14.794520547945206,未知,-7.530000000000019,44.44444444444444,55.55555555555556,14.379999999999992,60.0,2.7899999999999814,24.4,10.0,0.5787870000000002
2025-01-03,2025-01-02,2025-01-03,2025-01-03,2025-01-02,2025-01-02,2025-01-02,2025-01-02,0.0,6.575342465753424,0.0,2.571428571428571,0.0,14.794520547945206,未知,-23.94000000000002,33.33333333333333,38.492063492063494,15.03000000000001,67.2,3.2399999999999984,18.799999999999994,0.0,0.38085700000000017
2025-01-06,2025-01-05,2025-01-06,2025-01-06,2025-01-05,2025-01-03,2025-01-03,2025-01-03,0.0,6.575342465753424,0.0,2.571428571428571,0.0,14.794520547945206,未知,-34.31000000000002,28.57142857142857,32.142857142857146,13.749999999999996,55.60000000000001,-1.8300000000000196,19.66000000000001,0.4,0.08441500000000011
2025-01-07,2025-01-06,2025-01-07,2025-01-07,2025-01-06,2025-01-06,2025-01-06,2025-01-06,678.5405,27.945205479452056,0.16187559797654455,19.142857142857142,613.2305000000005,61.09589041095891,未知,-14.820000000000018,39.682539682539684,48.41269841269841,14.349999999999996,60.6425702811245,-1.0299999999999976,20.009999999999994,0.8032128514056224,-0.08756299999999988
2025-01-08,2025-01-07,2025-01-08,2025-01-08,2025-01-07,2025-01-07,2025-01-07,2025-01-07,1051.5405,39.726027397260275,0.17424784048295033,20.57142857142857,816.2305000000005,70.68493150684931,未知,22.179999999999986,73.01587301587301,80.15873015873017,14.240000000000009,59.199999999999996,0.8200000000000216,19.67000000000001,0.8,-0.2394079999999999
2025-01-09,2025-01-08,2025-01-09,2025-01-09,2025-01-08,2025-01-08,2025-01-08,2025-01-08,1051.5405,39.726027397260275,0.18175005861494503,20.857142857142858,816.2305000000005,70.68493150684931,未知,41.12999999999998,82.53968253968253,87.3015873015873,15.460000000000008,72.0,1.080000000000016,18.650000000000013,0.0,-0.3410739999999999
2025-01-10,2025-01-09,2025-01-10,2025-01-10,2025-01-09,2025-01-09,2025-01-09,2025-01-09,1051.5405,39.726027397260275,0.18175005861494503,20.857142857142858,816.2305000000005,70.68493150684931,未知,58.81999999999998,85.71428571428571,89.28571428571429,14.419999999999987,62.8,-0.6100000000000225,17.599999999999994,0.0,-0.2709149999999999
2025-01-13,2025-01-12,2025-01-13,2025-01-13,2025-01-12,2025-01-10,2025-01-10,2025-01-10,1051.5405,39.726027397260275,0.2902129954388774,36.57142857142857,816.2305000000005,70.68493150684931,未知,67.53999999999998,90.47619047619048,91.26984126984127,15.52,72.8,1.7700000000000031,15.900000000000002,0.0,-0.2905719999999999
2025-01-14,2025-01-13,2025-01-14,2025-01-14,2025-01-13,2025-01-13,2025-01-13,2025-01-13,2603.7126,77.8082191780822,0.5030830376106126,65.14285714285715,1551.1316,86.84931506849315,未知,58.69999999999998,85.71428571428571,88.4920634920635,14.589999999999993,64.65863453815261,0.23999999999999666,13.51,0.0,-0.2668069999999999
2025-01-15,2025-01-14,2025-01-15,2025-01-15,2025-01-14,2025-01-14,2025-01-14,2025-01-14,3767.1588,88.4931506849315,0.7737093195366531,85.42857142857143,2005.6593,89.86301369863014,未知,44.22999999999998,84.12698412698413,86.5079365079365,14.690000000000003,65.2,0.44999999999999396,13.150000000000016,0.0,-0.2756379999999999
2025-01-16,2025-01-15,2025-01-16,2025-01-16,2025-01-15,2025-01-15,2025-01-15,2025-01-15,4085.3188,89.86301369863014,0.692976739442827,80.28571428571428,2307.9593,91.5068493150685,未知,-1.530000000000019,55.55555555555556,60.317460317460316,15.300000000000002,72.39999999999999,-0.16000000000000547,13.600000000000012,0.8,-0.18392099999999992
2025-01-17,2025-01-16,2025-01-17,2025-01-17,2025-01-16,2025-01-16,2025-01-16,2025-01-16,4455.5445,90.68493150684932,0.7111184829985645,81.71428571428572,2424.6593,92.32876712328768,未知,-29.56000000000002,31.746031746031743,33.33333333333333,14.759999999999994,66.0,0.34000000000000696,9.199999999999985,0.0,-0.3574319999999999
2025-01-20,2025-01-19,2025-01-20,2025-01-20,2025-01-19,2025-01-17,2025-01-17,2025-01-17,4455.5445,90.68493150684932,0.5207786015255955,65.71428571428571,2424.6593,92.32876712328768,未知,-12.420000000000016,44.44444444444444,48.01587301587302,13.41000000000001,52.0,-2.1099999999999888,9.090000000000021,0.0,-0.2188169999999999
2025-01-21,2025-01-20,2025-01-21,2025-01-21,2025-01-20,2025-01-20,2025-01-20,2025-01-20,2293.4019,69.04109589041096,0.35871386405412736,46.285714285714285,1076.5277,75.34246575342466,未知,-8.57000000000002,49.2063492063492,52.38095238095239,12.229999999999986,44.57831325301205,-2.3600000000000065,5.199999999999982,0.0,-0.2696179999999999
2025-01-22,2025-01-21,2025-01-22,2025-01-22,2025-01-21,2025-01-21,2025-01-21,2025-01-21,756.9557,30.958904109589042,0.1558498258487307,16.28571428571429,419.0000000000002,46.57534246575342,未知,-8.88000000000002,46.03174603174603,51.98412698412699,14.010000000000012,58.8,-0.6799999999999908,5.469999999999997,0.4,-0.3536619999999999
2025-01-23,2025-01-22,2025-01-23,2025-01-23,2025-01-22,2025-01-22,2025-01-22,2025-01-22,438.7957,15.890410958904111,0.16080196109954287,16.857142857142858,116.7000000000002,24.10958904109589,未知,-6.820000000000018,52.38095238095239,54.36507936507936,12.9,48.4,-2.400000000000002,7.919999999999994,0.8,-0.3270619999999999
2025-01-24,2025-01-23,2025-01-24,2025-01-24,2025-01-23,2025-01-23,2025-01-23,2025-01-23,68.57,5.7534246575342465,0.029072700831435982,1.7142857142857144,0.0,10.684931506849315,未知,2.0199999999999836,60.317460317460316,62.698412698412696,13.18999999999999,50.8,-1.5700000000000038,4.64,0.0,-0.14053599999999988
2025-01-26,2025-01-25,2025-01-26,2025-01-26,2025-01-25,2025-01-24,2025-01-24,2025-01-24,68.57,6.301369863013699,1.0,100.0,0.0,11.232876712328768,未知,-34.920000000000016,28.57142857142857,28.57142857142857,15.379999999999994,76.0,1.9699999999999829,7.529999999999992,1.2,-0.1520959999999999
2025-01-27,2025-01-26,2025-01-27,2025-01-27,2025-01-26,2025-01-26,2025-01-26,2025-01-24,68.57,6.575342465753424,1.0,100.0,0.0,11.506849315068493,未知,-37.93000000000002,28.57142857142857,26.984126984126984,14.660000000000007,67.06827309236948,2.430000000000021,8.529999999999994,2.0080321285140563,-0.1520959999999999
2025-02-05,2025-02-04,2025-02-05,2025-02-05,2025-02-04,2025-01-27,2025-01-27,2025-01-27,2877.2808,81.0958904109589,0.5140497507289611,66.37931034482759,2026.798,89.31506849315069,未知,-50.00000000000002,25.396825396825395,22.22222222222222,14.030000000000008,60.0,0.01999999999999602,5.519999999999992,1.2,-0.04787999999999989
2025-02-06,2025-02-05,2025-02-06,2025-02-06,2025-02-05,2025-02-05,2025-02-05,2025-02-05,2877.2808,81.0958904109589,0.5375200583581087,69.25287356321839,2026.798,89.31506849315069,未知,-22.31000000000002,42.857142857142854,37.698412698412696,14.429999999999987,67.21311475409836,1.529999999999987,5.7499999999999885,1.639344262295082,0.06027500000000011
2025-02-07,2025-02-06,2025-02-07,2025-02-07,2025-02-06,2025-02-06,2025-02-06,2025-02-06,2253.2808,70.13698630136986,0.4764934654305517,61.49425287356321,1591.568,84.65753424657534,未知,-8.15000000000002,57.14285714285714,51.98412698412699,15.73,80.73770491803278,2.54000000000001,7.3100000000000165,2.0491803278688523,0.21154500000000012
2025-02-08,2025-02-07,2025-02-08,2025-02-08,2025-02-07,2025-02-07,2025-02-07,2025-02-07,1614.703,53.42465753424658,0.31351611740124796,41.260744985673355,1091.54,77.26027397260275,未知,-12.140000000000018,50.79365079365079,47.22222222222222,15.220000000000011,76.22950819672131,-0.15999999999998238,8.540000000000013,3.6885245901639343,0.37102600000000013
2025-02-10,2025-02-09,2025-02-10,2025-02-10,2025-02-09,2025-02-08,2025-02-08,2025-02-07,1614.703,53.42465753424658,0.31351611740124796,41.5954415954416,1091.54,77.26027397260275,未知,-12.130000000000019,52.38095238095239,47.22222222222222,15.060000000000006,74.59016393442623,0.3999999999999986,7.8400000000000025,2.8688524590163933,0.37102600000000013
2025-02-11,2025-02-10,2025-02-11,2025-02-11,2025-02-10,2025-02-10,2025-02-10,2025-02-10,1728.3272,59.45205479452055,0.328334176050155,43.75,1308.5372,80.0,未知,26.409999999999982,85.71428571428571,79.36507936507937,13.40999999999999,54.09836065573771,-0.6200000000000188,3.3299999999999885,0.0,0.2734180000000001
2025-02-12,2025-02-11,2025-02-12,2025-02-12,2025-02-11,2025-02-11,2025-02-11,2025-02-11,2251.7013,69.86301369863014,0.38907621761459005,53.54107648725213,1054.8851,73.6986301369863,未知,49.81999999999998,93.65079365079364,86.5079365079365,13.590000000000014,56.734693877551024,-0.8399999999999732,1.5800000000000036,0.0,0.3256210000000001
2025-02-13,2025-02-12,2025-02-13,2025-02-13,2025-02-12,2025-02-12,2025-02-12,2025-02-12,2251.7013,69.86301369863014,0.3684246316160772,50.847457627118644,1054.8851,73.6986301369863,未知,65.06999999999998,96.82539682539682,90.47619047619048,13.420000000000009,54.87804878048781,-2.3099999999999916,2.7800000000000047,0.40650406504065045,0.41413900000000015
2025-02-14,2025-02-13,2025-02-14,2025-02-14,2025-02-13,2025-02-13,2025-02-13,2025-02-13,2667.7513,77.8082191780822,0.40867845256298285,55.367231638418076,1255.0751,79.72602739726027,未知,94.24,100.0,94.04761904761905,13.319999999999999,53.036437246963565,-1.9000000000000128,1.2800000000000145,0.0,0.2432950000000001
2025-02-17,2025-02-16,2025-02-17,2025-02-17,2025-02-16,2025-02-14,2025-02-14,2025-02-14,5274.977,93.97260273972603,0.7867255920490106,87.28813559322035,3167.7608,93.15068493150685,未知,91.76999999999998,98.4126984126984,93.65079365079364,12.329999999999997,45.16129032258064,-2.7300000000000093,-2.70999999999999,0.0,0.04466500000000011
2025-02-18,2025-02-17,2025-02-18,2025-02-18,2025-02-17,2025-02-17,2025-02-17,2025-02-17,5315.8398,93.97260273972603,0.6016224739611054,74.57627118644068,3188.0736,93.15068493150685,未知,68.53999999999998,96.82539682539682,90.87301587301587,10.48,28.514056224899598,-2.929999999999989,-3.929999999999989,0.0,0.07436800000000013
2025-02-19,2025-02-18,2025-02-19,2025-02-19,2025-02-18,2025-02-18,2025-02-18,2025-02-18,4976.9531,91.5068493150685,0.5857338555864219,73.44632768361582,3681.9217,95.34246575342465,未知,82.88,96.82539682539682,92.06349206349206,10.780000000000012,31.32530120481928,-2.8100000000000023,-5.659999999999998,0.0,-0.19637299999999988
2025-02-20,2025-02-19,2025-02-20,2025-02-20,2025-02-19,2025-02-19,2025-02-19,2025-02-19,5602.5631,95.34246575342465,0.7283090209555771,82.7683615819209,4197.5317,96.43835616438356,未知,40.249999999999986,80.95238095238095,82.93650793650794,15.469999999999985,79.91967871485943,2.049999999999976,-6.269999999999998,0.0,-0.3026809999999999
2025-02-21,2025-02-20,2025-02-21,2025-02-21,2025-02-20,2025-02-20,2025-02-20,2025-02-20,5618.6631,95.34246575342465,0.728876463676302,82.7683615819209,4411.9017,97.26027397260275,未知,22.359999999999985,73.01587301587301,75.79365079365078,14.789999999999992,71.8875502008032,1.4699999999999935,-10.539999999999994,0.0,-0.3499309999999999
2025-02-24,2025-02-23,2025-02-24,2025-02-24,2025-02-23,2025-02-21,2025-02-21,2025-02-21,4767.0439,90.68493150684932,0.6952039347451165,80.50847457627118,3008.276,91.23287671232877,未知,25.599999999999987,73.01587301587301,75.79365079365078,14.779999999999994,71.8875502008032,2.4499999999999975,-8.720000000000017,0.4016064257028112,-0.4636419999999999
2025-02-25,2025-02-24,2025-02-25,2025-02-25,2025-02-24,2025-02-24,2025-02-24,2025-02-24,4553.123900000001,88.21917808219179,1.0,100.0,2767.676,89.86301369863014,未知,10.939999999999989,66.66666666666666,66.66666666666666,13.650000000000006,58.87096774193549,3.1700000000000053,-7.430000000000003,0.8064516129032258,-0.65757
2025-02-26,2025-02-25,2025-02-26,2025-02-26,2025-02-25,2025-02-25,2025-02-25,2025-02-25,3026.9965,78.9041095890411,1.0,100.0,1605.63,81.64383561643835,未知,-50.44000000000001,25.396825396825395,19.841269841269842,19.009999999999994,95.98393574297188,8.229999999999983,-7.7400000000000135,0.8032128514056224,-0.5257159999999999
2025-02-27,2025-02-26,2025-02-27,2025-02-27,2025-02-26,2025-02-26,2025-02-26,2025-02-26,2401.3865,69.04109589041096,0.6397237829056073,77.40112994350282,1090.02,73.97260273972603,未知,-50.97000000000001,25.396825396825395,19.444444444444446,19.44999999999999,96.3855421686747,3.980000000000004,-5.540000000000012,2.4096385542168677,-0.4940709999999999
2025-02-28,2025-02-27,2025-02-28,2025-02-28,2025-02-27,2025-02-27,2025-02-27,2025-02-27,2980.852,78.35616438356165,0.6879018344652006,79.66101694915254,1346.2386,76.98630136986301,未知,-52.59000000000002,25.396825396825395,18.650793650793652,18.389999999999993,92.3694779116466,3.6000000000000014,-5.85,2.0080321285140563,-0.34643099999999993
2025-03-03,2025-03-02,2025-03-03,2025-03-03,2025-03-02,2025-02-28,2025-02-28,2025-02-28,2175.1965,64.93150684931507,0.35325414713354464,45.76271186440678,901.3948,66.3013698630137,未知,-45.40000000000002,31.746031746031743,23.41269841269841,23.039999999999992,100.0,8.259999999999998,-4.190000000000005,3.2128514056224895,-0.1567689999999999
2025-03-04,2025-03-03,2025-03-04,2025-03-04,2025-03-03,2025-03-03,2025-03-03,2025-03-03,2576.2665,72.6027397260274,0.39280339989843965,52.259887005649716,1156.0748,75.34246575342466,未知,-77.30000000000001,12.698412698412698,10.317460317460316,24.619999999999997,100.0,10.969999999999992,-3.83,4.032258064516129,0.11803400000000011
2025-03-05,2025-03-04,2025-03-05,2025-03-05,2025-03-04,2025-03-04,2025-03-04,2025-03-04,2852.9965,76.98630136986301,0.4173856629970185,54.23728813559322,1192.1748,75.61643835616438,未知,-54.56000000000002,19.047619047619047,16.666666666666664,22.950000000000003,99.19678714859438,3.9400000000000084,-5.059999999999998,3.2128514056224895,0.2467390000000001
2025-03-06,2025-03-05,2025-03-06,2025-03-06,2025-03-05,2025-03-05,2025-03-05,2025-03-05,2852.9965,76.98630136986301,0.43315185619765834,56.49717514124294,1192.1748,75.61643835616438,未知,-24.93000000000002,39.682539682539684,33.730158730158735,22.440000000000015,98.79518072289156,2.990000000000027,-5.359999999999987,3.2128514056224895,0.2154850000000001
2025-03-07,2025-03-06,2025-03-07,2025-03-07,2025-03-06,2025-03-06,2025-03-06,2025-03-06,1770.801,54.52054794520548,0.3217063945740871,38.983050847457626,434.5462000000001,43.28767123287671,未知,-13.040000000000019,44.44444444444444,44.047619047619044,20.79,96.78714859437751,2.4000000000000057,-4.160000000000008,4.417670682730924,0.050185000000000105
2025-03-10,2025-03-09,2025-03-10,2025-03-10,2025-03-09,2025-03-07,2025-03-07,2025-03-07,867.0681,31.780821917808222,0.2197797604619179,23.163841807909606,370.33,40.821917808219176,未知,-8.33000000000002,53.96825396825397,50.39682539682539,18.520000000000003,92.3694779116466,-4.519999999999989,-3.9599999999999858,4.819277108433735,-0.2023049999999999
2025-03-11,2025-03-10,2025-03-11,2025-03-11,2025-03-10,2025-03-10,2025-03-10,2025-03-10,732.7446,26.027397260273972,0.1922787930003758,19.2090395480226,256.5509,33.6986301369863,未知,44.61999999999998,84.12698412698413,84.12698412698413,19.420000000000016,94.75806451612904,-5.1999999999999815,-1.7999999999999794,6.451612903225806,-0.3675479999999999
2025-03-12,2025-03-11,2025-03-12,2025-03-12,2025-03-11,2025-03-11,2025-03-11,2025-03-11,686.4248,23.835616438356162,0.18234035807122317,18.361581920903955,321.3237,38.35616438356164,未知,51.92999999999998,85.71428571428571,84.92063492063492,16.40999999999999,85.14056224899599,-6.540000000000013,2.4399999999999977,7.630522088353414,-0.5409129999999999
2025-03-13,2025-03-12,2025-03-13,2025-03-13,2025-03-12,2025-03-12,2025-03-12,2025-03-12,686.4248,24.10958904109589,0.14061400212486627,12.711864406779661,321.3237,38.63013698630137,未知,-4.2800000000000225,55.55555555555556,54.36507936507936,19.900000000000006,95.98393574297188,-2.54000000000001,5.24,9.63855421686747,-0.6150239999999999
2025-03-14,2025-03-13,2025-03-14,2025-03-14,2025-03-13,2025-03-13,2025-03-13,2025-03-13,637.8748,23.28767123287671,0.13198115617825737,11.864406779661017,270.1737,34.24657534246575,未知,-38.72000000000002,22.22222222222222,24.206349206349206,17.070000000000007,87.95180722891565,-3.7199999999999918,7.220000000000004,11.244979919678714,-0.5044789999999999
2025-03-17,2025-03-16,2025-03-17,2025-03-17,2025-03-16,2025-03-14,2025-03-14,2025-03-14,1570.6694,47.671232876712324,0.4142749582776079,54.51977401129944,952.3534999999999,69.04109589041096,未知,-59.09000000000002,9.523809523809524,14.682539682539684,20.999999999999996,96.78714859437751,2.4799999999999933,8.67,14.056224899598394,-0.2568659999999999
2025-03-18,2025-03-17,2025-03-18,2025-03-18,2025-03-17,2025-03-17,2025-03-17,2025-03-17,2280.569,66.3013698630137,0.2848443532892376,33.61581920903955,1555.4526,81.0958904109589,未知,-89.21000000000002,3.1746031746031744,8.333333333333332,19.590000000000018,95.16129032258065,0.1700000000000017,11.910000000000021,15.32258064516129,-0.16219099999999992
2025-03-19,2025-03-18,2025-03-19,2025-03-19,2025-03-18,2025-03-18,2025-03-18,2025-03-18,3151.5198,79.72602739726027,0.35500802843669094,46.04519774011299,2140.0177,86.3013698630137,未知,-101.45000000000002,0.0,6.746031746031746,19.709999999999983,95.18072289156626,3.2999999999999936,10.559999999999992,15.261044176706829,-0.0785509999999999
2025-03-20,2025-03-19,2025-03-20,2025-03-20,2025-03-19,2025-03-19,2025-03-19,2025-03-19,3526.0814,81.36986301369863,0.5014920252235278,63.559322033898304,2493.0778,89.58904109589041,未知,-61.45000000000002,7.936507936507936,14.682539682539684,20.73999999999998,96.3855421686747,0.839999999999975,10.819999999999986,15.66265060240964,0.0313470000000001
2025-03-21,2025-03-20,2025-03-21,2025-03-21,2025-03-20,2025-03-20,2025-03-20,2025-03-20,3935.5315,84.93150684931507,0.5289243930437892,66.66666666666666,2680.6178,89.58904109589041,未知,-123.04000000000002,0.0,3.968253968253968,21.730000000000004,98.39357429718876,4.659999999999997,10.319999999999997,15.261044176706829,0.24446600000000013
2025-03-24,2025-03-23,2025-03-24,2025-03-24,2025-03-23,2025-03-21,2025-03-21,2025-03-21,3362.9119,80.0,0.4896485255070684,61.86440677966102,2124.728,85.47945205479452,未知,-172.95000000000002,0.0,1.984126984126984,19.099999999999984,93.17269076305222,-1.9000000000000128,10.68,16.06425702811245,0.3380960000000001
2025-03-25,2025-03-24,2025-03-25,2025-03-25,2025-03-24,2025-03-24,2025-03-24,2025-03-24,4122.8236,86.02739726027397,1.0,100.0,2600.7487,89.31506849315069,未知,-163.09000000000003,1.5873015873015872,2.380952380952381,21.890000000000008,98.38709677419355,2.29999999999999,14.02000000000001,18.548387096774192,0.2883870000000001
2025-03-26,2025-03-25,2025-03-26,2025-03-26,2025-03-25,2025-03-25,2025-03-25,2025-03-25,3021.4626,76.71232876712328,1.0,100.0,1915.3108,82.73972602739727,未知,-147.32,3.1746031746031744,2.7777777777777777,21.37,97.59036144578313,1.660000000000018,13.200000000000012,17.670682730923694,0.4046430000000001
2025-03-27,2025-03-26,2025-03-27,2025-03-27,2025-03-26,2025-03-26,2025-03-26,2025-03-26,2712.0975,71.78082191780823,0.41638113778350255,54.23728813559322,1562.2507,78.9041095890411,未知,-156.31,3.1746031746031744,2.7777777777777777,22.919999999999984,98.79518072289156,2.1800000000000033,12.849999999999984,17.269076305220885,0.4110350000000001
2025-03-28,2025-03-27,2025-03-28,2025-03-28,2025-03-27,2025-03-27,2025-03-27,2025-03-27,2283.7774,64.93150684931507,0.37530169621677745,50.282485875706215,1374.7107,75.89041095890411,未知,-102.98000000000002,7.936507936507936,7.936507936507936,21.15999999999998,96.78714859437751,-0.5700000000000252,12.27999999999998,17.269076305220885,0.14566200000000007
2025-03-31,2025-03-30,2025-03-31,2025-03-31,2025-03-30,2025-03-28,2025-03-28,2025-03-28,1877.3843,55.342465753424655,0.33059616298509514,41.80790960451977,1248.4207,74.24657534246575,未知,-29.150000000000016,34.92063492063492,32.142857142857146,20.220000000000017,95.18072289156626,1.120000000000033,11.980000000000013,17.269076305220885,0.10832200000000008
2025-04-01,2025-03-31,2025-04-01,2025-04-01,2025-03-31,2025-03-31,2025-03-31,2025-03-31,65.19649999999977,4.657534246575342,0.016861469770636725,1.694915254237288,0.0,8.493150684931507,未知,-34.97000000000002,30.158730158730158,28.57142857142857,18.690000000000005,91.53225806451613,-3.200000000000003,11.48,16.93548387096774,0.22424800000000011
2025-04-02,2025-04-01,2025-04-02,2025-04-02,2025-04-01,2025-04-01,2025-04-01,2025-04-01,757.9763999999998,29.315068493150687,0.16624562955583128,16.38418079096045,152.0299999999999,24.383561643835616,未知,-35.69000000000001,30.158730158730158,28.174603174603174,18.300000000000004,89.5582329317269,-3.0699999999999967,10.340000000000016,15.66265060240964,0.15821000000000007
2025-04-03,2025-04-02,2025-04-03,2025-04-03,2025-04-02,2025-04-02,2025-04-02,2025-04-02,692.7798999999998,23.835616438356162,0.4635902155803885,59.6045197740113,152.0299999999999,24.383561643835616,未知,-50.120000000000005,23.809523809523807,23.41269841269841,18.710000000000004,91.56626506024097,-4.2099999999999795,11.830000000000007,17.670682730923694,0.2413380000000001
2025-04-07,2025-04-06,2025-04-07,2025-04-07,2025-04-06,2025-04-03,2025-04-03,2025-04-03,2019.4058,58.9041095890411,0.3816676594835711,49.717514124293785,985.6510999999998,66.84931506849315,未知,-77.72000000000001,12.698412698412698,13.492063492063492,18.930000000000003,91.96787148594377,-2.2299999999999756,11.230000000000008,17.269076305220885,0.557498
2025-04-08,2025-04-07,2025-04-08,2025-04-08,2025-04-07,2025-04-07,2025-04-07,2025-04-07,2040.0258,59.45205479452055,0.23417279929539667,22.598870056497177,997.7710999999998,66.84931506849315,未知,-124.41000000000003,6.349206349206349,5.158730158730158,21.030000000000015,96.3855421686747,0.8099999999999987,11.20000000000001,17.269076305220885,0.9896650000000001
2025-04-09,2025-04-08,2025-04-09,2025-04-09,2025-04-08,2025-04-08,2025-04-08,2025-04-08,2492.0488,68.4931506849315,0.27194940076708307,29.09604519774011,1599.2509,79.17808219178082,未知,-137.15000000000003,6.349206349206349,4.365079365079365,22.710000000000008,98.39357429718876,4.020000000000003,11.040000000000006,17.269076305220885,0.9512550000000002
2025-04-10,2025-04-09,2025-04-10,2025-04-10,2025-04-09,2025-04-09,2025-04-09,2025-04-09,2492.0488,68.4931506849315,0.26761552194614785,27.966101694915253,1599.2509,79.17808219178082,未知,-150.96,4.761904761904762,3.1746031746031744,24.560000000000002,99.59839357429718,6.259999999999998,13.640000000000008,22.48995983935743,0.9159880000000001
2025-04-11,2025-04-10,2025-04-11,2025-04-11,2025-04-10,2025-04-10,2025-04-10,2025-04-10,2453.3605,66.84931506849315,0.27963748896446233,29.66101694915254,1354.0998,74.79452054794521,未知,-93.14000000000001,15.873015873015872,11.904761904761903,26.249999999999996,100.0,7.539999999999992,16.189999999999994,23.694779116465863,0.8001120000000002
2025-04-14,2025-04-13,2025-04-14,2025-04-14,2025-04-13,2025-04-11,2025-04-11,2025-04-11,2006.1685,55.61643835616439,0.3156254432210222,36.15819209039548,1237.8328,72.6027397260274,未知,-3.2200000000000166,66.66666666666666,60.71428571428571,23.709999999999987,98.79518072289156,4.779999999999983,15.889999999999983,23.293172690763054,0.5121190000000002
2025-04-15,2025-04-14,2025-04-15,2025-04-15,2025-04-14,2025-04-14,2025-04-14,2025-04-14,2015.891099999999,56.71232876712329,0.6796915436308498,79.94350282485875,1254.3944,73.42465753424658,未知,33.09999999999999,77.77777777777779,79.36507936507937,23.299999999999986,98.38709677419355,2.269999999999971,13.640000000000008,22.983870967741936,-0.014219999999999835
2025-04-16,2025-04-15,2025-04-16,2025-04-16,2025-04-15,2025-04-15,2025-04-15,2025-04-15,1309.0882,39.178082191780824,0.5794763568770795,72.31638418079096,792.1845999999998,54.52054794520548,未知,50.68999999999998,85.71428571428571,84.12698412698413,22.929999999999986,97.18875502008032,0.21999999999997755,12.009999999999987,20.080321285140563,0.0026310000000001645
2025-04-17,2025-04-16,2025-04-17,2025-04-17,2025-04-16,2025-04-16,2025-04-16,2025-04-16,1776.5713,50.136986301369866,1.0,100.0,957.0345999999998,63.83561643835617,未知,28.52999999999999,77.77777777777779,77.38095238095238,23.67999999999999,98.39357429718876,-0.8800000000000132,11.97999999999999,19.67871485943775,0.13651500000000016
2025-04-18,2025-04-17,2025-04-18,2025-04-18,2025-04-17,2025-04-17,2025-04-17,2025-04-17,1582.0937,43.013698630136986,0.32673752265471434,37.28813559322034,602.9645999999998,44.657534246575345,未知,30.669999999999987,79.36507936507937,78.17460317460318,22.40000000000002,95.18072289156626,-3.8499999999999766,12.120000000000019,20.883534136546185,0.06319300000000017
2025-04-21,2025-04-20,2025-04-21,2025-04-21,2025-04-20,2025-04-18,2025-04-18,2025-04-18,1911.2257,52.32876712328767,0.36958852907928574,46.32768361581921,669.3715999999998,47.397260273972606,未知,12.139999999999988,73.01587301587301,69.44444444444444,22.48000000000001,95.58232931726907,-1.2299999999999756,11.910000000000021,19.67871485943775,0.0014290000000001662
2025-04-22,2025-04-21,2025-04-22,2025-04-22,2025-04-21,2025-04-21,2025-04-21,2025-04-21,2395.9736,66.02739726027397,0.42361824319689173,55.367231638418076,834.7376999999999,56.71232876712329,未知,-4.730000000000012,65.07936507936508,56.34920634920635,21.079999999999988,92.74193548387096,-2.219999999999999,11.719999999999997,18.951612903225808,0.06039300000000017
2025-04-23,2025-04-22,2025-04-23,2025-04-23,2025-04-22,2025-04-22,2025-04-22,2025-04-22,2125.7105,58.35616438356165,0.3946945347322326,50.0,577.9776999999999,42.73972602739726,未知,-10.900000000000013,57.14285714285714,48.01587301587302,21.930000000000007,94.37751004016064,-0.9999999999999787,11.270000000000003,18.473895582329316,0.11662700000000017
2025-04-24,2025-04-23,2025-04-24,2025-04-24,2025-04-23,2025-04-23,2025-04-23,2025-04-23,1906.3174,50.95890410958904,0.3689896017615951,45.19774011299435,630.2376999999999,45.47945205479452,未知,11.119999999999987,73.01587301587301,68.65079365079364,21.35,92.7710843373494,-2.3299999999999876,11.709999999999997,19.27710843373494,-0.12367099999999982
2025-04-25,2025-04-24,2025-04-25,2025-04-25,2025-04-24,2025-04-24,2025-04-24,2025-04-24,1462.8574,39.178082191780824,1.0,100.0,615.8376999999999,44.657534246575345,未知,-5.820000000000013,63.49206349206349,53.96825396825397,20.640000000000015,89.95983935742971,-1.7600000000000051,11.040000000000006,17.670682730923694,-0.09142599999999983
2025-04-27,2025-04-26,2025-04-27,2025-04-27,2025-04-26,2025-04-25,2025-04-25,2025-04-25,930.9173999999996,27.397260273972602,1.0,100.0,445.6976999999999,36.71232876712329,未知,-9.570000000000013,55.55555555555556,48.01587301587302,21.009999999999994,91.16465863453816,-1.4700000000000166,11.070000000000002,18.072289156626507,0.057429000000000174
2025-04-28,2025-04-27,2025-04-28,2025-04-28,2025-04-27,2025-04-27,2025-04-27,2025-04-25,930.9173999999996,27.671232876712327,1.0,100.0,445.6976999999999,36.986301369863014,未知,1.4499999999999873,68.25396825396825,61.904761904761905,19.920000000000005,88.70967741935483,-1.1599999999999824,9.990000000000009,15.32258064516129,0.057429000000000174
2025-04-29,2025-04-28,2025-04-29,2025-04-29,2025-04-28,2025-04-28,2025-04-28,2025-04-28,415.8268999999996,13.424657534246576,1.0,100.0,251.6499999999999,27.945205479452056,未知,-5.120000000000012,61.904761904761905,53.96825396825397,20.25999999999999,89.1566265060241,-1.670000000000016,8.95999999999999,14.457831325301203,0.06657900000000018
2025-04-30,2025-04-29,2025-04-30,2025-04-30,2025-04-29,2025-04-29,2025-04-29,2025-04-29,248.0899999999996,8.21917808219178,1.0,100.0,217.1099999999999,27.123287671232877,未知,-12.360000000000014,50.79365079365079,44.047619047619044,21.18,92.3694779116466,-0.1700000000000017,8.590000000000009,14.056224899598394,0.24942900000000018
2025-05-06,2025-05-05,2025-05-06,2025-05-06,2025-05-05,2025-04-30,2025-04-30,2025-04-30,1491.8011,40.54794520547945,0.3043373383713998,33.89830508474576,766.2728999999999,52.602739726027394,未知,-21.49000000000001,47.61904761904761,36.11111111111111,20.64999999999999,89.1566265060241,0.009999999999976694,9.579999999999988,16.06425702811245,0.38332000000000016
2025-05-07,2025-05-06,2025-05-07,2025-05-07,2025-05-06,2025-05-06,2025-05-06,2025-05-06,2166.1489,61.09589041095891,0.38846683236884144,50.56497175141242,1081.3129,67.12328767123287,未知,-16.110000000000014,47.61904761904761,40.476190476190474,19.120000000000005,85.14056224899599,-1.88999999999999,8.099999999999996,13.253012048192772,0.43543600000000016
2025-05-08,2025-05-07,2025-05-08,2025-05-08,2025-05-07,2025-05-07,2025-05-07,2025-05-07,2285.759,63.83561643835617,0.27209282033707116,28.8135593220339,1081.3129,67.12328767123287,未知,-19.980000000000015,46.03174603174603,39.285714285714285,19.260000000000012,85.14056224899599,-0.659999999999993,11.939999999999994,24.096385542168676,0.26769800000000016
2025-05-09,2025-05-08,2025-05-09,2025-05-09,2025-05-08,2025-05-08,2025-05-08,2025-05-08,1722.0425,47.12328767123288,0.2197339715073831,20.056497175141246,658.3153,46.02739726027397,未知,-1.100000000000012,68.25396825396825,60.71428571428571,18.779999999999998,83.13253012048193,-1.4799999999999933,16.090000000000003,30.522088353413658,0.37795500000000015
2025-05-12,2025-05-11,2025-05-12,2025-05-12,2025-05-11,2025-05-09,2025-05-09,2025-05-09,1972.5047,53.15068493150685,0.25040032537619905,24.576271186440678,676.4649999999999,48.76712328767123,未知,-13.080000000000013,47.61904761904761,43.65079365079365,17.12,80.72289156626506,-4.059999999999999,14.63000000000001,29.71887550200803,0.17840700000000018
2025-05-13,2025-05-12,2025-05-13,2025-05-13,2025-05-12,2025-05-12,2025-05-12,2025-05-12,1895.6728,49.31506849315068,0.24301712817807428,24.01129943502825,599.9899999999999,41.0958904109589,未知,-11.930000000000012,53.96825396825397,46.42857142857143,16.810000000000013,79.75708502024291,-3.8399999999999785,19.110000000000007,33.198380566801625,0.15510900000000016
2025-05-14,2025-05-13,2025-05-14,2025-05-14,2025-05-13,2025-05-13,2025-05-13,2025-05-13,2356.770799999999,64.65753424657534,0.2852656390036745,30.7909604519774,916.1944,59.726027397260275,未知,12.279999999999987,74.60317460317461,71.03174603174604,17.079999999999984,80.24193548387096,-2.0400000000000205,18.61999999999999,32.25806451612903,0.17447700000000016
2025-05-15,2025-05-14,2025-05-15,2025-05-15,2025-05-14,2025-05-14,2025-05-14,2025-05-14,2334.780699999999,64.38356164383562,0.3768339799373466,49.43502824858757,979.5844,63.287671232876704,未知,39.36999999999999,84.12698412698413,82.53968253968253,17.26000000000001,80.64516129032258,-2.0000000000000036,18.870000000000008,33.46774193548387,0.17984700000000017
2025-05-16,2025-05-15,2025-05-16,2025-05-16,2025-05-15,2025-05-15,2025-05-15,2025-05-15,2873.448899999999,75.06849315068493,0.4266791451933059,57.909604519774014,1199.8344,71.23287671232876,未知,24.27999999999999,77.77777777777779,76.5873015873016,16.62000000000001,78.62903225806451,-2.159999999999986,18.100000000000005,32.25806451612903,-0.006337999999999837
2025-05-19,2025-05-18,2025-05-19,2025-05-19,2025-05-18,2025-05-16,2025-05-16,2025-05-16,2485.2174,67.67123287671232,0.30821659353994346,33.89830508474576,1063.5844,64.93150684931507,未知,57.34999999999999,93.65079365079364,86.5079365079365,17.179999999999996,80.24193548387096,0.05999999999999517,17.609999999999992,32.25806451612903,-0.12064299999999983
2025-05-20,2025-05-19,2025-05-20,2025-05-20,2025-05-19,2025-05-19,2025-05-19,2025-05-19,2287.585799999999,62.19178082191781,0.290834765288556,31.63841807909605,1090.1544,68.21917808219177,未知,74.49,96.82539682539682,90.87301587301587,15.829999999999988,76.92307692307693,-0.9800000000000253,17.759999999999998,32.79352226720648,-0.24738499999999983
2025-05-21,2025-05-20,2025-05-21,2025-05-21,2025-05-20,2025-05-20,2025-05-20,2025-05-20,2442.610099999999,65.47945205479452,0.30454168318193137,33.05084745762712,1108.821,69.31506849315069,未知,41.209999999999994,88.88888888888889,82.53968253968253,13.729999999999997,56.451612903225815,-3.349999999999987,16.269999999999985,31.85483870967742,-0.16093799999999986
2025-05-22,2025-05-21,2025-05-22,2025-05-22,2025-05-21,2025-05-21,2025-05-21,2025-05-21,2344.9901,63.013698630136986,0.37448000756181327,48.87005649717514,1045.431,62.73972602739726,未知,9.88999999999999,69.84126984126983,69.44444444444444,12.860000000000005,47.983870967741936,-4.400000000000004,15.860000000000007,30.241935483870968,-0.07786599999999982
2025-05-23,2025-05-22,2025-05-23,2025-05-23,2025-05-22,2025-05-22,2025-05-22,2025-05-22,2134.8333,58.35616438356165,0.3527581138099094,42.090395480225986,952.9615999999999,60.82191780821918,未知,27.96999999999999,82.53968253968253,76.98412698412699,11.530000000000019,38.70967741935484,-5.089999999999993,14.890000000000004,30.241935483870968,0.05987500000000019
2025-05-26,2025-05-25,2025-05-26,2025-05-26,2025-05-25,2025-05-23,2025-05-23,2025-05-23,2282.116599999999,61.917808219178085,1.0,100.0,1048.854,64.10958904109589,未知,21.739999999999988,77.77777777777779,74.60317460317461,11.509999999999998,38.70967741935484,-5.669999999999998,14.090000000000003,29.838709677419356,0.29790400000000017
2025-05-27,2025-05-26,2025-05-27,2025-05-27,2025-05-26,2025-05-26,2025-05-26,2025-05-26,2119.371599999999,55.342465753424655,1.0,100.0,998.654,63.013698630136986,未知,1.6399999999999912,69.84126984126983,63.095238095238095,11.210000000000008,37.24696356275304,-4.61999999999998,13.22000000000001,27.93522267206478,0.5204530000000003
2025-05-28,2025-05-27,2025-05-28,2025-05-28,2025-05-27,2025-05-27,2025-05-27,2025-05-27,1073.8896,31.780821917808222,1.0,100.0,348.743,33.15068493150685,未知,-3.2300000000000084,65.07936507936508,58.730158730158735,10.80000000000001,31.85483870967742,-2.9299999999999873,12.91,27.016129032258064,0.5892810000000002
2025-05-29,2025-05-28,2025-05-29,2025-05-29,2025-05-28,2025-05-28,2025-05-28,2025-05-28,1204.4717,33.6986301369863,0.3484887197959581,41.52542372881356,348.743,33.42465753424658,未知,10.43999999999999,74.60317460317461,68.65079365079364,15.20999999999999,72.17741935483872,2.3499999999999854,12.529999999999998,26.61290322580645,0.5354850000000002
2025-05-30,2025-05-29,2025-05-30,2025-05-30,2025-05-29,2025-05-29,2025-05-29,2025-05-29,1419.5182,36.986301369863014,0.3866508220398874,51.12994350282486,549.1674,38.082191780821915,未知,20.349999999999994,79.36507936507937,73.01587301587301,15.759999999999996,76.61290322580645,4.229999999999977,13.029999999999987,27.82258064516129,0.49887800000000015
2025-06-03,2025-06-02,2025-06-03,2025-06-03,2025-06-02,2025-05-30,2025-05-30,2025-05-30,1410.9348,37.26027397260274,0.2626101701502184,25.423728813559322,371.045,34.794520547945204,未知,4.859999999999994,69.84126984126983,65.47619047619048,16.03999999999999,77.41935483870968,4.5299999999999905,12.659999999999982,27.016129032258064,0.41284700000000013
2025-06-04,2025-06-03,2025-06-04,2025-06-04,2025-06-03,2025-06-03,2025-06-03,2025-06-03,1165.9467,33.42465753424658,0.20919066478252493,18.07909604519774,371.045,34.794520547945204,未知,10.749999999999993,73.01587301587301,68.25396825396825,15.560000000000018,75.30364372469636,4.35000000000001,11.7,22.267206477732792,0.07216800000000018
2025-06-05,2025-06-04,2025-06-05,2025-06-05,2025-06-04,2025-06-04,2025-06-04,2025-06-04,1256.0032,34.794520547945204,0.2067677343460185,17.796610169491526,478.795,37.26027397260274,未知,-18.06000000000001,39.682539682539684,39.682539682539684,16.029999999999987,76.92307692307693,5.229999999999977,12.070000000000004,26.31578947368421,-0.21305399999999985
2025-06-06,2025-06-05,2025-06-06,2025-06-06,2025-06-05,2025-06-05,2025-06-05,2025-06-05,918.6771999999995,25.753424657534246,0.1601281279924544,12.429378531073446,158.74,19.726027397260275,未知,-21.13000000000001,36.507936507936506,38.095238095238095,15.410000000000013,72.8744939271255,0.20000000000002238,13.319999999999999,30.76923076923077,-0.18390699999999985
2025-06-09,2025-06-08,2025-06-09,2025-06-09,2025-06-08,2025-06-06,2025-06-06,2025-06-06,1077.857199999999,30.684931506849317,0.14178379915218878,10.734463276836157,305.66,29.589041095890412,未知,-91.91000000000001,17.46031746031746,11.11111111111111,16.82999999999999,78.54251012145748,1.069999999999995,14.549999999999997,33.603238866396765,-0.16095499999999985
2025-06-10,2025-06-09,2025-06-10,2025-06-10,2025-06-09,2025-06-09,2025-06-09,2025-06-09,1423.782299999999,37.534246575342465,0.1791362032464014,14.124293785310735,600.93,41.64383561643836,未知,-113.89,12.698412698412698,7.5396825396825395,15.739999999999998,75.20325203252033,-0.29999999999999005,14.829999999999988,34.552845528455286,-0.18414199999999983
2025-06-11,2025-06-10,2025-06-11,2025-06-11,2025-06-10,2025-06-10,2025-06-10,2025-06-10,2096.4416,56.16438356164384,0.256450424678565,24.01129943502825,607.23,41.917808219178085,未知,-99.07000000000001,17.46031746031746,10.714285714285714,15.61999999999999,74.49392712550608,0.059999999999972076,14.80999999999999,34.41295546558704,0.11649700000000014
2025-06-12,2025-06-11,2025-06-12,2025-06-12,2025-06-11,2025-06-11,2025-06-11,2025-06-11,2082.4185,55.89041095890411,0.27378562121562017,27.683615819209038,587.524,40.821917808219176,未知,-51.06000000000001,28.57142857142857,21.03174603174603,15.52,72.98387096774194,-0.5099999999999874,12.969999999999992,29.03225806451613,0.22108600000000014
2025-06-13,2025-06-12,2025-06-13,2025-06-13,2025-06-12,2025-06-12,2025-06-12,2025-06-12,2717.1201,73.6986301369863,0.3297187705720037,38.13559322033898,595.8340000000001,41.0958904109589,未知,-67.55000000000001,25.396825396825395,15.476190476190476,14.590000000000014,63.70967741935484,-0.8199999999999985,12.840000000000007,28.225806451612907,0.24964100000000017
2025-06-16,2025-06-15,2025-06-16,2025-06-16,2025-06-15,2025-06-13,2025-06-13,2025-06-13,2617.5261,73.6986301369863,0.3779643098683829,51.12994350282486,504.95,37.26027397260274,未知,-20.540000000000006,42.857142857142854,38.492063492063494,14.690000000000003,64.51612903225806,-2.139999999999988,12.09,26.61290322580645,0.19095900000000016
2025-06-17,2025-06-16,2025-06-17,2025-06-17,2025-06-16,2025-06-16,2025-06-16,2025-06-16,3906.7735,85.75342465753425,0.4755905464842453,62.42937853107344,1353.1,76.16438356164383,未知,51.61,96.82539682539682,84.52380952380952,14.42000000000001,61.943319838056674,-1.3199999999999878,12.490000000000002,27.93522267206478,0.19413900000000014
2025-06-18,2025-06-17,2025-06-18,2025-06-18,2025-06-17,2025-06-17,2025-06-17,2025-06-17,4220.553,87.3972602739726,0.4378915152827459,60.73446327683616,1549.1858,78.63013698630137,未知,30.46999999999999,87.3015873015873,77.38095238095238,14.20999999999999,59.67741935483871,-1.4100000000000001,13.100000000000001,31.048387096774192,0.21572400000000014
2025-06-19,2025-06-18,2025-06-19,2025-06-19,2025-06-18,2025-06-18,2025-06-18,2025-06-18,5347.0592,93.42465753424658,0.6176530709181243,76.8361581920904,2543.9946,89.04109589041096,未知,34.26999999999999,90.47619047619048,78.96825396825396,13.51,53.62903225806451,-2.01,13.100000000000001,31.451612903225808,0.3372480000000001
2025-06-20,2025-06-19,2025-06-20,2025-06-20,2025-06-19,2025-06-19,2025-06-19,2025-06-19,5711.7385,95.61643835616438,0.6331084080967321,78.53107344632768,2819.977,89.86301369863014,未知,56.82999999999999,96.82539682539682,85.71428571428571,12.229999999999986,43.145161290322584,-2.360000000000028,12.979999999999992,30.64516129032258,0.46781300000000015
2025-06-23,2025-06-22,2025-06-23,2025-06-23,2025-06-22,2025-06-20,2025-06-20,2025-06-20,6416.4047,96.98630136986301,0.8525192247501652,88.13559322033898,2919.2542,90.13698630136986,未知,66.53999999999999,98.4126984126984,88.88888888888889,12.160000000000014,42.33870967741936,-2.5299999999999887,12.20000000000001,27.419354838709676,0.38876800000000017
2025-06-24,2025-06-23,2025-06-24,2025-06-24,2025-06-23,2025-06-23,2025-06-23,2025-06-23,5011.7273,90.41095890410958,0.8186786268640224,85.59322033898306,2111.7075,83.01369863013699,未知,41.39999999999999,90.47619047619048,81.34920634920636,11.640000000000006,38.8663967611336,-2.7800000000000047,12.240000000000006,27.93522267206478,0.4126510000000001
2025-06-25,2025-06-24,2025-06-25,2025-06-25,2025-06-24,2025-06-24,2025-06-24,2025-06-24,4094.166899999999,84.93150684931507,1.0,100.0,1909.3217,80.82191780821918,未知,83.45999999999998,100.0,92.06349206349206,11.410000000000009,36.693548387096776,-2.799999999999981,12.080000000000002,26.61290322580645,0.29254400000000014
2025-06-26,2025-06-25,2025-06-26,2025-06-26,2025-06-25,2025-06-25,2025-06-25,2025-06-25,2761.0452,73.97260273972603,0.8732385760061875,88.98305084745762,826.4688999999997,53.42465753424658,未知,108.77,100.0,96.03174603174604,11.229999999999984,35.483870967741936,-2.2800000000000153,12.169999999999991,27.82258064516129,-0.001668999999999865
2025-06-27,2025-06-26,2025-06-27,2025-06-27,2025-06-26,2025-06-26,2025-06-26,2025-06-26,1378.6106,35.89041095890411,0.774756877361526,84.18079096045197,491.1864999999997,36.71232876712329,未知,107.98999999999998,98.4126984126984,95.63492063492063,12.089999999999979,41.53225806451613,-0.14000000000000767,11.209999999999987,20.967741935483872,-0.13908599999999988
2025-06-30,2025-06-29,2025-06-30,2025-06-30,2025-06-29,2025-06-27,2025-06-27,2025-06-27,721.3863999999995,20.82191780821918,0.20481210193759178,18.07909604519774,344.4732999999998,31.506849315068493,未知,100.44999999999999,96.82539682539682,94.84126984126983,11.899999999999999,40.725806451612904,-0.2600000000000158,13.02000000000001,33.064516129032256,0.10473200000000013
2025-07-01,2025-06-30,2025-07-01,2025-07-01,2025-06-30,2025-06-30,2025-06-30,2025-06-30,724.4613999999996,21.095890410958905,0.2055057250506301,18.361581920903955,316.7216999999998,28.493150684931507,未知,86.64999999999999,95.23809523809523,90.87301587301587,12.379999999999992,44.12955465587044,0.739999999999986,14.329999999999998,38.8663967611336,0.026243000000000134
2025-07-02,2025-07-01,2025-07-02,2025-07-02,2025-07-01,2025-07-01,2025-07-01,2025-07-01,1360.8978,35.61643835616438,0.32700543513755365,37.570621468926554,603.0440999999998,42.73972602739726,未知,70.95999999999998,90.47619047619048,88.4920634920635,12.800000000000011,45.96774193548387,1.3900000000000023,13.63000000000001,37.096774193548384,0.11409600000000014
2025-07-03,2025-07-02,2025-07-03,2025-07-03,2025-07-02,2025-07-02,2025-07-02,2025-07-02,1872.931,46.3013698630137,0.4383246534989682,59.32203389830508,756.2726999999998,49.31506849315068,未知,47.04999999999998,80.95238095238095,80.15873015873017,11.980000000000013,40.32258064516129,0.7500000000000284,14.939999999999998,41.53225806451613,0.4480250000000002
2025-07-04,2025-07-03,2025-07-04,2025-07-04,2025-07-03,2025-07-03,2025-07-03,2025-07-03,2126.985999999999,55.89041095890411,0.4273642722724153,58.19209039548022,756.2726999999998,49.31506849315068,未知,58.329999999999984,87.3015873015873,83.33333333333334,11.880000000000003,39.516129032258064,-0.20999999999997598,15.290000000000003,41.935483870967744,0.6013480000000001
2025-07-07,2025-07-06,2025-07-07,2025-07-07,2025-07-06,2025-07-04,2025-07-04,2025-07-04,2317.8969,63.013698630136986,0.44150443212642654,59.32203389830508,807.1726999999998,51.50684931506849,未知,56.83999999999998,84.12698412698413,82.53968253968253,11.29,35.08064516129033,-0.6099999999999994,16.33,44.75806451612903,0.42612600000000017
2025-07-08,2025-07-07,2025-07-08,2025-07-08,2025-07-07,2025-07-07,2025-07-07,2025-07-07,2240.3384,58.35616438356165,0.3342073524536303,38.983050847457626,592.8194999999998,40.0,未知,48.50999999999998,77.77777777777779,79.36507936507937,11.529999999999996,36.032388663967616,-0.8499999999999961,16.34,45.34412955465587,0.6978680000000002
2025-07-09,2025-07-08,2025-07-09,2025-07-09,2025-07-08,2025-07-08,2025-07-08,2025-07-08,2484.308099999999,66.02739726027397,0.3575877599589981,42.65536723163842,642.7304999999997,43.56164383561644,未知,53.53999999999998,80.95238095238095,81.74603174603175,11.549999999999994,37.096774193548384,-1.2500000000000178,15.490000000000004,42.33870967741936,0.8201160000000002
2025-07-10,2025-07-09,2025-07-10,2025-07-10,2025-07-09,2025-07-09,2025-07-09,2025-07-09,1972.274899999999,48.76712328767123,0.2687947729810972,26.55367231638418,489.5018999999998,34.794520547945204,未知,59.70999999999998,87.3015873015873,84.52380952380952,11.549999999999994,37.096774193548384,-0.43000000000001926,14.979999999999993,41.935483870967744,0.6288810000000001
2025-07-11,2025-07-10,2025-07-11,2025-07-11,2025-07-10,2025-07-10,2025-07-10,2025-07-10,2102.335399999999,53.6986301369863,0.299583155647494,31.07344632768362,706.0768999999997,47.671232876712324,未知,57.26999999999998,82.53968253968253,82.14285714285714,10.000000000000009,21.774193548387096,-1.8799999999999937,14.129999999999999,39.11290322580645,0.40843500000000016
2025-07-14,2025-07-13,2025-07-14,2025-07-14,2025-07-13,2025-07-11,2025-07-11,2025-07-11,2511.830899999999,69.31506849315069,0.5079607684710011,66.10169491525424,1010.9124,61.369863013698634,未知,88.18999999999997,95.23809523809523,91.26984126984127,10.489999999999998,25.806451612903224,-0.8000000000000007,13.989999999999991,38.306451612903224,0.23451400000000017
2025-07-15,2025-07-14,2025-07-15,2025-07-15,2025-07-14,2025-07-14,2025-07-14,2025-07-14,3182.0967,78.63013698630137,0.7791242522672817,84.18079096045197,1398.9139,75.34246575342466,未知,123.49999999999997,100.0,97.61904761904762,9.839999999999982,19.4331983805668,-1.6900000000000137,13.169999999999993,35.22267206477733,-0.14863699999999985
2025-07-16,2025-07-15,2025-07-16,2025-07-16,2025-07-15,2025-07-15,2025-07-15,2025-07-15,3746.785,81.91780821917808,0.8059534705633714,85.02824858757062,1664.8419,78.9041095890411,未知,98.97999999999998,93.65079365079364,93.25396825396825,10.560000000000013,27.016129032258064,-0.9899999999999807,13.250000000000007,36.29032258064516,-0.2813689999999998
2025-07-17,2025-07-16,2025-07-17,2025-07-17,2025-07-16,2025-07-16,2025-07-16,2025-07-16,4023.639099999999,84.10958904109589,0.8168599713289726,85.31073446327684,1898.496,80.54794520547945,未知,62.33999999999998,82.53968253968253,83.33333333333334,9.509999999999996,17.338709677419356,-2.0399999999999974,13.179999999999993,35.483870967741936,-0.22718899999999984
2025-07-18,2025-07-17,2025-07-18,2025-07-18,2025-07-17,2025-07-17,2025-07-17,2025-07-17,3748.4266,81.91780821917808,0.4800181628035791,61.5819209039548,1719.241,78.63013698630137,未知,53.01999999999998,69.84126984126983,78.96825396825396,9.089999999999998,15.32258064516129,-0.9100000000000108,13.890000000000002,39.516129032258064,-0.20205199999999984
2025-07-21,2025-07-20,2025-07-21,2025-07-21,2025-07-20,2025-07-18,2025-07-18,2025-07-18,3757.5468,81.91780821917808,0.48062475144047484,61.5819209039548,1809.6133,79.45205479452055,未知,31.18999999999998,57.14285714285714,69.04761904761905,9.060000000000002,14.516129032258066,-1.4299999999999962,13.830000000000009,39.516129032258064,-0.05212599999999983
2025-07-22,2025-07-21,2025-07-22,2025-07-22,2025-07-21,2025-07-21,2025-07-21,2025-07-21,3932.1242,83.28767123287672,0.4919691082185498,63.2768361581921,1743.324,77.8082191780822,未知,22.51999999999998,50.79365079365079,65.47619047619048,7.869999999999999,7.28744939271255,-1.9699999999999829,13.11,34.81781376518219,-0.07364199999999982
2025-07-23,2025-07-22,2025-07-23,2025-07-23,2025-07-22,2025-07-22,2025-07-22,2025-07-22,3332.6412,77.26027397260275,0.45077472617457914,58.47457627118644,1853.5375,80.27397260273973,未知,27.969999999999978,52.38095238095239,66.66666666666666,7.250000000000001,4.435483870967742,-3.310000000000012,13.440000000000008,37.903225806451616,-0.22171999999999986
2025-07-24,2025-07-23,2025-07-24,2025-07-24,2025-07-23,2025-07-23,2025-07-23,2025-07-23,3759.2099,81.64383561643835,0.5434261188969327,69.77401129943502,1753.7191,77.53424657534246,未知,49.32999999999998,66.66666666666666,76.19047619047619,7.420000000000004,5.241935483870968,-2.089999999999992,13.329999999999998,37.903225806451616,-0.8774279999999999
2025-07-25,2025-07-24,2025-07-25,2025-07-25,2025-07-24,2025-07-24,2025-07-24,2025-07-24,4088.3069,84.65753424657534,1.0,100.0,1716.3991,76.71232876712328,未知,52.03999999999998,68.25396825396825,77.77777777777779,6.630000000000003,2.0161290322580645,-2.4599999999999955,13.390000000000013,38.306451612903224,-1.884861
2025-07-28,2025-07-27,2025-07-28,2025-07-28,2025-07-27,2025-07-25,2025-07-25,2025-07-25,3371.7523,77.53424657534246,0.6516278955339008,77.68361581920904,1261.6913,69.86301369863014,未知,76.04999999999998,87.3015873015873,88.09523809523809,6.669999999999998,2.82258064516129,-2.390000000000004,12.409999999999988,29.838709677419356,-2.2470429999999997
2025-07-29,2025-07-28,2025-07-29,2025-07-29,2025-07-28,2025-07-28,2025-07-28,2025-07-28,2102.9659,50.95890410958904,0.5384535695582552,69.49152542372882,846.2105999999998,49.04109589041096,未知,61.56999999999998,79.36507936507937,82.53968253968253,8.620000000000005,11.336032388663968,0.7500000000000053,14.829999999999988,46.15384615384615,-2.0880039999999997
2025-07-30,2025-07-29,2025-07-30,2025-07-30,2025-07-29,2025-07-29,2025-07-29,2025-07-29,1573.4277,37.534246575342465,0.46605888334387763,59.03954802259888,409.3672999999998,27.123287671232877,未知,34.91999999999998,52.38095238095239,69.44444444444444,7.679999999999998,6.451612903225806,0.42999999999999705,14.839999999999986,46.37096774193548,-2.032501
2025-07-31,2025-07-30,2025-07-31,2025-07-31,2025-07-30,2025-07-30,2025-07-30,2025-07-30,1186.1675,30.41095890410959,0.2215368395396756,20.903954802259886,333.2553999999998,23.013698630136986,未知,42.249999999999986,57.14285714285714,73.01587301587301,10.600000000000009,27.82258064516129,3.180000000000004,16.900000000000006,52.016129032258064,-1.4941659999999999
2025-08-01,2025-07-31,2025-08-01,2025-08-01,2025-07-31,2025-07-31,2025-07-31,2025-07-31,1295.3593,32.602739726027394,0.23709507637404748,23.44632768361582,493.0227999999998,30.684931506849317,未知,35.38999999999998,50.79365079365079,69.04761904761905,11.220000000000008,32.66129032258064,4.590000000000005,18.409999999999993,54.03225806451613,-0.2522
2025-08-04,2025-08-03,2025-08-04,2025-08-04,2025-08-03,2025-08-01,2025-08-01,2025-08-01,1654.5909,40.54794520547945,0.27124036790992734,27.966101694915253,560.2827999999998,34.52054794520548,未知,25.02999999999998,39.682539682539684,62.698412698412696,10.729999999999995,28.225806451612907,4.059999999999997,17.819999999999993,53.62903225806451,0.144225
2025-08-05,2025-08-04,2025-08-05,2025-08-05,2025-08-04,2025-08-04,2025-08-04,2025-08-04,1782.4276,42.19178082191781,0.25352686191005064,24.858757062146893,572.4027999999998,34.794520547945204,未知,29.629999999999978,42.857142857142854,65.07936507936508,10.660000000000004,27.125506072874494,2.039999999999999,18.379999999999995,54.655870445344135,0.143507
2025-08-06,2025-08-05,2025-08-06,2025-08-06,2025-08-05,2025-08-05,2025-08-05,2025-08-05,1764.5288,41.64383561643836,0.25162158875427715,24.858757062146893,402.9305999999998,27.123287671232877,未知,43.76999999999998,57.14285714285714,73.01587301587301,10.470000000000002,23.387096774193548,2.7900000000000045,18.080000000000005,54.03225806451613,0.124973
2025-08-07,2025-08-06,2025-08-07,2025-08-07,2025-08-06,2025-08-06,2025-08-06,2025-08-06,1448.3662,35.89041095890411,0.2998088042926071,33.05084745762712,345.2067999999998,24.383561643835616,未知,32.70999999999998,44.44444444444444,66.26984126984127,11.010000000000009,30.64516129032258,0.41000000000000014,18.000000000000014,54.03225806451613,0.244041
2025-08-08,2025-08-07,2025-08-08,2025-08-08,2025-08-07,2025-08-07,2025-08-07,2025-08-07,1109.359,30.136986301369863,0.1763137680967088,13.559322033898304,185.4393999999998,17.80821917808219,未知,28.329999999999977,38.095238095238095,63.095238095238095,10.870000000000001,29.03225806451613,-0.35000000000000675,17.310000000000002,52.41935483870967,0.02455000000000001
2025-08-11,2025-08-10,2025-08-11,2025-08-11,2025-08-10,2025-08-08,2025-08-08,2025-08-08,914.3204999999998,24.65753424657534,0.22761727547259142,22.316384180790962,177.9331999999998,18.08219178082192,未知,45.25999999999998,57.14285714285714,73.80952380952381,10.909999999999997,29.03225806451613,0.1800000000000015,18.070000000000007,54.83870967741935,-0.0011379999999999932
2025-08-12,2025-08-11,2025-08-12,2025-08-12,2025-08-11,2025-08-11,2025-08-11,2025-08-11,1273.3883,33.42465753424658,0.3563531844552129,44.06779661016949,590.0631999999998,37.534246575342465,未知,29.149999999999974,36.507936507936506,63.49206349206349,9.980000000000011,18.218623481781375,-0.6799999999999926,19.010000000000016,58.70445344129555,-0.20685
2025-08-13,2025-08-12,2025-08-13,2025-08-13,2025-08-12,2025-08-12,2025-08-12,2025-08-12,1706.1901,42.19178082191781,0.42588845197335984,55.6497175141243,1023.6881,58.9041095890411,未知,44.66999999999997,55.55555555555556,73.4126984126984,10.339999999999993,21.370967741935484,-0.13000000000000966,19.300000000000004,59.2741935483871,-0.247056
2025-08-14,2025-08-13,2025-08-14,2025-08-14,2025-08-13,2025-08-13,2025-08-13,2025-08-13,2118.8271,53.6986301369863,0.3869560620736937,50.56497175141242,1316.8481,70.41095890410959,未知,27.499999999999975,30.158730158730158,60.71428571428571,10.270000000000001,19.35483870967742,-0.7400000000000073,19.389999999999997,59.67741935483871,-0.37328100000000003
2025-08-15,2025-08-14,2025-08-15,2025-08-15,2025-08-14,2025-08-14,2025-08-14,2025-08-14,3470.4196,77.8082191780822,0.6903258413457808,79.94350282485875,1996.0802,81.0958904109589,未知,57.28999999999998,73.01587301587301,79.76190476190477,10.820000000000007,27.82258064516129,-0.049999999999993605,20.48000000000001,62.903225806451616,-0.487751
2025-08-18,2025-08-17,2025-08-18,2025-08-18,2025-08-17,2025-08-15,2025-08-15,2025-08-15,3691.5019,78.9041095890411,0.48455069034885123,62.42937853107344,2123.2948,83.01369863013699,未知,32.809999999999974,42.857142857142854,65.07936507936508,10.150000000000015,17.741935483870968,-0.759999999999982,20.80000000000002,64.51612903225806,-0.564241
2025-08-19,2025-08-18,2025-08-19,2025-08-19,2025-08-18,2025-08-18,2025-08-18,2025-08-18,3673.8136,78.08219178082192,0.48335114218749137,61.5819209039548,1954.4263,80.0,未知,52.36999999999997,66.66666666666666,77.38095238095238,10.940000000000015,29.1497975708502,0.9600000000000044,22.660000000000014,67.20647773279353,-0.883622
2025-08-20,2025-08-19,2025-08-20,2025-08-20,2025-08-19,2025-08-19,2025-08-19,2025-08-19,3894.7782,82.46575342465754,0.49794661713390354,65.2542372881356,1915.601999999999,79.72602739726027,未知,60.14999999999997,79.36507936507937,82.14285714285714,12.41000000000001,43.95161290322581,2.070000000000018,23.160000000000004,68.95161290322581,-0.862374
2025-08-21,2025-08-20,2025-08-21,2025-08-21,2025-08-20,2025-08-20,2025-08-20,2025-08-20,4291.2312,85.75342465753425,0.6442002463411517,77.96610169491525,1782.212,76.43835616438356,未知,81.60999999999997,87.3015873015873,88.88888888888889,18.92,83.06451612903226,8.65,30.620000000000005,85.08064516129032,-0.811216
2025-08-22,2025-08-21,2025-08-22,2025-08-22,2025-08-21,2025-08-21,2025-08-21,2025-08-21,3075.25,72.87671232876713,0.5647479041751219,72.31638418079096,1202.7855,64.65753424657534,未知,57.84999999999997,73.01587301587301,80.15873015873017,20.440000000000012,88.30645161290323,9.620000000000005,30.610000000000003,84.67741935483872,-1.048677
2025-08-25,2025-08-24,2025-08-25,2025-08-25,2025-08-24,2025-08-22,2025-08-22,2025-08-22,3515.9695,77.26027397260275,1.0,100.0,1224.5947,65.75342465753424,未知,51.50999999999997,57.14285714285714,75.0,18.94,83.06451612903226,8.789999999999987,30.620000000000005,85.08064516129032,-1.054843
2025-08-26,2025-08-25,2025-08-26,2025-08-26,2025-08-25,2025-08-25,2025-08-25,2025-08-25,2999.7,72.05479452054794,1.0,100.0,969.2131999999997,54.24657534246575,未知,37.18999999999997,42.857142857142854,68.25396825396825,20.979999999999997,89.87854251012146,10.039999999999981,31.15999999999999,85.82995951417004,-0.5910610000000001
2025-08-27,2025-08-26,2025-08-27,2025-08-27,2025-08-26,2025-08-26,2025-08-26,2025-08-26,2216.1259,54.52054794520548,1.0,100.0,468.3531999999997,31.232876712328768,未知,-25.880000000000027,7.936507936507936,26.190476190476193,21.930000000000007,94.35483870967742,9.519999999999996,31.910000000000018,86.69354838709677,-0.509378
2025-08-28,2025-08-27,2025-08-28,2025-08-28,2025-08-27,2025-08-27,2025-08-27,2025-08-27,1407.0359,36.43835616438356,0.5610781821163862,70.90395480225989,308.5831999999997,23.28767123287671,未知,-33.35000000000002,7.936507936507936,24.206349206349206,18.240000000000013,78.62903225806451,-0.6799999999999891,31.869999999999997,86.29032258064517,-0.353117
2025-08-29,2025-08-28,2025-08-29,2025-08-29,2025-08-28,2025-08-28,2025-08-28,2025-08-28,1680.6764,42.19178082191781,0.604260681869595,72.31638418079096,626.3575999999996,40.821917808219176,未知,-24.550000000000026,11.11111111111111,27.380952380952383,14.939999999999998,64.51612903225806,-5.500000000000014,33.47,89.11290322580645,-0.014861000000000001
2025-09-01,2025-08-31,2025-09-01,2025-09-01,2025-08-31,2025-08-29,2025-08-29,2025-08-29,933.9129999999998,26.301369863013697,0.21107224518844914,19.491525423728813,417.5799999999996,29.589041095890412,未知,-28.10000000000003,9.523809523809524,26.190476190476193,16.969999999999995,76.20967741935483,-1.970000000000006,34.76000000000001,91.12903225806451,0.036241
2025-09-02,2025-09-01,2025-09-02,2025-09-02,2025-09-01,2025-09-01,2025-09-01,2025-09-01,2490.3246,63.83561643835617,0.41637090073162375,52.824858757062145,1169.7896,64.93150684931507,未知,-23.21000000000003,14.285714285714285,28.968253968253972,18.97,82.18623481781377,-2.009999999999998,36.040000000000006,93.52226720647774,0.030343000000000002
2025-09-03,2025-09-02,2025-09-03,2025-09-03,2025-09-02,2025-09-02,2025-09-02,2025-09-02,2253.0795,55.89041095890411,0.3922642747689043,50.847457627118644,1169.7896,64.93150684931507,未知,14.609999999999975,19.047619047619047,55.55555555555556,19.620000000000015,85.08064516129032,-2.3099999999999916,35.79000000000001,92.33870967741935,0.059764
2025-09-04,2025-09-03,2025-09-04,2025-09-04,2025-09-03,2025-09-03,2025-09-03,2025-09-03,2253.0795,55.89041095890411,0.3113373151689919,34.74576271186441,1169.7896,64.93150684931507,未知,4.039999999999974,17.46031746031746,49.60317460317461,19.63999999999999,85.08064516129032,1.3999999999999773,33.97999999999999,87.90322580645162,-0.05314
2025-09-05,2025-09-04,2025-09-05,2025-09-05,2025-09-04,2025-09-04,2025-09-04,2025-09-04,2506.0407,65.20547945205479,0.3345964567237955,39.548022598870055,1131.3264,63.83561643835617,未知,-19.710000000000026,15.873015873015872,32.93650793650794,18.409999999999993,78.2258064516129,3.4699999999999953,33.51,87.5,0.0448
2025-09-08,2025-09-07,2025-09-08,2025-09-08,2025-09-07,2025-09-05,2025-09-05,2025-09-05,3016.7246,72.87671232876713,0.3475319168142996,40.96045197740113,1456.4388,72.6027397260274,未知,-28.340000000000025,6.349206349206349,26.190476190476193,18.39999999999997,77.82258064516128,1.4299999999999748,34.49999999999997,89.51612903225806,0.00035500000000000115
2025-09-09,2025-09-08,2025-09-09,2025-09-09,2025-09-08,2025-09-08,2025-09-08,2025-09-08,1605.9453,39.178082191780824,0.22091109452066388,20.62146892655367,758.4531999999997,43.83561643835616,未知,-43.700000000000024,3.1746031746031744,20.238095238095237,17.62999999999999,76.11336032388664,-1.3400000000000105,36.01999999999998,93.11740890688259,-0.12844899999999998
2025-09-10,2025-09-09,2025-09-10,2025-09-10,2025-09-09,2025-09-09,2025-09-09,2025-09-09,2109.0728,51.78082191780822,0.27134111008622297,29.37853107344633,1133.6322,63.013698630136986,未知,-46.45000000000003,1.5873015873015872,19.841269841269842,17.36,75.80645161290323,-2.2600000000000158,36.519999999999996,94.75806451612904,-0.06258699999999998
2025-09-11,2025-09-10,2025-09-11,2025-09-11,2025-09-10,2025-09-10,2025-09-10,2025-09-10,2158.0728,53.42465753424658,0.35475522320813885,43.22033898305085,1181.0922,64.10958904109589,未知,-28.230000000000025,6.349206349206349,27.380952380952383,15.949999999999998,70.56451612903226,-3.6899999999999924,38.36999999999999,98.79032258064517,-0.23987799999999998
2025-09-12,2025-09-11,2025-09-12,2025-09-12,2025-09-11,2025-09-11,2025-09-11,2025-09-11,1901.8162,45.75342465753425,0.3263790823166065,37.005649717514125,1105.8553,61.64383561643836,未知,-33.33000000000003,4.761904761904762,25.396825396825395,19.100000000000005,82.25806451612904,0.6900000000000119,39.03000000000001,99.19354838709677,-0.5826469999999999
2025-09-15,2025-09-14,2025-09-15,2025-09-15,2025-09-14,2025-09-12,2025-09-12,2025-09-12,1885.1882,45.75342465753425,0.36531906649968693,45.76271186440678,972.3228999999998,52.602739726027394,未知,-44.43000000000003,1.5873015873015872,20.634920634920633,19.819999999999993,85.48387096774194,1.420000000000023,39.519999999999996,99.19354838709677,-0.643493
2025-09-16,2025-09-15,2025-09-16,2025-09-16,2025-09-15,2025-09-15,2025-09-15,2025-09-15,2007.8976,49.86301369863014,0.3800606674387389,49.717514124293785,972.8988999999997,52.602739726027394,未知,-43.08000000000003,4.761904761904762,21.825396825396826,18.740000000000002,78.45528455284553,1.1100000000000136,38.480000000000004,97.96747967479675,-0.405412
2025-09-17,2025-09-16,2025-09-17,2025-09-17,2025-09-16,2025-09-16,2025-09-16,2025-09-16,2429.9888,61.917808219178085,0.4259260973098733,55.932203389830505,1296.9882,69.31506849315069,未知,-63.380000000000024,0.0,13.492063492063492,20.999999999999996,89.87854251012146,3.639999999999997,39.01999999999999,98.38056680161942,-0.5542199999999999
2025-09-18,2025-09-17,2025-09-18,2025-09-18,2025-09-17,2025-09-17,2025-09-17,2025-09-17,2745.968499999999,69.31506849315069,0.45252760412971593,58.75706214689266,1542.4595,73.15068493150685,未知,-83.97000000000003,0.0,11.11111111111111,21.029999999999994,90.32258064516128,5.0799999999999965,37.26999999999998,94.75806451612904,-0.419775
2025-09-19,2025-09-18,2025-09-19,2025-09-19,2025-09-18,2025-09-18,2025-09-18,2025-09-18,2422.451999999999,61.917808219178085,0.42169554736383263,54.80225988700565,1466.6341,72.6027397260274,未知,-59.40000000000003,3.1746031746031744,15.079365079365079,19.410000000000018,81.92771084337349,0.31000000000001293,37.37000000000001,95.18072289156626,-0.09907799999999997
2025-09-22,2025-09-21,2025-09-22,2025-09-22,2025-09-21,2025-09-19,2025-09-19,2025-09-19,1960.5111,48.49315068493151,0.44197353219121527,59.03954802259888,1386.4006,72.05479452054794,未知,-26.430000000000028,19.047619047619047,30.158730158730158,18.609999999999992,76.30522088353415,-1.2100000000000009,38.99999999999999,97.99196787148594,0.005212000000000031
2025-09-23,2025-09-22,2025-09-23,2025-09-23,2025-09-22,2025-09-22,2025-09-22,2025-09-22,2219.144,56.71232876712329,0.47271710984304,61.29943502824858,1449.1501,72.6027397260274,未知,-14.580000000000027,26.984126984126984,36.904761904761905,20.489999999999988,86.69354838709677,1.7499999999999858,38.959999999999994,97.58064516129032,-0.09575199999999998
2025-09-24,2025-09-23,2025-09-24,2025-09-24,2025-09-23,2025-09-23,2025-09-23,2025-09-23,1489.6824,36.986301369863014,0.3757097131124718,48.58757062146893,804.5441999999997,44.657534246575345,未知,-5.880000000000027,28.57142857142857,45.23809523809524,20.55,86.74698795180723,-0.44999999999999574,40.25000000000001,100.0,-0.08431399999999997
2025-09-25,2025-09-24,2025-09-25,2025-09-25,2025-09-24,2025-09-24,2025-09-24,2025-09-24,1124.7027,30.684931506849317,0.41688037896993085,54.80225988700565,511.6128999999997,32.602739726027394,未知,30.689999999999973,44.44444444444444,67.46031746031747,19.530000000000026,81.92771084337349,-1.499999999999968,40.50000000000003,100.0,-0.09753699999999997
2025-09-26,2025-09-25,2025-09-26,2025-09-26,2025-09-25,2025-09-25,2025-09-25,2025-09-25,834.0781999999998,22.19178082191781,0.3464818482550125,40.67796610169492,283.5583999999997,21.095890410958905,未知,30.529999999999973,44.44444444444444,66.66666666666666,22.300000000000033,94.37751004016064,2.890000000000015,41.20000000000002,100.0,-0.25237399999999993
2025-09-28,2025-09-27,2025-09-28,2025-09-28,2025-09-27,2025-09-26,2025-09-26,2025-09-26,722.7316999999998,20.0,1.0,100.0,172.2118999999997,16.986301369863014,未知,6.939999999999975,31.746031746031743,51.98412698412699,22.450000000000014,95.18072289156626,3.840000000000021,41.63000000000001,100.0,-0.32314899999999996
2025-09-29,2025-09-28,2025-09-29,2025-09-29,2025-09-28,2025-09-28,2025-09-28,2025-09-26,722.7316999999998,20.273972602739725,1.0,100.0,172.2118999999997,17.26027397260274,未知,2.9899999999999727,30.158730158730158,50.39682539682539,22.17,93.54838709677419,1.680000000000014,40.98000000000002,99.19354838709677,-0.32314899999999996
2025-09-30,2025-09-29,2025-09-30,2025-09-30,2025-09-29,2025-09-29,2025-09-29,2025-09-29,195.7570999999998,7.397260273972603,1.0,100.0,54.66239999999966,13.424657534246576,未知,37.629999999999974,60.317460317460316,72.22222222222221,21.320000000000007,90.76305220883533,0.7700000000000067,41.52,99.59839357429718,-0.09522899999999995
2025-10-09,2025-10-08,2025-10-09,2025-10-09,2025-10-08,2025-09-30,2025-09-30,2025-09-30,141.0440999999998,9.04109589041096,0.028516547193746168,2.824858757062147,0.0,9.04109589041096,未知,18.46999999999997,36.507936507936506,57.14285714285714,23.009999999999977,97.18875502008032,3.4799999999999507,42.559999999999974,100.0,-0.023021999999999963
2025-10-10,2025-10-09,2025-10-10,2025-10-10,2025-10-09,2025-09-30,2025-10-09,2025-10-09,316.0034999999997,10.95890410958904,0.06693566314873516,6.214689265536723,67.55799999999965,13.972602739726028,未知,18.46999999999997,36.507936507936506,57.14285714285714,23.34999999999998,97.98387096774194,1.0499999999999474,42.00999999999999,99.59677419354838,-0.11248099999999996
2025-10-11,2025-10-10,2025-10-11,2025-10-11,2025-10-10,2025-09-30,2025-10-10,2025-10-10,323.0050999999997,10.95890410958904,0.10476956395563526,6.779661016949152,177.1036999999997,17.80821917808219,未知,18.46999999999997,36.507936507936506,57.14285714285714,23.419999999999995,97.98387096774194,0.9699999999999811,41.769999999999996,99.19354838709677,-0.12803899999999996
2025-10-13,2025-10-12,2025-10-13,2025-10-13,2025-10-12,2025-09-30,2025-10-11,2025-10-10,323.0050999999997,11.506849315068493,0.10476956395563526,7.062146892655368,177.1036999999997,17.80821917808219,未知,18.46999999999997,36.507936507936506,57.14285714285714,22.99,95.96774193548387,0.8199999999999967,40.05000000000001,96.37096774193549,-0.12803899999999996
2025-10-14,2025-10-13,2025-10-14,2025-10-14,2025-10-13,2025-10-13,2025-10-13,2025-10-13,993.4864999999998,27.123287671232877,0.14051175969291502,8.47457627118644,456.0922999999997,31.506849315068493,未知,-12.97000000000003,28.57142857142857,35.714285714285715,21.73999999999998,90.2834008097166,0.4199999999999733,39.56999999999999,95.54655870445345,-0.21898599999999996
2025-10-15,2025-10-14,2025-10-15,2025-10-15,2025-10-14,2025-10-14,2025-10-14,2025-10-14,1511.4898,38.35616438356164,0.25495359712013,26.27118644067797,862.2662999999997,49.04109589041096,未知,-5.99000000000003,30.158730158730158,42.857142857142854,21.10000000000001,87.5,-1.9099999999999682,38.28,91.93548387096774,-0.511937
2025-10-16,2025-10-15,2025-10-16,2025-10-16,2025-10-15,2025-10-15,2025-10-15,2025-10-15,1472.9898,37.534246575342465,0.25001991856117617,24.858757062146893,862.2662999999997,49.04109589041096,未知,-7.70000000000003,30.158730158730158,42.06349206349206,20.250000000000014,81.04838709677419,-3.099999999999966,38.24000000000001,91.53225806451613,-0.537735
2025-10-17,2025-10-16,2025-10-17,2025-10-17,2025-10-16,2025-10-16,2025-10-16,2025-10-16,2076.5476,53.15068493150685,0.3197124529156645,37.005649717514125,966.1864999999997,52.32876712328767,未知,-29.66000000000003,14.285714285714285,24.6031746031746,19.499999999999986,77.01612903225806,-3.920000000000009,36.819999999999986,88.30645161290323,-0.3591479999999999
2025-10-20,2025-10-19,2025-10-20,2025-10-20,2025-10-19,2025-10-17,2025-10-17,2025-10-17,2472.2819,65.75342465753424,0.26405420166841653,29.09604519774011,1180.9608,65.75342465753424,未知,-45.080000000000034,6.349206349206349,19.444444444444446,18.850000000000012,71.7741935483871,-4.139999999999986,34.68000000000002,80.64516129032258,-0.2640529999999999
2025-10-21,2025-10-20,2025-10-21,2025-10-21,2025-10-20,2025-10-20,2025-10-20,2025-10-20,1969.585,49.589041095890416,0.35532289329858735,45.48022598870056,907.8721999999996,50.68493150684932,未知,-17.580000000000027,30.158730158730158,34.12698412698413,17.910000000000004,66.80161943319838,-3.829999999999977,35.39000000000001,82.18623481781377,-0.09633199999999997
2025-10-22,2025-10-21,2025-10-22,2025-10-22,2025-10-21,2025-10-21,2025-10-21,2025-10-21,2220.2113,58.35616438356165,0.38321055106767227,53.10734463276836,853.9981999999995,48.49315068493151,未知,-14.160000000000027,33.33333333333333,35.714285714285715,18.75,70.96774193548387,-2.3500000000000085,35.07,81.45161290322581,0.019292000000000028
2025-10-23,2025-10-22,2025-10-23,2025-10-23,2025-10-22,2025-10-22,2025-10-22,2025-10-22,2821.6354,74.52054794520548,0.5330241293157439,72.31638418079096,1183.9606,66.84931506849315,未知,-16.00000000000003,31.746031746031743,34.92063492063492,19.430000000000014,76.20967741935483,-0.8200000000000003,35.11,81.45161290322581,-0.040395999999999974
2025-10-24,2025-10-23,2025-10-24,2025-10-24,2025-10-23,2025-10-23,2025-10-23,2025-10-23,2883.8052,76.16438356164383,0.5384447515006707,72.59887005649718,1314.3614,72.87671232876713,未知,-25.680000000000028,25.396825396825395,28.57142857142857,18.200000000000017,66.12903225806451,-1.2999999999999687,34.61000000000001,79.03225806451613,-0.04073399999999997
2025-10-27,2025-10-26,2025-10-27,2025-10-27,2025-10-26,2025-10-24,2025-10-24,2025-10-24,2706.8197,72.32876712328768,1.0,100.0,1051.3782,58.63013698630137,未知,-17.380000000000027,33.33333333333333,34.92063492063492,18.620000000000015,68.95161290322581,-0.22999999999999687,35.98000000000001,83.87096774193549,0.03396800000000003
2025-10-28,2025-10-27,2025-10-28,2025-10-28,2025-10-27,2025-10-27,2025-10-27,2025-10-27,2539.0352,69.86301369863014,1.0,100.0,1045.4782,56.986301369863014,未知,-21.930000000000028,30.158730158730158,31.349206349206348,18.93999999999998,72.06477732793523,1.0299999999999763,35.91999999999997,82.99595141700405,0.0006360000000000393
2025-10-29,2025-10-28,2025-10-29,2025-10-29,2025-10-28,2025-10-28,2025-10-28,2025-10-28,2052.561,53.42465753424658,1.0,100.0,810.2988999999997,46.02739726027397,未知,-16.13000000000003,36.507936507936506,35.714285714285715,19.44999999999999,76.61290322580645,0.6999999999999886,35.98999999999999,83.87096774193549,0.11466000000000004
2025-10-30,2025-10-29,2025-10-30,2025-10-30,2025-10-29,2025-10-29,2025-10-29,2025-10-29,1658.6553,42.465753424657535,0.635827700194809,77.11864406779661,480.3364999999997,32.054794520547944,未知,-15.03000000000003,39.682539682539684,36.904761904761905,18.740000000000002,69.35483870967742,-0.6900000000000119,36.82000000000001,88.30645161290323,0.19131900000000004
2025-10-31,2025-10-30,2025-10-31,2025-10-31,2025-10-30,2025-10-30,2025-10-30,2025-10-30,1154.6013,32.054794520547944,0.5486080902829433,73.44632768361582,428.8674999999997,29.589041095890412,未知,3.10999999999997,52.38095238095239,53.96825396825397,19.519999999999982,77.01612903225806,1.3199999999999648,36.999999999999986,88.70967741935483,0.37488800000000005
2025-11-03,2025-11-02,2025-11-03,2025-11-03,2025-11-02,2025-10-31,2025-10-31,2025-10-31,916.0717999999997,24.65753424657534,0.23640734624184867,24.293785310734464,413.6306999999996,28.21917808219178,未知,15.40999999999997,58.730158730158735,59.92063492063492,19.259999999999987,73.79032258064517,0.6399999999999721,36.050000000000004,83.87096774193549,0.442932
2025-11-04,2025-11-03,2025-11-04,2025-11-04,2025-11-03,2025-11-03,2025-11-03,2025-11-03,1267.5318,33.15068493150685,0.2694851132929515,29.943502824858758,572.2106999999996,35.342465753424655,未知,-2.1900000000000297,50.79365079365079,50.39682539682539,18.789999999999996,69.23076923076923,-0.14999999999998437,34.73,77.32793522267207,0.397616
2025-11-05,2025-11-04,2025-11-05,2025-11-05,2025-11-04,2025-11-04,2025-11-04,2025-11-04,1544.4387,38.63013698630137,0.3101009354858639,35.87570621468927,515.1199999999997,33.6986301369863,未知,-7.5300000000000304,47.61904761904761,45.23809523809524,18.399999999999995,64.91935483870968,-1.0499999999999936,34.739999999999995,77.41935483870968,0.25023
2025-11-06,2025-11-05,2025-11-06,2025-11-06,2025-11-05,2025-11-05,2025-11-05,2025-11-05,1774.0571,44.38356164383562,0.3275490476448698,39.26553672316384,618.6867999999997,39.178082191780824,未知,-9.53000000000003,46.03174603174603,42.857142857142854,17.710000000000004,62.096774193548384,-1.0299999999999976,34.099999999999994,75.40322580645162,0.37467300000000003
2025-11-07,2025-11-06,2025-11-07,2025-11-07,2025-11-06,2025-11-06,2025-11-06,2025-11-06,2305.4268,62.465753424657535,0.3876278119503388,53.672316384180796,652.5234999999996,40.0,未知,-4.14000000000003,53.96825396825397,49.60317460317461,16.589999999999993,57.25806451612904,-2.929999999999989,34.33999999999999,76.20967741935483,0.19765700000000003
2025-11-10,2025-11-09,2025-11-10,2025-11-10,2025-11-09,2025-11-07,2025-11-07,2025-11-07,2850.6618,74.52054794520548,0.47959759091303233,64.68926553672316,1042.3635,56.43835616438356,未知,-18.520000000000028,33.33333333333333,34.12698412698413,16.359999999999996,56.451612903225815,-2.8999999999999915,34.78000000000001,79.03225806451613,0.18007700000000001
2025-11-11,2025-11-10,2025-11-11,2025-11-11,2025-11-10,2025-11-10,2025-11-10,2025-11-10,2979.0418,76.16438356164383,0.5324336552113836,71.46892655367232,1159.3935,64.65753424657534,未知,12.66999999999997,65.07936507936508,60.71428571428571,15.859999999999985,54.655870445344135,-2.9300000000000104,34.25,76.11336032388664,0.21358100000000002
2025-11-12,2025-11-11,2025-11-12,2025-11-12,2025-11-11,2025-11-11,2025-11-11,2025-11-11,2715.2401,71.5068493150685,0.5092978592755695,69.49152542372882,1312.0058,72.6027397260274,未知,13.209999999999969,66.66666666666666,61.111111111111114,16.1,56.048387096774185,-2.2999999999999936,34.29000000000002,76.20967741935483,0.32198400000000005
2025-11-13,2025-11-12,2025-11-13,2025-11-13,2025-11-12,2025-11-12,2025-11-12,2025-11-12,2320.2833,61.917808219178085,0.41064902002347387,53.954802259887,1220.409,67.67123287671232,未知,1.7399999999999682,58.730158730158735,53.96825396825397,16.070000000000007,55.64516129032258,-1.639999999999997,34.03,75.0,0.11300300000000002
2025-11-14,2025-11-13,2025-11-14,2025-11-14,2025-11-13,2025-11-13,2025-11-13,2025-11-13,1637.1106,38.9041095890411,0.3295901242867433,37.570621468926554,936.1622999999997,49.04109589041096,未知,2.8399999999999705,60.317460317460316,54.761904761904766,15.71,52.016129032258064,-0.8799999999999919,33.71999999999999,74.59677419354838,0.09018400000000001
2025-11-17,2025-11-16,2025-11-17,2025-11-17,2025-11-16,2025-11-14,2025-11-14,2025-11-14,1846.5903,43.28767123287671,0.4968506482944865,67.51412429378531,810.7328999999996,43.83561643835616,未知,18.28999999999997,74.60317460317461,63.888888888888886,15.71,52.016129032258064,-0.649999999999995,33.61000000000001,74.59677419354838,-0.011009999999999964
2025-11-18,2025-11-17,2025-11-18,2025-11-18,2025-11-17,2025-11-17,2025-11-17,2025-11-17,1552.7803,36.16438356164384,0.31099267505621847,33.33333333333333,580.4328999999997,33.42465753424658,未知,2.4499999999999713,60.317460317460316,54.761904761904766,15.569999999999995,50.20242914979757,-0.28999999999999027,33.40999999999998,74.08906882591093,0.017208000000000036
2025-11-19,2025-11-18,2025-11-19,2025-11-19,2025-11-18,2025-11-18,2025-11-18,2025-11-18,1844.3093,43.013698630136986,0.3490029433764077,41.80790960451977,512.2140999999997,30.958904109589042,未知,-4.360000000000029,55.55555555555556,49.2063492063492,15.149999999999997,45.564516129032256,-0.9500000000000046,33.10999999999999,73.79032258064517,-0.07154599999999996
2025-11-20,2025-11-19,2025-11-20,2025-11-20,2025-11-19,2025-11-19,2025-11-19,2025-11-19,2568.715799999999,69.58904109589041,0.5045784213995721,68.64406779661016,1062.0942,59.45205479452055,未知,22.389999999999972,80.95238095238095,66.66666666666666,14.569999999999993,39.516129032258064,-1.5000000000000142,32.86,72.98387096774194,0.04491100000000003
2025-11-21,2025-11-20,2025-11-21,2025-11-21,2025-11-20,2025-11-20,2025-11-20,2025-11-20,3259.5798,79.45205479452055,0.5637772953113038,74.29378531073446,1504.7264,78.08219178082192,未知,17.639999999999972,77.77777777777779,63.095238095238095,14.840000000000009,43.54838709677419,-0.8699999999999921,32.69,72.98387096774194,0.035480000000000025
2025-11-24,2025-11-23,2025-11-24,2025-11-24,2025-11-23,2025-11-21,2025-11-21,2025-11-21,3513.5868,82.73972602739727,0.5821353752152946,75.70621468926554,1732.268,82.1917808219178,未知,6.5099999999999705,69.84126984126983,56.34920634920635,14.820000000000011,43.145161290322584,-0.8899999999999899,32.98000000000001,74.19354838709677,-0.003672999999999973
2025-11-25,2025-11-24,2025-11-25,2025-11-25,2025-11-24,2025-11-24,2025-11-24,2025-11-24,3431.556799999999,81.64383561643835,0.7828426186383313,84.18079096045197,1713.958,81.0958904109589,未知,26.779999999999973,85.71428571428571,68.65079365079364,14.440000000000008,38.8663967611336,-1.1299999999999866,32.790000000000006,73.68421052631578,-0.03323899999999998
2025-11-26,2025-11-25,2025-11-26,2025-11-26,2025-11-25,2025-11-25,2025-11-25,2025-11-25,3067.7982,78.63013698630137,0.7631911768898471,83.33333333333334,1616.2779,80.82191780821918,未知,60.979999999999976,98.4126984126984,91.26984126984127,13.769999999999992,34.274193548387096,-1.3800000000000043,33.28,75.80645161290323,-0.11665399999999998
2025-11-27,2025-11-26,2025-11-27,2025-11-27,2025-11-26,2025-11-26,2025-11-26,2025-11-26,2589.7338,70.13698630136986,0.721427811722418,82.48587570621469,1114.1278,64.38356164383562,未知,63.799999999999976,98.4126984126984,92.06349206349206,14.18999999999999,35.88709677419355,-0.38000000000000256,34.55999999999999,81.45161290322581,-0.211281
2025-11-28,2025-11-27,2025-11-28,2025-11-28,2025-11-27,2025-11-27,2025-11-27,2025-11-27,1950.6763,47.671232876712324,0.661094644641298,79.94350282485875,709.4673999999997,41.369863013698634,未知,86.05999999999997,100.0,96.42857142857143,14.590000000000014,40.32258064516129,-0.24999999999999467,35.46,85.88709677419355,-0.324218
2025-12-01,2025-11-30,2025-12-01,2025-12-01,2025-11-30,2025-11-28,2025-11-28,2025-11-28,1087.1738,27.945205479452056,0.3277409823989325,37.85310734463277,287.5393999999997,18.356164383561644,未知,91.85999999999999,100.0,97.61904761904762,15.810000000000013,53.2258064516129,0.990000000000002,35.93000000000002,86.69354838709677,-0.31149499999999997
2025-12-02,2025-12-01,2025-12-02,2025-12-02,2025-12-01,2025-12-01,2025-12-01,2025-12-01,999.1737999999998,23.835616438356162,0.3094208803502617,33.05084745762712,260.5393999999997,16.986301369863014,未知,76.14999999999998,96.82539682539682,94.44444444444444,16.70999999999998,57.48987854251012,2.269999999999971,36.36999999999999,88.66396761133603,-0.285443
2025-12-03,2025-12-02,2025-12-03,2025-12-03,2025-12-02,2025-12-02,2025-12-02,2025-12-02,1063.1117,26.575342465753426,0.3228289219585233,36.440677966101696,351.5032999999997,22.73972602739726,未知,46.269999999999975,92.06349206349206,80.15873015873017,16.720000000000002,57.66129032258065,2.95000000000001,36.89,90.32258064516128,-0.26478899999999994
2025-12-04,2025-12-03,2025-12-04,2025-12-04,2025-12-03,2025-12-03,2025-12-03,2025-12-03,988.6198999999998,23.56164383561644,0.2891783851610657,29.943502824858758,356.9079999999997,23.013698630136986,未知,35.559999999999974,88.88888888888889,74.20634920634922,17.130000000000003,60.08064516129033,2.940000000000012,37.570000000000014,91.93548387096774,-0.250281
2025-12-05,2025-12-04,2025-12-05,2025-12-05,2025-12-04,2025-12-04,2025-12-04,2025-12-04,1141.8543,30.41095890410959,0.3196721469812758,36.15819209039548,394.9397999999997,25.47945205479452,未知,49.75999999999997,92.06349206349206,81.34920634920636,19.070000000000007,72.17741935483872,4.479999999999993,40.25000000000001,96.7741935483871,-0.21796899999999997
2025-12-08,2025-12-07,2025-12-08,2025-12-08,2025-12-07,2025-12-05,2025-12-05,2025-12-05,1069.5544,27.671232876712327,0.08905936642717092,5.367231638418079,347.2075999999997,22.73972602739726,未知,42.459999999999965,88.88888888888889,77.38095238095238,20.839999999999993,84.2741935483871,5.02999999999998,40.14,95.96774193548387,-0.46307099999999995
2025-12-09,2025-12-08,2025-12-09,2025-12-09,2025-12-08,2025-12-08,2025-12-08,2025-12-08,1108.318,30.684931506849317,0.09199020137251833,5.649717514124294,349.9075999999997,23.56164383561644,未知,59.35999999999997,92.06349206349206,88.4920634920635,21.58,89.47368421052632,4.870000000000019,41.07000000000001,97.57085020242914,-0.6488099999999999
2025-12-10,2025-12-09,2025-12-10,2025-12-10,2025-12-09,2025-12-09,2025-12-09,2025-12-09,844.5923999999998,19.17808219178082,0.07166981583356105,4.80225988700565,212.2002999999997,16.164383561643834,未知,71.52999999999997,95.23809523809523,93.25396825396825,21.67999999999999,89.51612903225806,4.959999999999987,40.429999999999986,96.37096774193549,-0.6881689999999999
2025-12-11,2025-12-10,2025-12-11,2025-12-11,2025-12-10,2025-12-10,2025-12-10,2025-12-10,630.5620999999998,14.246575342465754,0.05545664196569429,4.519774011299435,147.0955999999996,10.95890410958904,未知,65.67999999999998,93.65079365079364,90.87301587301587,21.57,88.70967741935483,4.439999999999998,40.54,96.7741935483871,-0.747713
2025-12-12,2025-12-11,2025-12-12,2025-12-12,2025-12-11,2025-12-11,2025-12-11,2025-12-11,563.0511999999998,13.698630136986301,0.04981497058016652,4.519774011299435,271.5619999999997,18.08219178082192,未知,10.32999999999997,63.49206349206349,54.36507936507936,20.419999999999995,79.83870967741935,1.3499999999999872,38.46000000000001,91.12903225806451,-0.836564
2025-12-15,2025-12-14,2025-12-15,2025-12-15,2025-12-14,2025-12-12,2025-12-12,2025-12-12,400.3668999999998,11.506849315068493,0.11912962484842368,8.192090395480225,203.1699999999996,14.794520547945206,未知,-14.79000000000003,33.33333333333333,33.730158730158735,20.310000000000006,79.43548387096774,-0.5299999999999869,38.27,89.91935483870968,-0.591527
2025-12-16,2025-12-15,2025-12-16,2025-12-16,2025-12-15,2025-12-15,2025-12-15,2025-12-15,345.6032999999998,9.863013698630137,0.10453809891841301,6.779661016949152,200.4699999999997,13.972602739726028,未知,-27.930000000000028,17.46031746031746,23.809523809523807,19.760000000000023,76.51821862348179,-1.8199999999999754,38.140000000000015,89.06882591093117,-0.6108499999999999
2025-12-17,2025-12-16,2025-12-17,2025-12-17,2025-12-16,2025-12-16,2025-12-16,2025-12-16,323.2499999999998,9.863013698630137,0.09844228221643592,6.779661016949152,201.3599999999997,13.972602739726028,未知,-42.90000000000003,11.11111111111111,17.857142857142858,20.589999999999975,81.04838709677419,-1.090000000000014,38.66999999999998,91.53225806451613,-0.5641700000000001
2025-12-18,2025-12-17,2025-12-18,2025-12-18,2025-12-17,2025-12-17,2025-12-17,2025-12-17,342.7299999999998,10.136986301369863,0.07818584565407327,5.649717514124294,212.5799999999997,16.43835616438356,未知,-58.37000000000002,4.761904761904762,11.904761904761903,21.110000000000007,86.29032258064517,-0.45999999999999375,39.01000000000001,92.33870967741935,-0.458485
2025-12-19,2025-12-18,2025-12-19,2025-12-19,2025-12-18,2025-12-18,2025-12-18,2025-12-18,20.36999999999977,5.205479452054795,0.005015795940578644,2.2598870056497176,12.10999999999966,8.21917808219178,未知,-70.59000000000002,1.5873015873015872,9.126984126984127,19.960000000000022,77.01612903225806,-0.45999999999997243,39.520000000000024,93.54838709677419,-0.284993
2025-12-22,2025-12-21,2025-12-22,2025-12-22,2025-12-21,2025-12-19,2025-12-19,2025-12-19,20.36999999999977,6.027397260273973,0.009696444636966336,3.1073446327683616,12.10999999999966,9.04109589041096,未知,-58.020000000000024,7.936507936507936,11.904761904761903,19.45000000000001,72.17741935483872,-0.8599999999999959,39.03000000000001,92.74193548387096,-0.310781
2025-12-23,2025-12-22,2025-12-23,2025-12-23,2025-12-22,2025-12-22,2025-12-22,2025-12-22,280.3699999999998,9.863013698630137,0.11876209880674517,9.6045197740113,14.18999999999966,9.315068493150685,未知,-58.480000000000025,6.349206349206349,11.11111111111111,18.530000000000022,60.72874493927125,-1.2300000000000004,38.93000000000002,90.2834008097166,-0.21541999999999997
2025-12-24,2025-12-23,2025-12-24,2025-12-24,2025-12-23,2025-12-23,2025-12-23,2025-12-23,279.4799999999998,9.863013698630137,0.11842975066528798,9.6045197740113,13.29999999999966,9.315068493150685,未知,-53.47000000000003,11.11111111111111,12.698412698412698,18.710000000000004,62.5,-1.8799999999999706,38.480000000000004,89.51612903225806,-0.14989299999999997
2025-12-25,2025-12-24,2025-12-25,2025-12-25,2025-12-24,2025-12-24,2025-12-24,2025-12-24,259.9999999999998,9.863013698630137,1.0,100.0,2.079999999999659,8.21917808219178,未知,-42.46000000000002,14.285714285714285,17.857142857142858,18.660000000000032,61.29032258064516,-2.4499999999999744,38.47000000000003,88.70967741935483,-0.08404699999999997
2025-12-26,2025-12-25,2025-12-26,2025-12-26,2025-12-25,2025-12-25,2025-12-25,2025-12-25,259.9999999999998,10.136986301369863,1.0,100.0,2.079999999999659,8.493150684931507,未知,-5.540000000000024,46.03174603174603,43.65079365079365,18.12999999999998,56.451612903225815,-1.830000000000041,38.23999999999999,86.29032258064517,-0.05688699999999997
2025-12-29,2025-12-28,2025-12-29,2025-12-29,2025-12-28,2025-12-26,2025-12-26,2025-12-26,259.9999999999998,10.136986301369863,1.0,100.0,2.079999999999659,8.493150684931507,未知,19.039999999999974,73.01587301587301,59.92063492063492,17.910000000000025,56.048387096774185,-1.539999999999985,38.170000000000016,85.88709677419355,0.15342400000000003
2025-12-30,2025-12-29,2025-12-30,2025-12-30,2025-12-29,2025-12-29,2025-12-29,2025-12-29,723.8099999999997,17.534246575342465,1.0,100.0,584.4799999999997,37.534246575342465,未知,29.549999999999972,76.19047619047619,67.06349206349206,18.080000000000005,55.87044534412956,-0.45000000000001705,40.42000000000001,95.54655870445345,0.436569
2025-12-31,2025-12-30,2025-12-31,2025-12-31,2025-12-30,2025-12-30,2025-12-30,2025-12-30,922.9199999999996,22.465753424657535,0.4799575645372661,66.01671309192201,702.3399999999997,44.657534246575345,未知,26.889999999999972,74.60317460317461,63.888888888888886,18.480000000000008,59.2741935483871,-0.22999999999999687,40.80000000000001,96.7741935483871,0.489449
2026-01-04,2026-01-03,2026-01-04,2026-01-04,2026-01-03,2025-12-31,2025-12-31,2025-12-31,1176.64,32.87671232876712,0.19205306660747165,15.23545706371191,928.8599999999997,53.6986301369863,未知,38.089999999999975,82.53968253968253,73.4126984126984,20.540000000000024,79.83870967741935,1.879999999999992,42.77000000000002,100.0,0.4393520000000001
2026-01-05,2026-01-04,2026-01-05,2026-01-05,2026-01-04,2026-01-04,2026-01-04,2025-12-31,1176.64,32.87671232876712,0.19205306660747165,15.23545706371191,928.8599999999997,53.6986301369863,未知,30.169999999999973,76.19047619047619,67.46031746031747,19.389999999999997,69.10569105691057,1.2600000000000158,41.910000000000004,98.78048780487805,0.4393520000000001
2026-01-06,2026-01-05,2026-01-06,2026-01-06,2026-01-05,2026-01-05,2026-01-05,2026-01-05,702.1299999999998,13.972602739726028,0.12422396512465207,9.695290858725762,576.9099999999996,35.06849315068493,未知,29.859999999999975,76.19047619047619,67.46031746031747,18.67000000000001,60.32388663967612,0.7599999999999838,42.76000000000002,99.59514170040485,-0.01695199999999991
2026-01-07,2026-01-06,2026-01-07,2026-01-07,2026-01-06,2026-01-06,2026-01-06,2026-01-06,503.0199999999998,11.78082191780822,0.11296154070720542,8.033240997229916,459.0499999999996,29.315068493150687,未知,40.269999999999975,82.53968253968253,74.60317460317461,18.26000000000001,55.64516129032258,0.18000000000000327,43.550000000000026,100.0,-0.36785599999999996
2026-01-08,2026-01-07,2026-01-08,2026-01-08,2026-01-07,2026-01-07,2026-01-07,2026-01-07,503.0199999999998,12.054794520547945,0.11502805841272161,8.310249307479225,459.0499999999996,29.589041095890412,未知,90.05999999999997,98.4126984126984,96.82539682539682,17.249999999999986,51.20967741935484,-1.2300000000000217,44.43999999999999,100.0,-0.632639
2026-01-09,2026-01-08,2026-01-09,2026-01-09,2026-01-08,2026-01-08,2026-01-08,2026-01-08,748.4117999999999,16.986301369863014,0.16204960328570092,12.742382271468145,517.2699999999995,33.42465753424658,未知,101.44999999999997,100.0,98.80952380952381,18.03999999999999,53.62903225806451,-2.5000000000000355,44.09,99.59677419354838,-0.6330549999999999
2026-01-12,2026-01-11,2026-01-12,2026-01-12,2026-01-11,2026-01-09,2026-01-09,2026-01-09,748.4117999999999,17.80821917808219,0.2655438073314907,27.70083102493075,517.2699999999995,34.24657534246575,未知,113.92999999999998,100.0,99.60317460317461,18.819999999999972,63.70967741935484,-0.5700000000000252,43.38999999999997,98.79032258064517,-0.6102409999999999
2026-01-13,2026-01-12,2026-01-13,2026-01-13,2026-01-12,2026-01-12,2026-01-12,2026-01-12,1209.7302,33.42465753424658,0.3688505231314454,49.584487534626035,542.4099999999996,34.52054794520548,未知,107.68999999999997,98.4126984126984,98.4126984126984,19.330000000000002,68.82591093117408,0.659999999999993,41.93,96.76113360323887,-0.22248599999999996
2026-01-14,2026-01-13,2026-01-14,2026-01-14,2026-01-13,2026-01-13,2026-01-13,2026-01-13,1326.7236,34.794520547945204,0.39058921367637917,55.4016620498615,542.4099999999996,34.794520547945204,未知,85.93999999999997,90.47619047619048,94.04761904761905,19.320000000000004,68.54838709677419,1.0599999999999952,41.01000000000001,93.95161290322581,-0.11800399999999997
2026-01-15,2026-01-14,2026-01-15,2026-01-15,2026-01-14,2026-01-14,2026-01-14,2026-01-14,1326.7236,35.06849315068493,0.3988078841295982,56.50969529085873,542.4099999999996,35.06849315068493,未知,64.60999999999997,84.12698412698413,88.4920634920635,18.69000000000003,59.67741935483871,1.440000000000044,40.130000000000024,89.91935483870968,-0.01681699999999997
2026-01-16,2026-01-15,2026-01-16,2026-01-16,2026-01-15,2026-01-15,2026-01-15,2026-01-15,2315.6973,66.02739726027397,0.5365754683489966,75.06925207756233,1011.7636,60.0,未知,61.629999999999974,80.95238095238095,87.3015873015873,17.559999999999974,50.0,-0.48000000000001464,39.99999999999999,89.11290322580645,-0.05293599999999997
2026-01-19,2026-01-18,2026-01-19,2026-01-19,2026-01-18,2026-01-16,2026-01-16,2026-01-16,2315.6973,66.84931506849315,0.31017830042479755,35.45706371191136,1011.7636,60.82191780821918,未知,28.909999999999968,61.904761904761905,62.698412698412696,18.35,54.43548387096774,-0.46999999999997044,40.09,89.51612903225806,-0.08995099999999996
2026-01-20,2026-01-19,2026-01-20,2026-01-20,2026-01-19,2026-01-19,2026-01-19,2026-01-19,2068.7389,56.71232876712329,0.2865789895794679,31.855955678670362,754.0935999999997,46.3013698630137,未知,46.00999999999997,73.01587301587301,75.79365079365078,17.610000000000014,49.392712550607285,-1.7199999999999882,39.290000000000006,87.04453441295547,-0.09202199999999998
2026-01-21,2026-01-20,2026-01-21,2026-01-21,2026-01-20,2026-01-20,2026-01-20,2026-01-20,3094.2155,84.65753424657534,0.3753195801347017,52.35457063711911,1234.6736,75.89041095890411,未知,40.35999999999997,69.84126984126983,71.82539682539682,17.679999999999986,50.0,-1.6400000000000183,39.18999999999999,86.69354838709677,-0.02414699999999998
2026-01-22,2026-01-21,2026-01-22,2026-01-22,2026-01-21,2026-01-21,2026-01-21,2026-01-21,3581.2155,89.86301369863014,0.5320310276799189,74.79224376731301,1450.6736,82.73972602739727,未知,8.429999999999971,41.269841269841265,49.60317460317461,16.939999999999998,44.75806451612903,-1.750000000000032,39.559999999999995,87.90322580645162,0.005622000000000021
2026-01-23,2026-01-22,2026-01-23,2026-01-23,2026-01-22,2026-01-22,2026-01-22,2026-01-22,3830.5077,92.6027397260274,0.5487434244933216,77.00831024930747,2025.388099999999,92.05479452054794,未知,-12.820000000000029,22.22222222222222,33.33333333333333,15.110000000000001,31.85483870967742,-2.4499999999999726,38.86000000000001,83.06451612903226,0.08360200000000001
2026-01-26,2026-01-25,2026-01-26,2026-01-26,2026-01-25,2026-01-23,2026-01-23,2026-01-23,4392.7477,95.34246575342465,1.0,100.0,2491.0581,94.79452054794521,未知,17.27999999999997,47.61904761904761,55.158730158730165,15.229999999999988,33.064516129032256,-3.1200000000000134,38.71,82.66129032258065,0.085371
2026-01-27,2026-01-26,2026-01-27,2026-01-27,2026-01-26,2026-01-26,2026-01-26,2026-01-26,4842.7037,96.43835616438356,1.0,100.0,2657.0381,95.61643835616438,未知,-0.40000000000003055,30.158730158730158,45.23809523809524,15.769999999999996,37.65182186234818,-1.8400000000000176,38.64000000000001,81.78137651821862,0.07063000000000001
2026-01-28,2026-01-27,2026-01-28,2026-01-28,2026-01-27,2026-01-27,2026-01-27,2026-01-27,3868.6137,91.5068493150685,0.8376136112011273,87.25761772853186,2226.1581,93.69863013698631,未知,13.40999999999997,44.44444444444444,54.36507936507936,16.1,40.89068825910931,-1.579999999999984,39.20999999999999,86.23481781376519,0.04540200000000001
2026-01-29,2026-01-28,2026-01-29,2026-01-29,2026-01-28,2026-01-28,2026-01-28,2026-01-28,3440.5137,85.75342465753425,0.5840770220091331,78.45303867403315,2049.058099999999,91.23287671232877,未知,22.65999999999997,53.96825396825397,59.12698412698413,17.34,47.77327935222672,0.40000000000000213,38.73,82.18623481781377,-0.007951999999999987
2026-01-30,2026-01-29,2026-01-30,2026-01-30,2026-01-29,2026-01-29,2026-01-29,2026-01-29,4786.518700000001,96.16438356164385,0.6614394156129245,81.81818181818183,2449.1049,93.69863013698631,未知,50.48999999999997,76.19047619047619,79.36507936507937,16.500000000000004,41.53225806451613,1.3900000000000023,38.739999999999995,82.25806451612904,-0.016292999999999974
2026-02-02,2026-02-01,2026-02-02,2026-02-02,2026-02-01,2026-01-30,2026-01-30,2026-01-30,5796.7295,99.17808219178083,0.5935179734423892,78.51239669421489,2838.4753,96.43835616438356,未知,53.20999999999997,76.19047619047619,82.14285714285714,16.910000000000004,44.17670682730924,1.6800000000000157,38.53,80.32128514056225,0.04449400000000002
2026-02-03,2026-02-02,2026-02-03,2026-02-03,2026-02-02,2026-02-02,2026-02-02,2026-02-02,7141.3686,100.0,0.6427082798783221,80.16528925619835,3733.7651,99.45205479452055,未知,57.099999999999966,76.19047619047619,83.33333333333334,16.639999999999986,42.4,0.8699999999999903,39.14,85.6,0.12233300000000003
2026-02-04,2026-02-03,2026-02-04,2026-02-04,2026-02-03,2026-02-03,2026-02-03,2026-02-03,7885.9386,100.0,0.6017072748990293,78.51239669421489,4206.5651,99.72602739726028,未知,45.52999999999997,66.66666666666666,75.39682539682539,17.420000000000012,49.00398406374502,1.320000000000011,39.64000000000001,88.44621513944223,0.14640100000000003
2026-02-05,2026-02-04,2026-02-05,2026-02-05,2026-02-04,2026-02-04,2026-02-04,2026-02-04,7877.188599999999,99.72602739726028,0.6911519039002303,82.64462809917356,4217.8151,99.72602739726028,未知,53.669999999999966,74.60317460317461,82.14285714285714,17.310000000000002,48.01587301587302,-0.029999999999997584,39.989999999999995,88.4920634920635,0.09335300000000003
2026-02-06,2026-02-05,2026-02-06,2026-02-06,2026-02-05,2026-02-05,2026-02-05,2026-02-05,4793.805899999999,94.52054794520548,0.5766078686056406,75.20661157024794,2488.9602,92.05479452054794,未知,31.45999999999997,55.55555555555556,65.87301587301587,17.300000000000004,47.82608695652174,0.8000000000000007,39.89,88.14229249011858,0.06463700000000003
2026-02-09,2026-02-08,2026-02-09,2026-02-09,2026-02-08,2026-02-06,2026-02-06,2026-02-06,3221.3551,80.82191780821918,0.6169576744550471,78.51239669421489,1633.9198,83.01369863013699,未知,17.869999999999965,38.095238095238095,53.17460317460318,17.36,49.01185770750988,0.44999999999999574,39.88,87.74703557312253,0.19171200000000005
2026-02-10,2026-02-09,2026-02-10,2026-02-10,2026-02-09,2026-02-09,2026-02-09,2026-02-09,963.1,21.643835616438356,0.3250312173061996,37.46556473829201,572.6499999999997,34.52054794520548,未知,-16.350000000000033,12.698412698412698,27.77777777777778,16.720000000000002,41.832669322709165,0.08000000000001606,39.60999999999999,86.85258964143426,0.22790500000000002
2026-02-11,2026-02-10,2026-02-11,2026-02-11,2026-02-10,2026-02-10,2026-02-10,2026-02-10,50.15000000000001,2.191780821917808,1.0,100.0,50.14999999999978,6.027397260273973,未知,-35.52000000000004,11.11111111111111,17.46031746031746,17.210000000000015,46.03174603174603,-0.2099999999999973,39.40000000000001,84.92063492063492,0.3958480000000001
2026-02-12,2026-02-11,2026-02-12,2026-02-12,2026-02-11,2026-02-11,2026-02-11,2026-02-11,0.0,1.095890410958904,,,0.0,3.0136986301369864,未知,-46.830000000000034,7.936507936507936,13.492063492063492,17.80999999999999,51.19047619047619,0.49999999999998934,39.25000000000001,84.12698412698413,0.7232500000000002
2026-02-13,2026-02-12,2026-02-13,2026-02-13,2026-02-12,2026-02-12,2026-02-12,2026-02-12,0.0,1.36986301369863,,,0.0,3.287671232876712,未知,-70.60000000000002,0.0,7.142857142857142,18.740000000000002,61.904761904761905,1.4399999999999977,39.41999999999999,84.92063492063492,0.7647420000000001
2026-02-14,2026-02-13,2026-02-14,2026-02-14,2026-02-13,2026-02-12,2026-02-13,2026-02-13,0.0,1.643835616438356,,,0.0,3.5616438356164384,未知,-70.60000000000002,0.0,7.142857142857142,18.410000000000014,56.34920634920635,1.050000000000015,39.94000000000002,88.09523809523809,0.611635
2026-02-24,2026-02-23,2026-02-24,2026-02-24,2026-02-23,2026-02-14,2026-02-14,2026-02-13,3137.204400000001,81.91780821917808,0.4246808711560764,59.103641456582636,2475.46,94.24657534246576,未知,-69.59000000000003,3.1746031746031744,7.936507936507936,18.409999999999993,55.952380952380956,1.6899999999999906,39.39999999999999,83.73015873015873,0.611635
2026-02-25,2026-02-24,2026-02-25,2026-02-25,2026-02-24,2026-02-24,2026-02-24,2026-02-24,4428.8783,95.61643835616438,0.7346106654698935,84.593837535014,3344.918,99.17808219178083,未知,-50.16000000000003,11.11111111111111,13.88888888888889,16.82999999999999,39.67611336032389,-0.3800000000000239,38.559999999999995,75.7085020242915,0.5839000000000001
2026-02-26,2026-02-25,2026-02-26,2026-02-26,2026-02-25,2026-02-25,2026-02-25,2026-02-25,4148.8783,94.24657534246576,0.782972935989113,85.99439775910365,3064.918,98.9041095890411,未知,-33.68000000000003,19.047619047619047,19.841269841269842,16.059999999999985,33.603238866396765,-1.750000000000007,39.14,81.37651821862349,0.3804760000000001
2026-02-27,2026-02-26,2026-02-27,2026-02-27,2026-02-26,2026-02-26,2026-02-26,2026-02-26,3390.3283,85.47945205479452,0.7467143510305191,84.87394957983193,2320.688,93.69863013698631,未知,-26.590000000000032,22.22222222222222,23.41269841269841,16.080000000000005,34.41295546558704,-2.6599999999999966,40.73,92.71255060728745,0.09633700000000009
2026-02-28,2026-02-27,2026-02-28,2026-02-28,2026-02-27,2026-02-27,2026-02-27,2026-02-27,2724.8439,75.89041095890411,0.6464875009961816,81.5126050420168,1887.458,87.94520547945206,未知,19.449999999999964,42.857142857142854,55.952380952380956,20.150000000000002,76.51821862348179,1.7399999999999878,41.170000000000016,94.33198380566802,0.019344000000000087
2026-03-02,2026-03-01,2026-03-02,2026-03-02,2026-03-01,2026-02-28,2026-02-28,2026-02-27,2724.8439,76.16438356164383,0.6464875009961816,81.79271708683473,1887.458,87.94520547945206,未知,19.449999999999964,42.857142857142854,56.34920634920635,21.12999999999998,86.23481781376519,2.719999999999988,41.16,93.92712550607287,0.019344000000000087
2026-03-03,2026-03-02,2026-03-03,2026-03-03,2026-03-02,2026-03-02,2026-03-02,2026-03-02,2364.2643,65.75342465753424,0.6134151983298084,78.71148459383754,1314.458,76.16438356164383,未知,21.44999999999996,44.44444444444444,57.14285714285714,20.340000000000003,78.13765182186235,3.510000000000012,40.949999999999996,92.3076923076923,-0.025684999999999913
2026-03-04,2026-03-03,2026-03-04,2026-03-04,2026-03-03,2026-03-03,2026-03-03,2026-03-03,1559.1775,39.45205479452055,0.5113436328321327,71.42857142857143,591.3123999999998,38.9041095890411,未知,33.62999999999997,57.14285714285714,69.44444444444444,19.540000000000003,72.17741935483872,3.480000000000018,41.859999999999985,95.96774193548387,-0.001711999999999915
2026-03-05,2026-03-04,2026-03-05,2026-03-05,2026-03-04,2026-03-04,2026-03-04,2026-03-04,1559.1775,39.726027397260275,0.5952927970708363,77.87114845938376,591.3123999999998,39.178082191780824,未知,24.239999999999966,47.61904761904761,59.523809523809526,19.56,72.58064516129032,3.4799999999999933,41.989999999999995,96.7741935483871,0.036926000000000084
2026-03-06,2026-03-05,2026-03-06,2026-03-06,2026-03-05,2026-03-05,2026-03-05,2026-03-05,1581.9985,41.0958904109589,0.5987885685779156,77.87114845938376,153.5523999999997,9.58904109589041,未知,-4.520000000000035,30.158730158730158,40.476190476190474,19.169999999999998,66.93548387096774,-0.980000000000004,41.71,94.75806451612904,0.15630300000000008
2026-03-09,2026-03-08,2026-03-09,2026-03-09,2026-03-08,2026-03-06,2026-03-06,2026-03-06,1355.4485,35.61643835616438,0.2521554247985075,25.210084033613445,153.5523999999997,10.41095890410959,未知,-24.830000000000034,23.809523809523807,25.396825396825395,18.86000000000001,63.306451612903224,-2.269999999999971,41.959999999999994,96.37096774193549,0.17814800000000008
2026-03-10,2026-03-09,2026-03-10,2026-03-10,2026-03-09,2026-03-09,2026-03-09,2026-03-09,1217.0881,32.87671232876712,0.2323978662875654,20.448179271708682,207.2223999999998,15.068493150684931,未知,0.4699999999999669,34.92063492063492,44.44444444444444,18.27000000000001,53.036437246963565,-2.069999999999993,43.05999999999999,98.38056680161942,0.18505500000000008
2026-03-11,2026-03-10,2026-03-11,2026-03-11,2026-03-10,2026-03-10,2026-03-10,2026-03-10,1874.5603,47.12328767123288,0.3180152894525483,37.81512605042017,381.5069999999998,25.753424657534246,未知,7.4599999999999635,36.507936507936506,48.80952380952381,17.859999999999985,49.596774193548384,-1.6800000000000175,42.65999999999999,97.17741935483872,0.1484820000000001
2026-03-12,2026-03-11,2026-03-12,2026-03-12,2026-03-11,2026-03-11,2026-03-11,2026-03-11,2271.1703,61.09589041095891,0.29038752678739144,32.49299719887955,618.5069999999997,41.917808219178085,未知,38.82999999999996,68.25396825396825,72.61904761904762,17.679999999999986,48.79032258064516,-1.8800000000000132,43.17999999999999,98.38709677419355,0.14764100000000008
2026-03-13,2026-03-12,2026-03-13,2026-03-13,2026-03-12,2026-03-12,2026-03-12,2026-03-12,2972.01,78.9041095890411,0.34874519039522367,44.25770308123249,1336.8577,76.43835616438356,未知,37.639999999999965,66.66666666666666,71.82539682539682,17.84000000000001,49.596774193548384,-1.3299999999999876,43.60999999999999,99.19354838709677,0.03847800000000008
2026-03-16,2026-03-15,2026-03-16,2026-03-16,2026-03-15,2026-03-13,2026-03-13,2026-03-13,3422.3446,85.47945205479452,0.3690916103355347,47.89915966386555,1460.6416,79.72602739726027,未知,54.88999999999996,82.53968253968253,84.12698412698413,16.759999999999998,38.70967741935484,-2.100000000000012,44.940000000000005,100.0,0.05183600000000008
2026-03-17,2026-03-16,2026-03-17,2026-03-17,2026-03-16,2026-03-16,2026-03-16,2026-03-16,3856.1623,91.5068493150685,0.39729011125231234,55.46218487394958,1502.6596,80.27397260273973,未知,43.719999999999956,74.60317460317461,75.0,16.210000000000015,35.62753036437247,-2.059999999999995,45.58,100.0,0.05272600000000008
2026-03-18,2026-03-17,2026-03-18,2026-03-18,2026-03-17,2026-03-17,2026-03-17,2026-03-17,3244.9006,81.91780821917808,0.28856641027133667,31.372549019607842,1443.1226,77.26027397260275,未知,27.429999999999964,57.14285714285714,59.92063492063492,15.890000000000004,32.25806451612903,-1.969999999999981,45.53,99.59677419354838,-0.03515999999999992
2026-03-19,2026-03-18,2026-03-19,2026-03-19,2026-03-18,2026-03-18,2026-03-18,2026-03-18,3571.514,87.94520547945206,0.3831474157524197,53.221288515406165,1448.7126,77.53424657534246,未知,-5.10000000000004,31.746031746031743,37.698412698412696,16.880000000000006,41.12903225806452,-0.7999999999999794,45.629999999999995,100.0,0.07156400000000009
2026-03-20,2026-03-19,2026-03-20,2026-03-20,2026-03-19,2026-03-19,2026-03-19,2026-03-19,3167.2408,80.27397260273973,0.35518170598241555,44.81792717086835,1259.061899999999,72.87671232876713,未知,19.529999999999962,50.79365079365079,55.158730158730165,15.660000000000007,29.03225806451613,-2.1800000000000033,46.68000000000001,100.0,0.16584700000000008
2026-03-23,2026-03-22,2026-03-23,2026-03-23,2026-03-22,2026-03-20,2026-03-20,2026-03-20,3085.5862,80.27397260273973,0.5893487533449455,76.47058823529412,1317.708,75.89041095890411,未知,20.37999999999996,50.79365079365079,55.55555555555556,15.52,27.82258064516129,-1.2399999999999984,47.01000000000002,100.0,0.12328300000000009
2026-03-24,2026-03-23,2026-03-24,2026-03-24,2026-03-23,2026-03-23,2026-03-23,2026-03-23,2577.7085,71.5068493150685,0.5452342292254271,72.54901960784314,1222.02,69.86301369863014,未知,14.819999999999961,39.682539682539684,51.19047619047619,16.200000000000014,36.84210526315789,-0.010000000000001563,46.36,99.19028340080972,0.05885900000000008
2026-03-25,2026-03-24,2026-03-25,2026-03-25,2026-03-24,2026-03-24,2026-03-24,2026-03-24,2299.5117,61.369863013698634,1.0,100.0,1175.4003,67.67123287671232,未知,18.76999999999996,42.857142857142854,53.96825396825397,16.32,37.5,0.42999999999999616,46.03999999999999,98.79032258064517,0.12620900000000007
2026-03-26,2026-03-25,2026-03-26,2026-03-26,2026-03-25,2026-03-25,2026-03-25,2026-03-25,2123.7183,56.43835616438356,0.6384015563192206,80.3921568627451,1051.5003,63.287671232876704,未知,37.55999999999996,68.25396825396825,71.03174603174604,16.51,38.70967741935484,-0.37000000000000455,46.08999999999999,98.79032258064517,0.15224200000000007
2026-03-27,2026-03-26,2026-03-27,2026-03-27,2026-03-26,2026-03-26,2026-03-26,2026-03-26,1464.0608,36.986301369863014,0.5489622494638842,73.10924369747899,607.3102999999999,40.821917808219176,未知,8.119999999999957,31.746031746031743,45.63492063492063,16.390000000000015,38.306451612903224,0.7300000000000075,45.330000000000005,96.7741935483871,0.2362430000000001
2026-03-30,2026-03-29,2026-03-30,2026-03-30,2026-03-29,2026-03-27,2026-03-27,2026-03-27,1184.2408,31.232876712328768,0.2735699589599137,30.252100840336134,475.2902999999998,30.41095890410959,未知,8.169999999999959,31.746031746031743,45.63492063492063,16.380000000000017,38.306451612903224,0.8600000000000172,45.600000000000016,97.58064516129032,0.3712080000000001
2026-03-31,2026-03-30,2026-03-31,2026-03-31,2026-03-30,2026-03-30,2026-03-30,2026-03-30,1184.2408,31.506849315068493,0.2735699589599137,30.532212885154063,475.2902999999998,30.684931506849317,未知,4.609999999999959,26.984126984126984,43.25396825396825,16.579999999999995,40.08097165991903,0.37999999999998124,46.209999999999994,98.78542510121457,0.8100630000000001
2026-04-01,2026-03-31,2026-04-01,2026-04-01,2026-03-31,2026-03-31,2026-03-31,2026-03-31,1226.78,32.87671232876712,0.2806390659242619,31.372549019607842,285.7199999999998,17.534246575342465,未知,-17.090000000000042,14.285714285714285,26.190476190476193,15.370000000000017,27.016129032258064,-0.9499999999999833,46.330000000000005,98.79032258064517,0.8409840000000001
2026-04-02,2026-04-01,2026-04-02,2026-04-02,2026-04-01,2026-04-01,2026-04-01,2026-04-01,745.6735,15.890410958904111,0.15892873070853253,11.204481792717088,167.0299999999998,10.684931506849315,未知,-34.44000000000004,7.936507936507936,15.476190476190476,15.32,27.016129032258064,-1.1900000000000013,46.760000000000005,99.59677419354838,0.6763530000000001
2026-04-03,2026-04-02,2026-04-03,2026-04-03,2026-04-02,2026-04-02,2026-04-02,2026-04-02,1563.8777,40.54794520547945,0.2838213515573474,31.652661064425768,766.1318999999997,49.31506849315068,未知,-20.13000000000004,14.285714285714285,23.41269841269841,15.290000000000003,27.016129032258064,-1.100000000000012,47.87999999999999,100.0,0.9020180000000001
2026-04-07,2026-04-06,2026-04-07,2026-04-07,2026-04-06,2026-04-03,2026-04-03,2026-04-03,1959.1019,50.136986301369866,0.3328634748469821,43.13725490196079,807.8218999999997,51.50684931506849,未知,-12.040000000000044,20.634920634920633,30.952380952380953,15.059999999999985,25.403225806451612,-1.3200000000000323,49.54999999999998,100.0,1.523922
2026-04-08,2026-04-07,2026-04-08,2026-04-08,2026-04-07,2026-04-07,2026-04-07,2026-04-07,2380.7719,65.75342465753424,0.2964930921636766,33.61344537815126,1117.1219,67.67123287671232,未知,-19.58000000000004,15.873015873015872,23.809523809523807,14.440000000000008,22.58064516129032,-2.1399999999999864,48.90000000000001,99.59677419354838,1.406361
2026-04-09,2026-04-08,2026-04-09,2026-04-09,2026-04-08,2026-04-08,2026-04-08,2026-04-08,2314.4484,62.19178082191781,0.3528688226911497,46.21848739495798,1117.1219,67.67123287671232,未知,-18.10000000000004,17.46031746031746,24.206349206349206,14.229999999999986,21.774193548387096,-1.1400000000000308,48.08999999999999,99.19354838709677,1.560214
2026-04-10,2026-04-09,2026-04-10,2026-04-10,2026-04-09,2026-04-09,2026-04-09,2026-04-09,1714.3411,43.56164383561644,0.28769706579354837,31.932773109243694,575.5799999999998,37.534246575342465,未知,-3.1200000000000383,28.57142857142857,38.095238095238095,13.680000000000003,20.161290322580644,-1.639999999999997,48.09999999999999,99.19354838709677,1.8124440000000002
2026-04-13,2026-04-12,2026-04-13,2026-04-13,2026-04-12,2026-04-10,2026-04-10,2026-04-10,1471.9469,38.35616438356164,0.38792133314607724,55.182072829131656,593.1599999999999,40.821917808219176,未知,8.01999999999996,36.507936507936506,44.84126984126984,13.850000000000007,21.370967741935484,-1.439999999999996,47.38,97.98387096774194,1.6468390000000002
2026-04-14,2026-04-13,2026-04-14,2026-04-14,2026-04-13,2026-04-13,2026-04-13,2026-04-13,1502.9269,39.45205479452055,0.3928782170690544,56.022408963585434,533.1599999999999,34.794520547945204,未知,-2.3500000000000396,30.158730158730158,37.698412698412696,15.160000000000018,28.34008097165992,0.1000000000000334,46.240000000000016,95.54655870445345,0.9883340000000002
2026-04-15,2026-04-14,2026-04-15,2026-04-15,2026-04-14,2026-04-14,2026-04-14,2026-04-14,1054.9397,23.56164383561644,0.6374490260883825,80.3921568627451,198.9899999999998,13.150684931506849,未知,-12.880000000000042,22.22222222222222,28.57142857142857,15.290000000000003,29.838709677419356,0.8499999999999943,45.330000000000005,92.33870967741935,1.196334
2026-04-16,2026-04-15,2026-04-16,2026-04-16,2026-04-15,2026-04-15,2026-04-15,2026-04-15,1642.1949,43.013698630136986,0.5223274694243302,70.02801120448179,420.7007999999998,27.397260273972602,未知,-36.82000000000004,6.349206349206349,11.904761904761903,14.370000000000015,22.983870967741936,0.140000000000029,44.46000000000001,91.12903225806451,1.0354390000000002
2026-04-17,2026-04-16,2026-04-17,2026-04-17,2026-04-16,2026-04-16,2026-04-16,2026-04-16,2378.8637,66.3013698630137,0.6130043425303769,78.43137254901961,678.1807999999997,48.49315068493151,未知,-49.11000000000004,4.761904761904762,8.333333333333332,14.030000000000008,21.774193548387096,0.350000000000005,44.15,90.32258064516128,0.9864250000000001
2026-04-20,2026-04-19,2026-04-20,2026-04-20,2026-04-19,2026-04-17,2026-04-17,2026-04-17,2416.8232,66.84931506849315,0.35496503904049204,45.65826330532213,667.9337999999998,47.12328767123288,未知,-87.00000000000004,0.0,2.7777777777777777,14.510000000000002,25.0,0.6599999999999948,43.74,89.51612903225806,0.9748850000000001
2026-04-21,2026-04-20,2026-04-21,2026-04-21,2026-04-20,2026-04-20,2026-04-20,2026-04-20,2832.3082,76.71232876712328,0.392063369150534,55.46218487394958,706.9687999999999,49.589041095890416,未知,-62.27000000000005,4.761904761904762,5.158730158730158,14.060000000000006,22.267206477732792,-1.100000000000012,43.58,88.66396761133603,1.0489220000000001
2026-04-22,2026-04-21,2026-04-22,2026-04-22,2026-04-21,2026-04-21,2026-04-21,2026-04-21,3234.5106,83.01369863013699,0.4241252119996266,58.26330532212886,1215.3388,73.42465753424658,未知,-60.63000000000005,6.349206349206349,5.158730158730158,14.42000000000001,24.596774193548388,-0.8699999999999921,44.52,91.12903225806451,0.775402
2026-04-23,2026-04-22,2026-04-23,2026-04-23,2026-04-22,2026-04-22,2026-04-22,2026-04-22,2863.225,77.26027397260275,0.49767304424909503,68.0672268907563,1082.549,67.67123287671232,未知,-50.47000000000005,7.936507936507936,7.5396825396825395,14.640000000000008,27.419354838709676,0.26999999999999247,44.53,91.12903225806451,0.9017700000000001
2026-04-24,2026-04-23,2026-04-24,2026-04-24,2026-04-23,2026-04-23,2026-04-23,2026-04-23,1615.1093,42.19178082191781,0.35850612991786907,47.05882352941176,675.7589999999998,47.12328767123288,未知,-46.730000000000054,14.285714285714285,8.73015873015873,13.5,19.758064516129032,-0.5300000000000082,44.47999999999999,90.32258064516128,0.850881
2026-04-27,2026-04-26,2026-04-27,2026-04-27,2026-04-26,2026-04-24,2026-04-24,2026-04-24,1395.4598,36.16438356164384,1.0,100.0,636.3259999999998,44.38356164383562,未知,7.239999999999949,49.2063492063492,44.047619047619044,13.840000000000007,21.774193548387096,-0.6699999999999946,45.35,92.33870967741935,0.7582670000000001
2026-04-28,2026-04-27,2026-04-28,2026-04-28,2026-04-27,2026-04-27,2026-04-27,2026-04-27,888.9947999999999,17.534246575342465,1.0,100.0,597.2909999999998,41.369863013698634,否,-7.67000000000005,38.095238095238095,32.142857142857146,14.159999999999995,23.481781376518217,0.09999999999998899,45.13,91.09311740890689,0.5264070000000001
2026-04-29,2026-04-28,2026-04-29,2026-04-29,2026-04-28,2026-04-28,2026-04-28,2026-04-28,215.9695999999999,6.301369863013699,1.0,100.0,88.92099999999978,8.493150684931507,否,16.379999999999953,63.49206349206349,51.98412698412699,14.329999999999998,25.101214574898783,-0.09000000000001229,45.87000000000001,93.92712550607287,0.6127730000000001
2026-04-30,2026-04-29,2026-04-30,2026-04-30,2026-04-29,2026-04-29,2026-04-29,2026-04-29,185.0499999999999,6.027397260273973,0.16300374366879533,12.044817927170868,43.48999999999977,7.671232876712329,否,46.09999999999995,92.06349206349206,78.17460317460318,15.53,36.43724696356275,0.8899999999999917,45.720000000000006,93.52226720647774,0.8031570000000001
2026-05-06,2026-05-05,2026-05-06,2026-05-06,2026-05-05,2026-04-30,2026-04-30,2026-04-30,1185.6698,30.958904109589042,0.25303088873702806,24.089635854341736,661.5399999999997,46.02739726027397,否,38.189999999999955,85.71428571428571,72.22222222222221,15.239999999999988,33.603238866396765,1.7399999999999878,45.469999999999985,91.49797570850203,0.7493200000000001
2026-05-07,2026-05-06,2026-05-07,2026-05-07,2026-05-06,2026-05-06,2026-05-06,2026-05-06,1000.6198,23.013698630136986,0.16986664119792624,13.445378151260504,618.0499999999997,43.56164383561644,否,31.379999999999953,77.77777777777779,66.66666666666666,14.229999999999986,25.101214574898783,0.38999999999997925,45.26999999999999,89.87854251012146,0.4588820000000001
2026-05-08,2026-05-07,2026-05-08,2026-05-08,2026-05-07,2026-05-07,2026-05-07,2026-05-07,1278.7164,33.6986301369863,0.14905684491446763,12.044817927170868,894.1461999999997,56.16438356164384,否,40.35999999999995,87.3015873015873,73.4126984126984,14.190000000000014,24.291497975708502,0.0300000000000189,45.50000000000001,91.49797570850203,0.4987920000000002
2026-05-09,2026-05-08,2026-05-09,2026-05-09,2026-05-08,2026-05-08,2026-05-08,2026-05-08,1459.1221,38.35616438356164,0.23499652229419032,21.008403361344538,754.7261999999997,51.23287671232877,否,37.35999999999995,79.36507936507937,69.84126984126983,13.119999999999997,19.838056680161944,-1.2100000000000009,45.09999999999999,88.66396761133603,0.28529000000000015
2026-05-11,2026-05-10,2026-05-11,2026-05-11,2026-05-10,2026-05-09,2026-05-09,2026-05-08,1459.1221,38.9041095890411,0.23499652229419032,21.288515406162464,754.7261999999997,51.23287671232877,否,35.649999999999956,77.77777777777779,69.04761904761905,12.600000000000012,19.02834008097166,-2.9299999999999873,45.300000000000004,89.47368421052632,0.28529000000000015
2026-05-12,2026-05-11,2026-05-12,2026-05-12,2026-05-11,2026-05-11,2026-05-11,2026-05-11,1551.8643,41.64383561643836,0.24625479479143972,22.969187675070028,747.6195999999998,49.31506849315068,否,47.119999999999955,93.65079365079364,78.96825396825396,12.58999999999999,19.02834008097166,-2.6499999999999986,44.809999999999995,87.4493927125506,0.15811500000000012
2026-05-13,2026-05-12,2026-05-13,2026-05-13,2026-05-12,2026-05-12,2026-05-12,2026-05-12,1387.3188,36.16438356164384,0.22604639667732432,19.327731092436977,375.9895999999998,25.753424657534246,否,33.28999999999995,76.19047619047619,66.26984126984127,12.17999999999999,17.741935483870968,-2.0499999999999954,44.599999999999994,87.09677419354838,0.11102100000000012
2026-05-14,2026-05-13,2026-05-14,2026-05-14,2026-05-13,2026-05-13,2026-05-13,2026-05-13,1925.302,51.50684931506849,0.33279196142223866,42.296918767507,537.5495999999998,35.89041095890411,否,29.499999999999954,73.01587301587301,61.111111111111114,12.280000000000001,18.548387096774192,-1.9100000000000126,43.92,83.87096774193549,0.5044900000000001
2026-05-15,2026-05-14,2026-05-15,2026-05-15,2026-05-14,2026-05-14,2026-05-14,2026-05-14,2196.0754,57.80821917808219,0.6023121189430147,78.43137254901961,516.5233999999998,34.52054794520548,否,32.22999999999996,77.77777777777779,65.07936507936508,11.29,12.903225806451612,-1.8299999999999983,43.66999999999999,83.06451612903226,0.7098430000000001
2026-05-18,2026-05-17,2026-05-18,2026-05-18,2026-05-17,2026-05-15,2026-05-15,2026-05-15,1817.0687,48.49315068493151,0.28097253706304376,31.932773109243694,419.6333999999998,29.315068493150687,否,47.329999999999956,98.4126984126984,78.96825396825396,10.430000000000007,6.451612903225806,-2.1700000000000053,42.76000000000002,79.83870967741935,0.8949100000000001
2026-05-19,2026-05-18,2026-05-19,2026-05-19,2026-05-18,2026-05-18,2026-05-18,2026-05-18,2208.5565,58.9041095890411,0.284660748426592,32.773109243697476,605.2199999999998,44.38356164383562,是,24.119999999999955,69.84126984126983,55.158730158730165,10.660000000000004,8.906882591093117,-1.9299999999999855,42.00999999999999,78.13765182186235,0.8262720000000001
2026-05-20,2026-05-19,2026-05-20,2026-05-20,2026-05-19,2026-05-19,2026-05-19,2026-05-19,4255.8343,94.52054794520548,0.43401042377393634,59.66386554621849,1709.2838,85.75342465753425,是,23.539999999999957,68.25396825396825,54.761904761904766,12.319999999999997,20.161290322580644,0.1400000000000059,41.769999999999996,75.40322580645162,0.9026130000000001
2026-05-21,2026-05-20,2026-05-21,2026-05-21,2026-05-20,2026-05-20,2026-05-20,2026-05-20,4178.3804,93.97260273972603,0.504734041938928,68.62745098039215,1697.8038,85.47945205479452,是,14.669999999999959,53.96825396825397,46.42857142857143,11.280000000000001,13.306451612903224,-1.0,41.1,72.17741935483872,1.0958860000000001
2026-05-22,2026-05-21,2026-05-22,2026-05-22,2026-05-21,2026-05-21,2026-05-21,2026-05-21,4268.5481,94.52054794520548,0.5100703310769045,69.74789915966386,1737.1018,87.3972602739726,是,36.63999999999996,82.53968253968253,68.25396825396825,10.630000000000006,8.46774193548387,-0.659999999999993,40.60999999999999,69.35483870967742,1.254448
2026-05-25,2026-05-24,2026-05-25,2026-05-25,2026-05-24,2026-05-22,2026-05-22,2026-05-22,4184.3093,93.69863013698631,0.8229848054287334,88.23529411764706,1853.4018,89.04109589041096,是,40.299999999999955,90.47619047619048,72.22222222222221,10.20000000000001,5.64516129032258,-0.22999999999999687,40.64000000000001,69.35483870967742,1.0890570000000002
2026-05-26,2026-05-25,2026-05-26,2026-05-26,2026-05-25,2026-05-25,2026-05-25,2026-05-25,3685.2293,87.3972602739726,1.0,100.0,1667.5118,84.10958904109589,否,59.78999999999995,100.0,88.09523809523809,10.529999999999994,8.097165991902834,-0.13000000000000966,40.86999999999998,70.04048582995951,1.1056050000000002
2026-05-27,2026-05-26,2026-05-27,2026-05-27,2026-05-26,2026-05-26,2026-05-26,2026-05-26,1531.0176,41.64383561643836,1.0,100.0,633.948,46.3013698630137,否,61.46999999999995,100.0,88.88888888888889,10.68,10.483870967741936,-1.639999999999997,40.73,69.35483870967742,1.0907030000000002
2026-05-28,2026-05-27,2026-05-28,2026-05-28,2026-05-27,2026-05-27,2026-05-27,2026-05-27,1070.4883,24.65753424657534,0.4611811544974615,61.62464985994398,483.868,32.87671232876712,否,54.94999999999995,96.82539682539682,83.33333333333334,11.48,16.129032258064516,0.1999999999999993,40.24000000000001,65.32258064516128,0.8355310000000001
2026-05-29,2026-05-28,2026-05-29,2026-05-29,2026-05-28,2026-05-28,2026-05-28,2026-05-28,745.8796000000002,16.71232876712329,0.37357869428296275,49.57983193277311,189.5,13.698630136986301,否,28.679999999999954,65.07936507936508,57.53968253968254,10.09,5.241935483870968,-0.5400000000000063,39.02000000000001,54.43548387096774,0.7528270000000001
2026-06-01,2026-05-31,2026-06-01,2026-06-01,2026-05-31,2026-05-29,2026-05-29,2026-05-29,2009.6582,55.06849315068493,0.39370646624160816,55.46218487394958,1136.19,68.21917808219177,否,5.999999999999953,34.92063492063492,38.492063492063494,10.909999999999997,12.903225806451612,0.7099999999999866,38.81000000000001,51.61290322580645,0.9637750000000002
2026-06-02,2026-06-01,2026-06-02,2026-06-02,2026-06-01,2026-06-01,2026-06-01,2026-06-01,2009.6582,55.06849315068493,0.39370646624160816,55.46218487394958,1136.19,68.21917808219177,是,-2.8800000000000465,30.158730158730158,33.33333333333333,10.809999999999986,11.740890688259109,0.27999999999999226,38.14999999999999,44.12955465587044,0.9831360000000001
2026-06-03,2026-06-02,2026-06-03,2026-06-03,2026-06-02,2026-06-02,2026-06-02,2026-06-02,2240.6603,60.0,0.41995632504284586,56.86274509803921,1294.1148,74.24657534246575,是,-1.4000000000000465,33.33333333333333,34.523809523809526,9.919999999999995,4.435483870967742,-0.7600000000000051,37.529999999999994,43.145161290322584,1.160632
2026-06-04,2026-06-03,2026-06-04,2026-06-04,2026-06-03,2026-06-03,2026-06-03,2026-06-03,2685.8545,71.23287671232876,0.4111932530034158,56.022408963585434,1317.9567,76.43835616438356,是,4.1399999999999535,36.507936507936506,38.492063492063494,8.999999999999986,2.8112449799196786,-2.4800000000000146,37.28,42.570281124497996,1.2714350000000003
2026-06-05,2026-06-04,2026-06-05,2026-06-05,2026-06-04,2026-06-04,2026-06-04,2026-06-04,3333.2236,81.91780821917808,0.46428747531975467,61.904761904761905,1510.9567,81.91780821917808,是,15.449999999999953,52.38095238095239,47.22222222222222,8.650000000000002,2.8112449799196786,-1.4399999999999977,36.20999999999999,39.3574297188755,1.1761380000000001
2026-06-08,2026-06-07,2026-06-08,2026-06-08,2026-06-07,2026-06-05,2026-06-05,2026-06-05,2833.037,74.24657534246575,0.44711664036556714,60.78431372549019,680.0277999999998,47.671232876712324,是,31.599999999999955,69.84126984126983,63.888888888888886,7.390000000000008,1.2048192771084338,-3.519999999999989,34.959999999999994,34.13654618473896,1.1236080000000002
2026-06-09,2026-06-08,2026-06-09,2026-06-09,2026-06-08,2026-06-08,2026-06-08,2026-06-08,3199.9455,79.72602739726027,0.47737968689475707,62.745098039215684,894.3516,56.43835616438356,是,57.19999999999995,96.82539682539682,85.31746031746032,7.709999999999995,2.4193548387096775,-3.0999999999999917,35.46,35.483870967741936,0.9843540000000002
2026-06-10,2026-06-09,2026-06-10,2026-06-10,2026-06-09,2026-06-09,2026-06-09,2026-06-09,3541.1296,86.3013698630137,0.5026922079284877,67.78711484593838,1206.485,70.41095890410959,是,72.37999999999995,100.0,92.85714285714286,7.220000000000004,0.8032128514056224,-2.6999999999999904,35.480000000000004,35.7429718875502,0.5478810000000002
2026-06-11,2026-06-10,2026-06-11,2026-06-11,2026-06-10,2026-06-10,2026-06-10,2026-06-10,3489.4172,84.38356164383562,0.5213674743723764,70.02801120448179,1406.9065,77.8082191780822,是,101.90999999999995,100.0,98.01587301587301,7.4100000000000055,2.0080321285140563,-1.5899999999999803,36.170000000000016,38.95582329317269,-0.29666199999999987
2026-06-12,2026-06-11,2026-06-12,2026-06-12,2026-06-11,2026-06-11,2026-06-11,2026-06-10,2682.8191,69.04109589041096,0.4557796871679479,60.50420168067227,1320.4965,75.89041095890411,是,117.47999999999995,100.0,99.60317460317461,8.15999999999999,4.016064257028113,-0.49000000000001265,34.91,32.53012048192771,-0.29666199999999987
2026-06-15,2026-06-14,2026-06-15,2026-06-15,2026-06-14,2026-06-12,2026-06-12,2026-06-12,1800.2271,45.47945205479452,0.5140088428633637,69.74789915966386,1085.7354,63.83561643835617,是,87.35999999999996,96.82539682539682,94.84126984126983,9.230000000000004,6.425702811244979,1.8399999999999963,33.999999999999986,26.907630522088354,-0.7533319999999999
2026-06-16,2026-06-15,2026-06-16,2026-06-16,2026-06-15,2026-06-15,2026-06-15,2026-06-15,1798.8586,44.93150684931507,0.29976187471115034,31.372549019607842,937.1715999999999,56.43835616438356,未知,57.60999999999996,90.47619047619048,84.52380952380952,9.410000000000007,6.854838709677419,1.7000000000000126,34.11,27.419354838709676,-1.074503
2026-06-17,2026-06-16,2026-06-17,2026-06-17,2026-06-16,2026-06-16,2026-06-16,2026-06-16,1149.4618,26.84931506849315,0.21478997028493624,15.966386554621847,396.6133999999999,23.835616438356162,未知,34.799999999999955,68.25396825396825,63.888888888888886,10.099999999999998,9.63855421686747,2.8799999999999937,34.16999999999999,27.710843373493976,-1.025062
2026-06-18,2026-06-17,2026-06-18,2026-06-18,2026-06-17,2026-06-17,2026-06-17,2026-06-17,1437.483,35.342465753424655,0.21821430127409816,16.246498599439775,638.7299999999998,42.73972602739726,未知,-30.960000000000043,12.698412698412698,14.285714285714285,10.169999999999991,10.441767068273093,2.7599999999999856,35.870000000000005,35.7429718875502,-0.3489849999999999
2026-06-22,2026-06-21,2026-06-22,2026-06-22,2026-06-21,2026-06-18,2026-06-18,2026-06-18,2579.4882,70.13698630136986,0.3337204396016802,40.056022408963585,1324.1746,77.26027397260275,未知,-56.48000000000005,4.761904761904762,5.952380952380952,9.18000000000001,6.425702811244979,1.020000000000021,35.170000000000016,33.33333333333333,0.40499300000000016
2026-06-23,2026-06-22,2026-06-23,2026-06-23,2026-06-22,2026-06-22,2026-06-22,2026-06-22,3593.7682,88.4931506849315,0.5755768127330543,75.35014005602241,1856.0346,90.41095890410958,是,-56.52000000000005,4.761904761904762,5.555555555555555,8.789999999999987,5.263157894736842,-0.44000000000001727,34.03999999999998,25.101214574898783,0.8605760000000001
2026-06-24,2026-06-23,2026-06-24,2026-06-24,2026-06-23,2026-06-23,2026-06-23,2026-06-23,4243.6684,95.34246575342465,0.6155892847993675,80.67226890756302,2445.7492,95.8904109589041,是,-53.91000000000005,7.936507936507936,5.952380952380952,8.299999999999997,4.435483870967742,-1.11000000000001,33.16999999999999,21.370967741935484,0.8522290000000001
2026-06-25,2026-06-24,2026-06-25,2026-06-25,2026-06-24,2026-06-24,2026-06-24,2026-06-24,3562.1654,87.94520547945206,0.7193147062495125,85.99439775910365,1979.3692,93.42465753424658,是,-38.13000000000005,14.285714285714285,11.507936507936508,8.469999999999999,4.838709677419355,-1.629999999999999,34.51,28.225806451612907,0.7474840000000001
2026-06-26,2026-06-25,2026-06-26,2026-06-26,2026-06-25,2026-06-25,2026-06-25,2026-06-25,2810.0805,73.6986301369863,0.6690539621800106,85.43417366946778,1545.8951,83.56164383561644,是,-8.180000000000055,30.158730158730158,27.77777777777778,9.48,8.870967741935484,-0.6899999999999906,34.99000000000001,31.85483870967742,0.6255870000000001
2026-06-29,2026-06-28,2026-06-29,2026-06-29,2026-06-28,2026-06-26,2026-06-26,2026-06-26,2373.2902,63.561643835616444,0.5200831189741122,71.1484593837535,1206.2942,70.13698630136986,是,-32.16000000000005,19.047619047619047,13.88888888888889,9.399999999999986,8.46774193548387,0.21999999999997577,34.29,26.209677419354836,0.767827
2026-06-30,2026-06-29,2026-06-30,2026-06-30,2026-06-29,2026-06-29,2026-06-29,2026-06-29,993.4702000000001,21.91780821917808,0.31207146214216175,34.173669467787114,608.6741999999999,39.726027397260275,是,-19.140000000000054,25.396825396825395,21.03174603174603,9.909999999999997,10.526315789473683,1.1200000000000099,35.11,32.388663967611336,0.8112970000000002
2026-07-01,2026-06-30,2026-07-01,2026-07-01,2026-06-30,2026-06-30,2026-06-30,2026-06-30,635.2469000000001,13.972602739726028,0.22484650810518544,16.246498599439775,305.0595999999999,19.45205479452055,是,-12.910000000000055,30.158730158730158,26.58730158730159,8.599999999999985,5.241935483870968,0.2999999999999883,35.650000000000006,34.67741935483871,0.9660460000000002
2026-07-02,2026-07-01,2026-07-02,2026-07-02,2026-07-01,2026-07-01,2026-07-01,2026-07-01,635.2469000000001,14.246575342465754,0.24105783029286557,19.88795518207283,305.0595999999999,19.726027397260275,是,-5.430000000000057,38.095238095238095,31.349206349206348,8.390000000000008,4.838709677419355,-0.07999999999999119,35.36999999999999,32.66129032258064,0.8022450000000001
2026-07-03,2026-07-02,2026-07-03,2026-07-03,2026-07-02,2026-07-02,2026-07-02,2026-07-02,1057.3239,23.28767123287671,0.3458331320407367,40.33613445378151,774.6670999999999,49.86301369863014,是,11.209999999999944,52.38095238095239,43.25396825396825,8.829999999999982,7.258064516129033,-0.6500000000000181,36.429999999999986,39.516129032258064,0.2983720000000001
2026-07-06,2026-07-05,2026-07-06,2026-07-06,2026-07-05,2026-07-03,2026-07-03,2026-07-03,1154.1239,27.671232876712327,0.2077958505751015,14.565826330532214,836.5670999999999,52.32876712328767,是,24.179999999999943,60.317460317460316,53.96825396825397,9.190000000000008,9.274193548387096,-0.20999999999997776,37.570000000000014,43.54838709677419,-0.013372999999999916
2026-07-07,2026-07-06,2026-07-07,2026-07-07,2026-07-06,2026-07-06,2026-07-06,2026-07-06,1919.1308,50.95890410958904,0.3037017053041535,33.0532212885154,1236.2163,72.32876712328768,未知,44.96999999999994,80.95238095238095,74.20634920634922,9.010000000000007,8.097165991902834,-0.8999999999999897,36.80000000000001,39.27125506072874,-0.3672369999999999
2026-07-08,2026-07-07,2026-07-08,2026-07-08,2026-07-07,2026-07-07,2026-07-07,2026-07-07,1392.2139,34.52054794520548,0.188335175203737,13.165266106442578,950.1162999999999,55.61643835616439,未知,48.16999999999995,85.71428571428571,77.77777777777779,8.300000000000018,4.838709677419355,-0.29999999999996696,36.11000000000002,37.096774193548384,-0.5991489999999999
2026-07-09,2026-07-08,2026-07-09,2026-07-09,2026-07-08,2026-07-08,2026-07-08,2026-07-08,1621.7539,42.465753424657535,0.21418470824837557,15.966386554621847,1078.1163,62.19178082191781,未知,31.849999999999948,63.49206349206349,63.095238095238095,8.469999999999999,6.048387096774194,0.07999999999999119,35.819999999999986,33.46774193548387,-0.31616999999999984
2026-07-10,2026-07-09,2026-07-10,2026-07-10,2026-07-09,2026-07-09,2026-07-09,2026-07-09,1435.6269,35.89041095890411,0.19438118380986724,14.285714285714285,784.2491999999999,49.04109589041096,未知,32.22999999999995,63.49206349206349,63.49206349206349,8.169999999999987,4.435483870967742,-0.6599999999999948,35.68,32.66129032258064,-0.21580499999999986
2026-07-13,2026-07-12,2026-07-13,2026-07-13,2026-07-12,2026-07-10,2026-07-10,2026-07-10,1623.9337,43.56164383561644,0.3712753350605201,48.4593837535014,866.3491999999999,52.87671232876713,未知,20.10999999999995,49.2063492063492,51.19047619047619,7.780000000000009,3.6290322580645165,-1.4099999999999993,35.51000000000002,31.85483870967742,-0.050847999999999866
2026-07-14,2026-07-13,2026-07-14,2026-07-14,2026-07-13,2026-07-13,2026-07-13,2026-07-13,1055.3168,23.28767123287671,0.27732692321438257,28.851540616246496,511.5099999999999,30.136986301369863,未知,5.149999999999953,36.507936507936506,39.285714285714285,7.160000000000011,0.8097165991902834,-1.849999999999996,34.830000000000005,26.31578947368421,0.09217300000000013
2026-07-15,2026-07-14,2026-07-15,2026-07-15,2026-07-14,2026-07-14,2026-07-14,2026-07-14,1747.8668,46.849315068493155,0.6031563631565123,80.11204481792717,716.0099999999999,45.75342465753425,未知,6.369999999999952,39.682539682539684,40.07936507936508,7.640000000000002,3.225806451612903,-0.6600000000000161,34.91,27.016129032258064,0.21427700000000013
2026-07-16,2026-07-15,2026-07-16,2026-07-16,2026-07-15,2026-07-15,2026-07-15,2026-07-15,2233.7776,60.54794520547945,0.5469880632089269,73.94957983193278,864.9099999999999,52.87671232876713,未知,12.99999999999995,42.857142857142854,44.84126984126984,7.3100000000000165,2.0161290322580645,-1.1599999999999824,34.870000000000005,26.209677419354836,0.12004900000000011
2026-07-17,2026-07-16,2026-07-17,2026-07-17,2026-07-16,2026-07-16,2026-07-16,2026-07-16,2391.2557,65.75342465753424,0.5638084258867015,75.63025210084034,963.05,56.71232876712329,未知,-9.27000000000005,23.809523809523807,28.57142857142857,6.65,0.4032258064516129,-1.5199999999999871,34.519999999999996,22.58064516129032,0.1790870000000001
2026-07-20,2026-07-19,2026-07-20,2026-07-20,2026-07-19,2026-07-17,2026-07-17,2026-07-17,3233.8889,82.73972602739727,0.5060155090475755,68.62745098039215,1471.71,83.28767123287672,未知,1.0299999999999496,31.746031746031743,36.507936507936506,6.679999999999997,1.2096774193548387,-1.100000000000012,33.96999999999999,16.93548387096774,0.03701300000000013
2026-07-21,2026-07-20,2026-07-21,2026-07-21,2026-07-20,2026-07-20,2026-07-20,2026-07-20,3399.0989,85.47945205479452,0.5184636400161687,70.30812324929971,1426.9,79.45205479452055,未知,-2.00000000000005,28.57142857142857,35.317460317460316,6.329999999999991,0.0,-0.8300000000000196,33.86,16.194331983805668,-0.01432899999999988
2026-07-22,2026-07-21,2026-07-22,2026-07-22,2026-07-21,2026-07-21,2026-07-21,2026-07-21,2905.4047,77.26027397260275,0.4172990260103668,56.86274509803921,1335.6067,78.08219178082192,未知,2.7099999999999493,31.746031746031743,38.095238095238095,6.359999999999988,0.4032258064516129,-1.2800000000000145,33.61000000000001,15.725806451612904,0.025671000000000114
2026-07-23,2026-07-22,2026-07-23,2026-07-23,2026-07-22,2026-07-22,2026-07-22,2026-07-22,2674.1939,71.5068493150685,0.5478565192831205,74.2296918767507,1270.5367,74.24657534246575,未知,-17.25000000000005,15.873015873015872,23.015873015873016,7.030000000000003,2.4193548387096775,-0.28000000000001357,32.750000000000014,11.29032258064516,0.29567100000000013
2026-07-24,2026-07-23,2026-07-24,2026-07-24,2026-07-23,2026-07-23,2026-07-23,2026-07-23,2390.3264,65.75342465753424,0.5199383711367546,70.02801120448179,1039.0882,60.273972602739725,未知,2.4499999999999513,30.158730158730158,38.095238095238095,6.550000000000011,0.8064516129032258,-0.09999999999998899,32.3,10.483870967741936,0.29567100000000013
2026-07-27,2026-07-26,2026-07-27,2026-07-27,2026-07-26,2026-07-24,2026-07-24,2026-07-24,1262.5864,32.602739726027394,0.5838316563906994,78.15126050420169,386.4281999999999,23.56164383561644,未知,21.339999999999954,49.2063492063492,55.55555555555556,6.669999999999998,2.4193548387096775,-0.009999999999998899,31.989999999999984,10.080645161290322,0.3956710000000001
2026-07-28,2026-07-27,2026-07-28,2026-07-28,2026-07-27,2026-07-27,2026-07-27,2026-07-27,1089.5964,26.027397260273972,0.5476469499040106,73.94957983193278,386.4281999999999,23.835616438356162,未知,19.47999999999995,46.03174603174603,54.36507936507936,5.879999999999996,0.0,-0.44999999999999485,31.499999999999993,8.502024291497975,0.4156710000000001
2026-07-29,2026-07-28,2026-07-29,2026-07-29,2026-07-28,2026-07-28,2026-07-28,2026-07-28,1450.5115,38.082191780821915,1.0,100.0,589.1047,37.80821917808219,未知,10.999999999999954,36.507936507936506,46.42857142857143,5.299999999999994,0.0,-1.0599999999999943,30.810000000000002,8.064516129032258,0.4370130000000001
2026-07-30,2026-07-29,2026-07-30,2026-07-30,2026-07-29,2026-07-29,2026-07-29,2026-07-29,1175.9083,28.767123287671232,0.48875856989229394,64.9859943977591,515.3915,32.32876712328767,未知,4.849999999999952,30.158730158730158,41.66666666666667,5.7499999999999885,0.4032258064516129,-1.2800000000000145,31.04,8.064516129032258,0.1970130000000001
2026-07-31,2026-07-30,2026-07-31,2026-07-31,2026-07-30,2026-07-30,2026-07-30,2026-07-30,1474.0603,40.821917808219176,0.5451284869645844,73.10924369747899,455.8999999999999,27.945205479452056,未知,-2.7200000000000486,20.634920634920633,34.92063492063492,7.050000000000001,4.032258064516129,0.49999999999998934,31.010000000000005,7.661290322580645,0.1770130000000001
2026-08-03,2026-08-02,2026-08-03,2026-08-03,2026-08-02,2026-07-31,2026-07-31,2026-07-31,1818.4003,51.23287671232877,0.3334556223801278,40.33613445378151,518.6899999999999,33.97260273972603,未知,-1.9600000000000506,23.809523809523807,36.507936507936506,7.089999999999996,4.435483870967742,0.41999999999999815,30.74999999999999,6.854838709677419,0.07701300000000011
2026-08-04,2026-08-03,2026-08-04,2026-08-04,2026-08-03,2026-08-03,2026-08-03,2026-08-03,2846.9133,77.53424657534246,0.4197926355866445,56.86274509803921,1507.0077,85.47945205479452,未知,-2.080000000000049,22.22222222222222,36.11111111111111,6.509999999999994,2.0242914979757085,0.6299999999999972,30.200000000000003,4.8582995951417,0.11835500000000011
2026-08-05,2026-08-04,2026-08-05,2026-08-05,2026-08-04,2026-08-04,2026-08-04,2026-08-04,2906.5674,79.17808219178082,0.4248518212894106,57.98319327731093,1191.1245,70.68493150684931,未知,6.78999999999995,41.269841269841265,44.84126984126984,6.610000000000005,2.82258064516129,1.3100000000000112,29.869999999999997,4.838709677419355,0.1783550000000001
2026-08-06,2026-08-05,2026-08-06,2026-08-06,2026-08-05,2026-08-05,2026-08-05,2026-08-05,2947.9006,79.17808219178082,0.44987567416097113,60.50420168067227,1053.0077,63.287671232876704,未知,15.509999999999952,50.79365079365079,52.77777777777778,6.210000000000004,1.2096774193548387,0.46000000000001595,30.079999999999995,4.838709677419355,0.0970130000000001
2026-08-07,2026-08-06,2026-08-07,2026-08-07,2026-08-06,2026-08-06,2026-08-06,2026-08-06,2431.858,67.94520547945206,0.4028483972423152,54.621848739495796,1051.1077,61.917808219178085,未知,9.059999999999953,42.857142857142854,48.01587301587302,6.089999999999995,1.2096774193548387,-0.9600000000000053,29.769999999999985,4.032258064516129,0.07701300000000011
2026-08-10,2026-08-09,2026-08-10,2026-08-10,2026-08-09,2026-08-07,2026-08-07,2026-08-07,2828.228,75.61643835616438,0.4989791864119231,66.1064425770308,1109.7377,65.20547945205479,未知,5.029999999999955,36.507936507936506,43.25396825396825,5.929999999999991,1.2096774193548387,-1.1600000000000055,29.269999999999996,3.6290322580645165,0.1270130000000001
2026-08-11,2026-08-10,2026-08-11,2026-08-11,2026-08-10,2026-08-10,2026-08-10,2026-08-10,1696.8415,45.47945205479452,0.40051571510121875,53.50140056022409,164.7081,10.41095890410959,未知,10.219999999999953,46.03174603174603,48.80952380952381,5.810000000000004,0.8097165991902834,-0.6999999999999895,28.550000000000008,2.834008097165992,0.14701300000000012
2026-08-12,2026-08-11,2026-08-12,2026-08-12,2026-08-11,2026-08-11,2026-08-11,2026-08-11,1917.463,52.602739726027394,0.4301884362668301,57.422969187675065,277.0708,15.890410958904111,未知,-0.47000000000004866,28.57142857142857,37.698412698412696,5.0899999999999945,0.0,-1.5200000000000102,28.699999999999992,3.225806451612903,0.17701300000000011
2026-08-13,2026-08-12,2026-08-13,2026-08-13,2026-08-12,2026-08-12,2026-08-12,2026-08-12,2260.8782,60.82191780821918,0.4483131354179676,59.38375350140056,346.1208,19.726027397260275,未知,8.63999999999995,46.03174603174603,48.80952380952381,5.120000000000013,0.4032258064516129,-1.089999999999991,28.530000000000012,2.4193548387096775,0.2683550000000001
2026-08-14,2026-08-13,2026-08-14,2026-08-14,2026-08-13,2026-08-13,2026-08-13,2026-08-13,2839.3843,76.71232876712328,0.5050861373723418,66.94677871148458,377.2208,21.91780821917808,未知,15.99999999999995,60.317460317460316,55.158730158730165,5.659999999999998,1.2096774193548387,-0.42999999999999705,27.980000000000004,2.0161290322580645,0.31835500000000017
2026-08-17,2026-08-16,2026-08-17,2026-08-17,2026-08-16,2026-08-14,2026-08-14,2026-08-14,3095.8143,83.01369863013699,0.43868613104553295,57.70308123249299,717.3208,46.57534246575342,未知,26.119999999999948,71.42857142857143,64.28571428571429,5.390000000000006,1.2096774193548387,-0.5399999999999849,27.029999999999998,1.6129032258064515,0.4383550000000001
2026-08-18,2026-08-17,2026-08-18,2026-08-18,2026-08-17,2026-08-17,2026-08-17,2026-08-17,3463.595,88.76712328767124,0.3561575729095276,43.13725490196079,840.8711,52.602739726027394,未知,14.109999999999944,55.55555555555556,52.77777777777778,5.610000000000004,1.6194331983805668,-0.20000000000000018,27.09999999999999,1.214574898785425,0.5483550000000001
2026-08-19,2026-08-18,2026-08-19,2026-08-19,2026-08-18,2026-08-18,2026-08-18,2026-08-18,4387.114100000001,96.43835616438356,0.41199694703833883,54.061624649859944,1736.6333,90.41095890410958,未知,13.129999999999947,55.55555555555556,51.98412698412699,5.680000000000018,2.4193548387096775,0.5900000000000238,26.770000000000003,0.8064516129032258,0.5383550000000001
2026-08-20,2026-08-19,2026-08-20,2026-08-20,2026-08-19,2026-08-19,2026-08-19,2026-08-19,3848.7641,92.87671232876711,0.390014298462077,50.14005602240896,1667.5833,88.76712328767124,未知,2.4199999999999466,31.746031746031743,39.682539682539684,6.010000000000004,4.435483870967742,0.8899999999999908,27.070000000000014,1.2096774193548387,0.4983550000000001
2026-08-21,2026-08-20,2026-08-21,2026-08-21,2026-08-20,2026-08-20,2026-08-20,2026-08-20,3946.6073,93.69863013698631,0.39600289071742184,52.66106442577031,1926.5409,94.24657534246576,未知,36.33999999999995,80.95238095238095,75.79365079365078,6.889999999999996,8.870967741935484,1.2299999999999978,27.960000000000008,1.6129032258064515,0.4783550000000001
2026-08-24,2026-08-23,2026-08-24,2026-08-24,2026-08-23,2026-08-21,2026-08-21,2026-08-21,3376.7973,87.12328767123287,0.5133863452897198,69.74789915966386,1634.2709,88.4931506849315,未知,40.58999999999995,82.53968253968253,81.34920634920636,6.820000000000004,8.870967741935484,1.429999999999998,27.70999999999999,1.6129032258064515,0.33835500000000013
2026-08-25,2026-08-24,2026-08-25,2026-08-25,2026-08-24,2026-08-24,2026-08-24,2026-08-24,3723.9751,92.6027397260274,0.805257784655719,89.91596638655463,1705.1437,89.31506849315069,未知,55.10999999999995,88.88888888888889,88.88888888888889,6.980000000000008,9.7165991902834,1.3700000000000045,26.92000000000001,0.4048582995951417,0.2483550000000001
2026-08-26,2026-08-25,2026-08-26,2026-08-26,2026-08-25,2026-08-25,2026-08-25,2026-08-25,2107.0627,56.71232876712329,0.7005648272992846,87.95518207282913,697.0187999999999,44.657534246575345,未知,57.299999999999955,92.06349206349206,90.07936507936508,6.8500000000000005,9.274193548387096,1.1699999999999822,27.0,0.8064516129032258,0.1883550000000001
2026-08-27,2026-08-26,2026-08-27,2026-08-27,2026-08-26,2026-08-26,2026-08-26,2026-08-26,2051.0275,55.89041095890411,0.549250815597068,76.47058823529412,697.0187999999999,44.93150684931507,未知,78.02999999999996,95.23809523809523,95.63492063492063,6.389999999999985,6.451612903225806,0.37999999999998035,27.01,1.2096774193548387,0.19835500000000011
2026-08-28,2026-08-27,2026-08-28,2026-08-28,2026-08-27,2026-08-27,2026-08-27,2026-08-27,1864.2016,49.86301369863014,0.5255118563401449,72.82913165266106,503.9512,29.863013698630137,未知,60.50999999999996,92.06349206349206,91.66666666666666,6.319999999999992,5.64516129032258,-0.5700000000000038,27.449999999999996,2.82258064516129,0.2183550000000001
2026-08-31,2026-08-30,2026-08-31,2026-08-31,2026-08-30,2026-08-28,2026-08-28,2026-08-28,1560.2557,41.369863013698634,0.3261775163925946,35.294117647058826,436.0105,27.123287671232877,未知,49.479999999999954,84.12698412698413,84.52380952380952,6.749999999999989,9.67741935483871,-0.0700000000000145,27.739999999999988,3.6290322580645165,0.2683550000000001
2026-09-01,2026-08-31,2026-09-01,2026-09-01,2026-08-31,2026-08-31,2026-08-31,2026-08-31,1461.3145,36.43835616438356,0.3119457736762262,31.932773109243694,491.0745000000001,29.863013698630137,未知,50.51999999999995,84.12698412698413,85.71428571428571,7.500000000000018,14.979757085020243,0.5200000000000093,27.83,4.048582995951417,0.1970130000000001
2026-09-02,2026-09-01,2026-09-02,2026-09-02,2026-09-01,2026-09-01,2026-09-01,2026-09-01,1314.6613,31.780821917808222,0.2897094496916422,28.291316526610643,491.0745000000001,29.863013698630137,未知,40.85999999999996,77.77777777777779,80.55555555555556,7.469999999999999,14.919354838709678,0.6199999999999983,27.560000000000006,3.225806451612903,0.2570130000000001
2026-09-03,2026-09-02,2026-09-03,2026-09-03,2026-09-02,2026-09-02,2026-09-02,2026-09-02,1314.6613,32.054794520547944,0.34986157480452007,41.73669467787115,491.0745000000001,30.136986301369863,未知,42.899999999999956,77.77777777777779,81.34920634920636,7.200000000000006,13.306451612903224,0.8100000000000218,27.560000000000006,3.6290322580645165,0.2970130000000001
2026-09-04,2026-09-03,2026-09-04,2026-09-04,2026-09-03,2026-09-03,2026-09-03,2026-09-03,1222.1379,30.136986301369863,0.2899401938902165,28.57142857142857,649.6745000000001,42.19178082191781,未知,23.519999999999953,61.904761904761905,63.888888888888886,7.430000000000003,15.32258064516129,1.110000000000011,27.309999999999988,2.82258064516129,0.3870130000000001
2026-09-07,2026-09-06,2026-09-07,2026-09-07,2026-09-06,2026-09-04,2026-09-04,2026-09-04,1524.5209,40.273972602739725,0.29444997508363513,29.971988795518207,813.8750000000001,53.42465753424658,未知,19.589999999999954,58.730158730158735,61.50793650793651,7.4100000000000055,15.32258064516129,0.6600000000000161,27.449999999999996,3.6290322580645165,0.4470130000000001
2026-09-08,2026-09-07,2026-09-08,2026-09-08,2026-09-07,2026-09-07,2026-09-07,2026-09-07,1140.9471,25.205479452054796,0.1607885577388253,11.76470588235294,521.0998000000001,34.24657534246575,未知,23.639999999999954,65.07936507936508,65.07936507936508,7.200000000000006,13.765182186234817,-0.30000000000001137,27.180000000000003,2.834008097165992,0.7083550000000001
2026-09-09,2026-09-08,2026-09-09,2026-09-09,2026-09-08,2026-09-08,2026-09-08,2026-09-08,1140.9471,25.47945205479452,0.1607885577388253,12.044817927170868,521.0998000000001,34.52054794520548,未知,39.84999999999995,76.19047619047619,78.96825396825396,7.109999999999994,12.903225806451612,-0.36000000000000476,27.01,1.6129032258064515,0.9083550000000001
2026-09-10,2026-09-09,2026-09-10,2026-09-10,2026-09-09,2026-09-09,2026-09-09,2026-09-09,1258.9494,31.232876712328768,0.1657679418354717,13.165266106442578,623.2298000000001,41.369863013698634,未知,33.659999999999954,73.01587301587301,73.80952380952381,7.230000000000003,14.919354838709678,0.029999999999996696,26.990000000000002,0.8064516129032258,1.0583550000000002
2026-09-11,2026-09-10,2026-09-11,2026-09-11,2026-09-10,2026-09-10,2026-09-10,2026-09-10,1503.939,40.273972602739725,0.20631186263133194,15.126050420168067,596.8545,39.45205479452055,未知,35.439999999999955,76.19047619047619,74.20634920634922,7.499999999999996,17.741935483870968,0.06999999999999229,26.969999999999985,0.8064516129032258,0.9983550000000001
2026-09-14,2026-09-13,2026-09-14,2026-09-14,2026-09-13,2026-09-11,2026-09-11,2026-09-11,2029.1137,58.35616438356165,0.3613857571089136,44.81792717086835,928.9127,60.0,未知,35.68999999999996,77.77777777777779,75.0,6.489999999999996,7.258064516129033,-0.9200000000000097,26.979999999999983,1.2096774193548387,1.148355
2026-09-15,2026-09-14,2026-09-15,2026-09-15,2026-09-14,2026-09-14,2026-09-14,2026-09-14,2076.3737,59.178082191780824,0.37344355705213045,47.33893557422969,1136.8927,70.95890410958904,未知,27.41999999999996,69.84126984126983,65.87301587301587,6.789999999999985,10.526315789473683,-0.41000000000002146,27.169999999999984,4.4534412955465585,0.9683550000000002
2026-09-16,2026-09-15,2026-09-16,2026-09-16,2026-09-15,2026-09-15,2026-09-15,2026-09-15,2964.8042,80.27397260273973,0.4597661888783449,62.18487394957983,1521.8226,85.75342465753425,未知,14.089999999999963,52.38095238095239,51.587301587301596,7.009999999999983,12.5,-0.10000000000001119,27.159999999999982,4.435483870967742,0.9183550000000001
2026-09-17,2026-09-16,2026-09-17,2026-09-17,2026-09-16,2026-09-16,2026-09-16,2026-09-16,3864.0719,93.42465753424658,0.5798364660501337,78.43137254901961,2136.9326,95.06849315068493,未知,1.87999999999996,26.984126984126984,37.698412698412696,6.960000000000011,12.096774193548388,-0.26999999999999247,26.790000000000003,0.4032258064516129,0.9783550000000001
2026-09-18,2026-09-17,2026-09-18,2026-09-18,2026-09-17,2026-09-17,2026-09-17,2026-09-17,3754.4286,92.32876712328768,0.5728079179930345,77.59103641456583,2088.5579,94.79452054794521,未知,-4.080000000000041,15.873015873015872,31.746031746031743,6.910000000000016,12.096774193548388,-0.5899999999999794,26.780000000000005,0.4032258064516129,1.0983550000000002
2026-09-21,2026-09-20,2026-09-21,2026-09-21,2026-09-20,2026-09-18,2026-09-20,2026-09-18,2803.4868,74.24657534246575,0.5003111277071269,66.1064425770308,1490.9899,84.10958904109589,未知,-13.020000000000044,7.936507936507936,23.809523809523807,7.079999999999997,14.5748987854251,0.29000000000001247,26.50999999999999,0.0,0.9583550000000001
